 0(1) DEBUG: <core> [core/cfg.y:1964]: yyparse(): loading module tm.so
 0(1) DEBUG: <core> [core/sr_module.c:516]: ksr_locate_module(): found module to load </usr/lib/x86_64-linux-gnu/kamailio/modules/tm.so>
 0(1) DEBUG: <core> [core/sr_module.c:566]: load_module(): trying to load </usr/lib/x86_64-linux-gnu/kamailio/modules/tm.so>
 0(1) DEBUG: <core> [core/kemi.c:3376]: sr_kemi_modules_add(): adding core module
 0(1) DEBUG: <core> [core/kemi.c:3380]: sr_kemi_modules_add(): adding pv module
 0(1) DEBUG: <core> [core/kemi.c:3384]: sr_kemi_modules_add(): adding hdr module
 0(1) DEBUG: <core> [core/kemi.c:3398]: sr_kemi_modules_add(): adding module: tm
 0(1) DEBUG: <core> [core/cfg.lex:2039]: pp_define(): defining id: MOD_tm
 0(1) DEBUG: <core> [core/cfg.y:1964]: yyparse(): loading module tmx.so
 0(1) DEBUG: <core> [core/sr_module.c:516]: ksr_locate_module(): found module to load </usr/lib/x86_64-linux-gnu/kamailio/modules/tmx.so>
 0(1) DEBUG: <core> [core/sr_module.c:566]: load_module(): trying to load </usr/lib/x86_64-linux-gnu/kamailio/modules/tmx.so>
 0(1) DEBUG: <core> [core/kemi.c:3398]: sr_kemi_modules_add(): adding module: tmx
 0(1) DEBUG: <core> [core/sr_module.c:291]: register_module(): register PV from: tmx
 0(1) DEBUG: <core> [core/cfg.lex:2039]: pp_define(): defining id: MOD_tmx
 0(1) DEBUG: <core> [core/cfg.y:1964]: yyparse(): loading module sl.so
 0(1) DEBUG: <core> [core/sr_module.c:516]: ksr_locate_module(): found module to load </usr/lib/x86_64-linux-gnu/kamailio/modules/sl.so>
 0(1) DEBUG: <core> [core/sr_module.c:566]: load_module(): trying to load </usr/lib/x86_64-linux-gnu/kamailio/modules/sl.so>
 0(1) DEBUG: <core> [core/kemi.c:3398]: sr_kemi_modules_add(): adding module: sl
 0(1) DEBUG: <core> [core/sr_module.c:291]: register_module(): register PV from: sl
 0(1) DEBUG: <core> [core/cfg.lex:2039]: pp_define(): defining id: MOD_sl
 0(1) DEBUG: <core> [core/cfg.y:1964]: yyparse(): loading module rr.so
 0(1) DEBUG: <core> [core/sr_module.c:516]: ksr_locate_module(): found module to load </usr/lib/x86_64-linux-gnu/kamailio/modules/rr.so>
 0(1) DEBUG: <core> [core/sr_module.c:566]: load_module(): trying to load </usr/lib/x86_64-linux-gnu/kamailio/modules/rr.so>
 0(1) DEBUG: <core> [core/kemi.c:3398]: sr_kemi_modules_add(): adding module: rr
 0(1) DEBUG: <core> [core/sr_module.c:291]: register_module(): register PV from: rr
 0(1) DEBUG: <core> [core/cfg.lex:2039]: pp_define(): defining id: MOD_rr
 0(1) DEBUG: <core> [core/cfg.y:1964]: yyparse(): loading module pv.so
 0(1) DEBUG: <core> [core/sr_module.c:516]: ksr_locate_module(): found module to load </usr/lib/x86_64-linux-gnu/kamailio/modules/pv.so>
 0(1) DEBUG: <core> [core/sr_module.c:566]: load_module(): trying to load </usr/lib/x86_64-linux-gnu/kamailio/modules/pv.so>
 0(1) DEBUG: <core> [core/kemi.c:3398]: sr_kemi_modules_add(): adding module: pvx
 0(1) DEBUG: <core> [core/sr_module.c:291]: register_module(): register PV from: pv
 0(1) DEBUG: <core> [core/cfg.lex:2039]: pp_define(): defining id: MOD_pv
 0(1) DEBUG: <core> [core/cfg.y:1964]: yyparse(): loading module maxfwd.so
 0(1) DEBUG: <core> [core/sr_module.c:516]: ksr_locate_module(): found module to load </usr/lib/x86_64-linux-gnu/kamailio/modules/maxfwd.so>
 0(1) DEBUG: <core> [core/sr_module.c:566]: load_module(): trying to load </usr/lib/x86_64-linux-gnu/kamailio/modules/maxfwd.so>
 0(1) DEBUG: <core> [core/kemi.c:3398]: sr_kemi_modules_add(): adding module: maxfwd
 0(1) DEBUG: <core> [core/cfg.lex:2039]: pp_define(): defining id: MOD_maxfwd
 0(1) DEBUG: <core> [core/cfg.y:1964]: yyparse(): loading module usrloc.so
 0(1) DEBUG: <core> [core/sr_module.c:516]: ksr_locate_module(): found module to load </usr/lib/x86_64-linux-gnu/kamailio/modules/usrloc.so>
 0(1) DEBUG: <core> [core/sr_module.c:566]: load_module(): trying to load </usr/lib/x86_64-linux-gnu/kamailio/modules/usrloc.so>
 0(1) DEBUG: <core> [core/cfg.lex:2039]: pp_define(): defining id: MOD_usrloc
 0(1) DEBUG: <core> [core/cfg.y:1964]: yyparse(): loading module registrar.so
 0(1) DEBUG: <core> [core/sr_module.c:516]: ksr_locate_module(): found module to load </usr/lib/x86_64-linux-gnu/kamailio/modules/registrar.so>
 0(1) DEBUG: <core> [core/sr_module.c:566]: load_module(): trying to load </usr/lib/x86_64-linux-gnu/kamailio/modules/registrar.so>
 0(1) DEBUG: <core> [core/kemi.c:3398]: sr_kemi_modules_add(): adding module: registrar
 0(1) DEBUG: <core> [core/sr_module.c:291]: register_module(): register PV from: registrar
 0(1) DEBUG: <core> [core/cfg.lex:2039]: pp_define(): defining id: MOD_registrar
 0(1) DEBUG: <core> [core/cfg.y:1964]: yyparse(): loading module textops.so
 0(1) DEBUG: <core> [core/sr_module.c:516]: ksr_locate_module(): found module to load </usr/lib/x86_64-linux-gnu/kamailio/modules/textops.so>
 0(1) DEBUG: <core> [core/sr_module.c:566]: load_module(): trying to load </usr/lib/x86_64-linux-gnu/kamailio/modules/textops.so>
 0(1) DEBUG: <core> [core/kemi.c:3398]: sr_kemi_modules_add(): adding module: textops
 0(1) DEBUG: <core> [core/cfg.lex:2039]: pp_define(): defining id: MOD_textops
 0(1) DEBUG: <core> [core/cfg.y:1964]: yyparse(): loading module siputils.so
 0(1) DEBUG: <core> [core/sr_module.c:516]: ksr_locate_module(): found module to load </usr/lib/x86_64-linux-gnu/kamailio/modules/siputils.so>
 0(1) DEBUG: <core> [core/sr_module.c:566]: load_module(): trying to load </usr/lib/x86_64-linux-gnu/kamailio/modules/siputils.so>
 0(1) DEBUG: <core> [core/kemi.c:3398]: sr_kemi_modules_add(): adding module: siputils
 0(1) DEBUG: <core> [core/sr_module.c:291]: register_module(): register PV from: siputils
 0(1) DEBUG: <core> [core/cfg.lex:2039]: pp_define(): defining id: MOD_siputils
 0(1) DEBUG: <core> [core/cfg.y:1964]: yyparse(): loading module xlog.so
 0(1) DEBUG: <core> [core/sr_module.c:516]: ksr_locate_module(): found module to load </usr/lib/x86_64-linux-gnu/kamailio/modules/xlog.so>
 0(1) DEBUG: <core> [core/sr_module.c:566]: load_module(): trying to load </usr/lib/x86_64-linux-gnu/kamailio/modules/xlog.so>
 0(1) DEBUG: <core> [core/kemi.c:3398]: sr_kemi_modules_add(): adding module: xlog
 0(1) DEBUG: <core> [core/sr_module.c:291]: register_module(): register PV from: xlog
 0(1) DEBUG: <core> [core/cfg.lex:2039]: pp_define(): defining id: MOD_xlog
 0(1) DEBUG: <core> [core/cfg.y:1964]: yyparse(): loading module sanity.so
 0(1) DEBUG: <core> [core/sr_module.c:516]: ksr_locate_module(): found module to load </usr/lib/x86_64-linux-gnu/kamailio/modules/sanity.so>
 0(1) DEBUG: <core> [core/sr_module.c:566]: load_module(): trying to load </usr/lib/x86_64-linux-gnu/kamailio/modules/sanity.so>
 0(1) DEBUG: <core> [core/kemi.c:3398]: sr_kemi_modules_add(): adding module: sanity
 0(1) DEBUG: <core> [core/cfg.lex:2039]: pp_define(): defining id: MOD_sanity
 0(1) DEBUG: <core> [core/cfg.y:1964]: yyparse(): loading module ctl.so
 0(1) DEBUG: <core> [core/sr_module.c:516]: ksr_locate_module(): found module to load </usr/lib/x86_64-linux-gnu/kamailio/modules/ctl.so>
 0(1) DEBUG: <core> [core/sr_module.c:566]: load_module(): trying to load </usr/lib/x86_64-linux-gnu/kamailio/modules/ctl.so>
 0(1) DEBUG: <core> [core/cfg.lex:2039]: pp_define(): defining id: MOD_ctl
 0(1) DEBUG: <core> [core/cfg.y:1964]: yyparse(): loading module rtpengine.so
 0(1) DEBUG: <core> [core/sr_module.c:516]: ksr_locate_module(): found module to load </usr/lib/x86_64-linux-gnu/kamailio/modules/rtpengine.so>
 0(1) DEBUG: <core> [core/sr_module.c:566]: load_module(): trying to load </usr/lib/x86_64-linux-gnu/kamailio/modules/rtpengine.so>
 0(1) DEBUG: <core> [core/kemi.c:3398]: sr_kemi_modules_add(): adding module: rtpengine
 0(1) DEBUG: <core> [core/sr_module.c:291]: register_module(): register PV from: rtpengine
 0(1) DEBUG: <core> [core/cfg.lex:2039]: pp_define(): defining id: MOD_rtpengine
 0(1) DEBUG: <core> [core/cfg.y:1964]: yyparse(): loading module nathelper.so
 0(1) DEBUG: <core> [core/sr_module.c:516]: ksr_locate_module(): found module to load </usr/lib/x86_64-linux-gnu/kamailio/modules/nathelper.so>
 0(1) DEBUG: <core> [core/sr_module.c:566]: load_module(): trying to load </usr/lib/x86_64-linux-gnu/kamailio/modules/nathelper.so>
 0(1) DEBUG: <core> [core/kemi.c:3398]: sr_kemi_modules_add(): adding module: nathelper
 0(1) DEBUG: <core> [core/sr_module.c:291]: register_module(): register PV from: nathelper
 0(1) DEBUG: <core> [core/cfg.lex:2039]: pp_define(): defining id: MOD_nathelper
 0(1) DEBUG: <core> [core/mem/shm.c:100]: shm_core_pools_init(): preparing to initialize shm core pools
 0(1) DEBUG: <core> [core/mem/q_malloc.c:199]: qm_malloc_init(): QM_OPTIMIZE=16384, /ROUNDTO=2048
 0(1) DEBUG: <core> [core/mem/q_malloc.c:201]: qm_malloc_init(): QM_HASH_SIZE=2099, qm_block size=235152
 0(1) DEBUG: <core> [core/mem/q_malloc.c:203]: qm_malloc_init(): qm_malloc_init(0x724596ce0000, 67108864), start=0x724596ce0000
 0(1) DEBUG: <core> [core/mem/q_malloc.c:212]: qm_malloc_init(): size= 67108864, init_overhead=235256
 0(1) DEBUG: <core> [core/modparam.c:112]: set_mod_param_regex(): 'rr' matches module 'rr'
 0(1) DEBUG: <core> [core/sr_module.c:814]: find_param_export(): found <enable_full_lr> in module rr [/usr/lib/x86_64-linux-gnu/kamailio/modules/rr.so]
 0(1) DEBUG: <core> [core/modparam.c:128]: set_mod_param_regex(): found <enable_full_lr> in module rr [/usr/lib/x86_64-linux-gnu/kamailio/modules/rr.so]
 0(1) DEBUG: <core> [core/modparam.c:112]: set_mod_param_regex(): 'rr' matches module 'rr'
 0(1) DEBUG: <core> [core/sr_module.c:814]: find_param_export(): found <append_fromtag> in module rr [/usr/lib/x86_64-linux-gnu/kamailio/modules/rr.so]
 0(1) DEBUG: <core> [core/modparam.c:128]: set_mod_param_regex(): found <append_fromtag> in module rr [/usr/lib/x86_64-linux-gnu/kamailio/modules/rr.so]
 0(1) DEBUG: <core> [core/modparam.c:112]: set_mod_param_regex(): 'usrloc' matches module 'usrloc'
 0(1) DEBUG: <core> [core/sr_module.c:814]: find_param_export(): found <db_mode> in module usrloc [/usr/lib/x86_64-linux-gnu/kamailio/modules/usrloc.so]
 0(1) DEBUG: <core> [core/modparam.c:128]: set_mod_param_regex(): found <db_mode> in module usrloc [/usr/lib/x86_64-linux-gnu/kamailio/modules/usrloc.so]
 0(1) DEBUG: <core> [core/modparam.c:112]: set_mod_param_regex(): 'registrar' matches module 'registrar'
 0(1) DEBUG: <core> [core/sr_module.c:814]: find_param_export(): found <method_filtering> in module registrar [/usr/lib/x86_64-linux-gnu/kamailio/modules/registrar.so]
 0(1) DEBUG: <core> [core/modparam.c:128]: set_mod_param_regex(): found <method_filtering> in module registrar [/usr/lib/x86_64-linux-gnu/kamailio/modules/registrar.so]
 0(1) DEBUG: <core> [core/modparam.c:112]: set_mod_param_regex(): 'registrar' matches module 'registrar'
 0(1) DEBUG: <core> [core/sr_module.c:814]: find_param_export(): found <max_expires> in module registrar [/usr/lib/x86_64-linux-gnu/kamailio/modules/registrar.so]
 0(1) DEBUG: <core> [core/modparam.c:128]: set_mod_param_regex(): found <max_expires> in module registrar [/usr/lib/x86_64-linux-gnu/kamailio/modules/registrar.so]
 0(1) DEBUG: <core> [core/modparam.c:112]: set_mod_param_regex(): 'registrar' matches module 'registrar'
 0(1) DEBUG: <core> [core/sr_module.c:814]: find_param_export(): found <gruu_enabled> in module registrar [/usr/lib/x86_64-linux-gnu/kamailio/modules/registrar.so]
 0(1) DEBUG: <core> [core/modparam.c:128]: set_mod_param_regex(): found <gruu_enabled> in module registrar [/usr/lib/x86_64-linux-gnu/kamailio/modules/registrar.so]
 0(1) DEBUG: <core> [core/modparam.c:112]: set_mod_param_regex(): 'registrar' matches module 'registrar'
 0(1) DEBUG: <core> [core/sr_module.c:814]: find_param_export(): found <received_avp> in module registrar [/usr/lib/x86_64-linux-gnu/kamailio/modules/registrar.so]
 0(1) DEBUG: <core> [core/modparam.c:128]: set_mod_param_regex(): found <received_avp> in module registrar [/usr/lib/x86_64-linux-gnu/kamailio/modules/registrar.so]
 0(1) DEBUG: <core> [core/modparam.c:112]: set_mod_param_regex(): 'nathelper' matches module 'nathelper'
 0(1) DEBUG: <core> [core/sr_module.c:814]: find_param_export(): found <received_avp> in module nathelper [/usr/lib/x86_64-linux-gnu/kamailio/modules/nathelper.so]
 0(1) DEBUG: <core> [core/modparam.c:128]: set_mod_param_regex(): found <received_avp> in module nathelper [/usr/lib/x86_64-linux-gnu/kamailio/modules/nathelper.so]
 0(1) DEBUG: <core> [core/modparam.c:112]: set_mod_param_regex(): 'rtpengine' matches module 'rtpengine'
 0(1) DEBUG: <core> [core/sr_module.c:814]: find_param_export(): found <rtpengine_sock> in module rtpengine [/usr/lib/x86_64-linux-gnu/kamailio/modules/rtpengine.so]
 0(1) DEBUG: <core> [core/modparam.c:128]: set_mod_param_regex(): found <rtpengine_sock> in module rtpengine [/usr/lib/x86_64-linux-gnu/kamailio/modules/rtpengine.so]
 0(1) DEBUG: <core> [core/modparam.c:112]: set_mod_param_regex(): 'rtpengine' matches module 'rtpengine'
 0(1) DEBUG: <core> [core/sr_module.c:814]: find_param_export(): found <rtpengine_tout_ms> in module rtpengine [/usr/lib/x86_64-linux-gnu/kamailio/modules/rtpengine.so]
 0(1) DEBUG: <core> [core/modparam.c:128]: set_mod_param_regex(): found <rtpengine_tout_ms> in module rtpengine [/usr/lib/x86_64-linux-gnu/kamailio/modules/rtpengine.so]
 0(1) DEBUG: <core> [core/modparam.c:112]: set_mod_param_regex(): 'nathelper' matches module 'nathelper'
 0(1) DEBUG: <core> [core/sr_module.c:814]: find_param_export(): found <natping_interval> in module nathelper [/usr/lib/x86_64-linux-gnu/kamailio/modules/nathelper.so]
 0(1) DEBUG: <core> [core/modparam.c:128]: set_mod_param_regex(): found <natping_interval> in module nathelper [/usr/lib/x86_64-linux-gnu/kamailio/modules/nathelper.so]
 0(1) DEBUG: <core> [core/modparam.c:112]: set_mod_param_regex(): 'nathelper' matches module 'nathelper'
 0(1) DEBUG: <core> [core/sr_module.c:814]: find_param_export(): found <sipping_bflag> in module nathelper [/usr/lib/x86_64-linux-gnu/kamailio/modules/nathelper.so]
 0(1) DEBUG: <core> [core/modparam.c:128]: set_mod_param_regex(): found <sipping_bflag> in module nathelper [/usr/lib/x86_64-linux-gnu/kamailio/modules/nathelper.so]
 0(1) DEBUG: <core> [core/route_struct.c:128]: mk_action(): ACTION type5, i/count 0/1: type 1(1)/ data 0x72459b28b358
 0(1) DEBUG: <core> [core/route_struct.c:128]: mk_action(): ACTION type24, i/count 0/2: type 9(9)/ data (nil)
 0(1) DEBUG: <core> [core/route_struct.c:128]: mk_action(): ACTION type24, i/count 1/2: type 3(3)/ data (nil)
 0(1) DEBUG: <core> [core/sr_module.c:722]: find_mod_export_record(): found export of <is_method> in module textops [/usr/lib/x86_64-linux-gnu/kamailio/modules/textops.so]
 0(1) DEBUG: <core> [core/route_struct.c:128]: mk_action(): ACTION type24, i/count 0/2: type 9(9)/ data (nil)
 0(1) DEBUG: <core> [core/route_struct.c:128]: mk_action(): ACTION type24, i/count 1/2: type 3(3)/ data (nil)
 0(1) DEBUG: <core> [core/sr_module.c:722]: find_mod_export_record(): found export of <t_check_trans> in module tm [/usr/lib/x86_64-linux-gnu/kamailio/modules/tm.so]
 0(1) DEBUG: <core> [core/route_struct.c:128]: mk_action(): ACTION type24, i/count 0/2: type 9(9)/ data (nil)
 0(1) DEBUG: <core> [core/route_struct.c:128]: mk_action(): ACTION type24, i/count 1/2: type 3(3)/ data (nil)
 0(1) DEBUG: <core> [core/sr_module.c:722]: find_mod_export_record(): found export of <t_relay> in module tm [/usr/lib/x86_64-linux-gnu/kamailio/modules/tm.so]
 0(1) DEBUG: <core> [core/route_struct.c:128]: mk_action(): ACTION type16, i/count 0/3: type 22(16)/ data 0x72459b28c288
 0(1) DEBUG: <core> [core/route_struct.c:128]: mk_action(): ACTION type16, i/count 1/3: type 8(8)/ data 0x72459b28caa0
 0(1) DEBUG: <core> [core/route_struct.c:128]: mk_action(): ACTION type16, i/count 2/3: type 0(0)/ data (nil)
 0(1) DEBUG: <core> [core/route_struct.c:128]: mk_action(): ACTION type2, i/count 0/2: type 3(3)/ data 0x1
 0(1) DEBUG: <core> [core/route_struct.c:128]: mk_action(): ACTION type2, i/count 1/2: type 3(3)/ data 0x1
 0(1) DEBUG: <core> [core/route_struct.c:128]: mk_action(): ACTION type16, i/count 0/3: type 22(16)/ data 0x72459b28b8b0
 0(1) DEBUG: <core> [core/route_struct.c:128]: mk_action(): ACTION type16, i/count 1/3: type 8(8)/ data 0x72459b28cbf0
 0(1) DEBUG: <core> [core/route_struct.c:128]: mk_action(): ACTION type16, i/count 2/3: type 0(0)/ data (nil)
 0(1) DEBUG: <core> [core/route_struct.c:128]: mk_action(): ACTION type24, i/count 0/2: type 9(9)/ data (nil)
 0(1) DEBUG: <core> [core/route_struct.c:128]: mk_action(): ACTION type24, i/count 1/2: type 3(3)/ data (nil)
 0(1) DEBUG: <core> [core/sr_module.c:722]: find_mod_export_record(): found export of <is_method> in module textops [/usr/lib/x86_64-linux-gnu/kamailio/modules/textops.so]
 0(1) DEBUG: <core> [core/route_struct.c:128]: mk_action(): ACTION type24, i/count 0/2: type 9(9)/ data (nil)
 0(1) DEBUG: <core> [core/route_struct.c:128]: mk_action(): ACTION type24, i/count 1/2: type 3(3)/ data (nil)
 0(1) DEBUG: <core> [core/sr_module.c:722]: find_mod_export_record(): found export of <t_precheck_trans> in module tmx [/usr/lib/x86_64-linux-gnu/kamailio/modules/tmx.so]
 0(1) DEBUG: <core> [core/route_struct.c:128]: mk_action(): ACTION type24, i/count 0/2: type 9(9)/ data (nil)
 0(1) DEBUG: <core> [core/route_struct.c:128]: mk_action(): ACTION type24, i/count 1/2: type 3(3)/ data (nil)
 0(1) DEBUG: <core> [core/sr_module.c:722]: find_mod_export_record(): found export of <t_check_trans> in module tm [/usr/lib/x86_64-linux-gnu/kamailio/modules/tm.so]
 0(1) DEBUG: <core> [core/route_struct.c:128]: mk_action(): ACTION type2, i/count 0/2: type 3(3)/ data 0x1
 0(1) DEBUG: <core> [core/route_struct.c:128]: mk_action(): ACTION type2, i/count 1/2: type 3(3)/ data 0x1
 0(1) DEBUG: <core> [core/route_struct.c:128]: mk_action(): ACTION type16, i/count 0/3: type 22(16)/ data 0x72459b28e408
 0(1) DEBUG: <core> [core/route_struct.c:128]: mk_action(): ACTION type16, i/count 1/3: type 8(8)/ data 0x72459b28ec20
 0(1) DEBUG: <core> [core/route_struct.c:128]: mk_action(): ACTION type16, i/count 2/3: type 0(0)/ data (nil)
 0(1) DEBUG: <core> [core/route_struct.c:128]: mk_action(): ACTION type24, i/count 0/2: type 9(9)/ data (nil)
 0(1) DEBUG: <core> [core/route_struct.c:128]: mk_action(): ACTION type24, i/count 1/2: type 3(3)/ data (nil)
 0(1) DEBUG: <core> [core/sr_module.c:722]: find_mod_export_record(): found export of <t_check_trans> in module tm [/usr/lib/x86_64-linux-gnu/kamailio/modules/tm.so]
 0(1) DEBUG: <core> [core/route_struct.c:128]: mk_action(): ACTION type16, i/count 0/3: type 22(16)/ data 0x72459b28daa0
 0(1) DEBUG: <core> [core/route_struct.c:128]: mk_action(): ACTION type16, i/count 1/3: type 8(8)/ data 0x72459b28efa8
 0(1) DEBUG: <core> [core/route_struct.c:128]: mk_action(): ACTION type16, i/count 2/3: type 0(0)/ data (nil)
 0(1) DEBUG: <core> [core/route_struct.c:128]: mk_action(): ACTION type24, i/count 0/2: type 9(9)/ data (nil)
 0(1) DEBUG: <core> [core/route_struct.c:128]: mk_action(): ACTION type24, i/count 1/2: type 3(3)/ data (nil)
 0(1) DEBUG: <core> [core/sr_module.c:722]: find_mod_export_record(): found export of <is_method> in module textops [/usr/lib/x86_64-linux-gnu/kamailio/modules/textops.so]
 0(1) DEBUG: <core> [core/route_struct.c:128]: mk_action(): ACTION type24, i/count 0/2: type 9(9)/ data (nil)
 0(1) DEBUG: <core> [core/route_struct.c:128]: mk_action(): ACTION type24, i/count 1/2: type 3(3)/ data (nil)
 0(1) DEBUG: <core> [core/sr_module.c:722]: find_mod_export_record(): found export of <record_route> in module rr [/usr/lib/x86_64-linux-gnu/kamailio/modules/rr.so]
 0(1) DEBUG: <core> [core/route_struct.c:128]: mk_action(): ACTION type16, i/count 0/3: type 22(16)/ data 0x72459b28fee8
 0(1) DEBUG: <core> [core/route_struct.c:128]: mk_action(): ACTION type16, i/count 1/3: type 8(8)/ data 0x72459b290700
 0(1) DEBUG: <core> [core/route_struct.c:128]: mk_action(): ACTION type16, i/count 2/3: type 0(0)/ data (nil)
 0(1) DEBUG: <core> [core/route_struct.c:128]: mk_action(): ACTION type5, i/count 0/1: type 1(1)/ data 0x72459b2909a0
 0(1) DEBUG: <core> [core/route_struct.c:128]: mk_action(): ACTION type5, i/count 0/1: type 1(1)/ data 0x72459b290bd8
 0(1) DEBUG: <core> [core/route_struct.c:128]: mk_action(): ACTION type5, i/count 0/1: type 1(1)/ data 0x72459b290e10
 0(1) DEBUG: <core> [core/route_struct.c:128]: mk_action(): ACTION type24, i/count 0/2: type 9(9)/ data (nil)
 0(1) DEBUG: <core> [core/route_struct.c:128]: mk_action(): ACTION type24, i/count 1/2: type 3(3)/ data (nil)
 0(1) DEBUG: <core> [core/sr_module.c:722]: find_mod_export_record(): found export of <sanity_check> in module sanity [/usr/lib/x86_64-linux-gnu/kamailio/modules/sanity.so]
 0(1) DEBUG: <core> [core/route_struct.c:128]: mk_action(): ACTION type24, i/count 0/2: type 9(9)/ data (nil)
 0(1) DEBUG: <core> [core/route_struct.c:128]: mk_action(): ACTION type24, i/count 1/2: type 3(3)/ data (nil)
 0(1) DEBUG: <core> [core/sr_module.c:722]: find_mod_export_record(): found export of <xlog> in module xlog [/usr/lib/x86_64-linux-gnu/kamailio/modules/xlog.so]
 0(1) DEBUG: <core> [core/route_struct.c:128]: mk_action(): ACTION type2, i/count 0/2: type 3(3)/ data 0x1
 0(1) DEBUG: <core> [core/route_struct.c:128]: mk_action(): ACTION type2, i/count 1/2: type 3(3)/ data 0x1
 0(1) DEBUG: <core> [core/route_struct.c:128]: mk_action(): ACTION type16, i/count 0/3: type 22(16)/ data 0x72459b292b38
 0(1) DEBUG: <core> [core/route_struct.c:128]: mk_action(): ACTION type16, i/count 1/3: type 8(8)/ data 0x72459b293350
 0(1) DEBUG: <core> [core/route_struct.c:128]: mk_action(): ACTION type16, i/count 2/3: type 0(0)/ data (nil)
 0(1) DEBUG: <core> [core/route_struct.c:128]: mk_action(): ACTION type24, i/count 0/2: type 9(9)/ data (nil)
 0(1) DEBUG: <core> [core/route_struct.c:128]: mk_action(): ACTION type24, i/count 1/2: type 3(3)/ data (nil)
 0(1) DEBUG: <core> [core/sr_module.c:722]: find_mod_export_record(): found export of <mf_process_maxfwd_header> in module maxfwd [/usr/lib/x86_64-linux-gnu/kamailio/modules/maxfwd.so]
 0(1) DEBUG: <core> [core/route_struct.c:128]: mk_action(): ACTION type24, i/count 0/2: type 9(9)/ data (nil)
 0(1) DEBUG: <core> [core/route_struct.c:128]: mk_action(): ACTION type24, i/count 1/2: type 3(3)/ data (nil)
 0(1) DEBUG: <core> [core/sr_module.c:722]: find_mod_export_record(): found export of <sl_send_reply> in module sl [/usr/lib/x86_64-linux-gnu/kamailio/modules/sl.so]
 0(1) DEBUG: <core> [core/route_struct.c:128]: mk_action(): ACTION type2, i/count 0/2: type 3(3)/ data 0x1
 0(1) DEBUG: <core> [core/route_struct.c:128]: mk_action(): ACTION type2, i/count 1/2: type 3(3)/ data 0x1
 0(1) DEBUG: <core> [core/route_struct.c:128]: mk_action(): ACTION type16, i/count 0/3: type 22(16)/ data 0x72459b294c38
 0(1) DEBUG: <core> [core/route_struct.c:128]: mk_action(): ACTION type16, i/count 1/3: type 8(8)/ data 0x72459b295368
 0(1) DEBUG: <core> [core/route_struct.c:128]: mk_action(): ACTION type16, i/count 2/3: type 0(0)/ data (nil)
 0(1) DEBUG: <core> [core/route.c:132]: route_add(): mapping routing block (0x5c44aa4890c0)[REQINIT] to 1
 0(1) DEBUG: <core> [core/route_struct.c:128]: mk_action(): ACTION type24, i/count 0/2: type 9(9)/ data (nil)
 0(1) DEBUG: <core> [core/route_struct.c:128]: mk_action(): ACTION type24, i/count 1/2: type 3(3)/ data (nil)
 0(1) DEBUG: <core> [core/sr_module.c:722]: find_mod_export_record(): found export of <has_totag> in module siputils [/usr/lib/x86_64-linux-gnu/kamailio/modules/siputils.so]
 0(1) DEBUG: <core> [core/route_struct.c:128]: mk_action(): ACTION type2, i/count 0/2: type 3(3)/ data 0x1
 0(1) DEBUG: <core> [core/route_struct.c:128]: mk_action(): ACTION type2, i/count 1/2: type 3(3)/ data 0x2
 0(1) DEBUG: <core> [core/route_struct.c:128]: mk_action(): ACTION type16, i/count 0/3: type 22(16)/ data 0x72459b296640
 0(1) DEBUG: <core> [core/route_struct.c:128]: mk_action(): ACTION type16, i/count 1/3: type 8(8)/ data 0x72459b296d70
 0(1) DEBUG: <core> [core/route_struct.c:128]: mk_action(): ACTION type16, i/count 2/3: type 0(0)/ data (nil)
 0(1) DEBUG: <core> [core/route_struct.c:128]: mk_action(): ACTION type24, i/count 0/2: type 9(9)/ data (nil)
 0(1) DEBUG: <core> [core/route_struct.c:128]: mk_action(): ACTION type24, i/count 1/2: type 3(3)/ data (nil)
 0(1) DEBUG: <core> [core/sr_module.c:722]: find_mod_export_record(): found export of <loose_route> in module rr [/usr/lib/x86_64-linux-gnu/kamailio/modules/rr.so]
 0(1) DEBUG: <core> [core/route_struct.c:128]: mk_action(): ACTION type5, i/count 0/1: type 1(1)/ data 0x72459b297978
 0(1) DEBUG: <core> [core/route_struct.c:128]: mk_action(): ACTION type2, i/count 0/2: type 3(3)/ data 0x1
 0(1) DEBUG: <core> [core/route_struct.c:128]: mk_action(): ACTION type2, i/count 1/2: type 3(3)/ data 0x1
 0(1) DEBUG: <core> [core/route_struct.c:128]: mk_action(): ACTION type16, i/count 0/3: type 22(16)/ data 0x72459b297248
 0(1) DEBUG: <core> [core/route_struct.c:128]: mk_action(): ACTION type16, i/count 1/3: type 8(8)/ data 0x72459b297a60
 0(1) DEBUG: <core> [core/route_struct.c:128]: mk_action(): ACTION type16, i/count 2/3: type 0(0)/ data (nil)
 0(1) DEBUG: <core> [core/route_struct.c:128]: mk_action(): ACTION type24, i/count 0/2: type 9(9)/ data (nil)
 0(1) DEBUG: <core> [core/route_struct.c:128]: mk_action(): ACTION type24, i/count 1/2: type 3(3)/ data (nil)
 0(1) DEBUG: <core> [core/sr_module.c:722]: find_mod_export_record(): found export of <is_method> in module textops [/usr/lib/x86_64-linux-gnu/kamailio/modules/textops.so]
 0(1) DEBUG: <core> [core/route_struct.c:128]: mk_action(): ACTION type24, i/count 0/2: type 9(9)/ data (nil)
 0(1) DEBUG: <core> [core/route_struct.c:128]: mk_action(): ACTION type24, i/count 1/2: type 3(3)/ data (nil)
 0(1) DEBUG: <core> [core/sr_module.c:722]: find_mod_export_record(): found export of <sl_send_reply> in module sl [/usr/lib/x86_64-linux-gnu/kamailio/modules/sl.so]
 0(1) DEBUG: <core> [core/route_struct.c:128]: mk_action(): ACTION type2, i/count 0/2: type 3(3)/ data 0x1
 0(1) DEBUG: <core> [core/route_struct.c:128]: mk_action(): ACTION type2, i/count 1/2: type 3(3)/ data 0x1
 0(1) DEBUG: <core> [core/route_struct.c:128]: mk_action(): ACTION type16, i/count 0/3: type 22(16)/ data 0x72459b298170
 0(1) DEBUG: <core> [core/route_struct.c:128]: mk_action(): ACTION type16, i/count 1/3: type 8(8)/ data 0x72459b298a98
 0(1) DEBUG: <core> [core/route_struct.c:128]: mk_action(): ACTION type16, i/count 2/3: type 0(0)/ data (nil)
 0(1) DEBUG: <core> [core/route_struct.c:128]: mk_action(): ACTION type24, i/count 0/2: type 9(9)/ data (nil)
 0(1) DEBUG: <core> [core/route_struct.c:128]: mk_action(): ACTION type24, i/count 1/2: type 3(3)/ data (nil)
 0(1) DEBUG: <core> [core/sr_module.c:722]: find_mod_export_record(): found export of <is_method> in module textops [/usr/lib/x86_64-linux-gnu/kamailio/modules/textops.so]
 0(1) DEBUG: <core> [core/route_struct.c:128]: mk_action(): ACTION type2, i/count 0/2: type 3(3)/ data 0x1
 0(1) DEBUG: <core> [core/route_struct.c:128]: mk_action(): ACTION type2, i/count 1/2: type 3(3)/ data 0x1
 0(1) DEBUG: <core> [core/route_struct.c:128]: mk_action(): ACTION type16, i/count 0/3: type 22(16)/ data 0x72459b299558
 0(1) DEBUG: <core> [core/route_struct.c:128]: mk_action(): ACTION type16, i/count 1/3: type 8(8)/ data 0x72459b299d70
 0(1) DEBUG: <core> [core/route_struct.c:128]: mk_action(): ACTION type16, i/count 2/3: type 0(0)/ data (nil)
 0(1) DEBUG: <core> [core/route_struct.c:128]: mk_action(): ACTION type24, i/count 0/2: type 9(9)/ data (nil)
 0(1) DEBUG: <core> [core/route_struct.c:128]: mk_action(): ACTION type24, i/count 1/2: type 3(3)/ data (nil)
 0(1) DEBUG: <core> [core/sr_module.c:722]: find_mod_export_record(): found export of <sl_send_reply> in module sl [/usr/lib/x86_64-linux-gnu/kamailio/modules/sl.so]
 0(1) DEBUG: <core> [core/route_struct.c:128]: mk_action(): ACTION type2, i/count 0/2: type 3(3)/ data 0x1
 0(1) DEBUG: <core> [core/route_struct.c:128]: mk_action(): ACTION type2, i/count 1/2: type 3(3)/ data 0x1
 0(1) DEBUG: <core> [core/route.c:132]: route_add(): mapping routing block (0x5c44aa4890c0)[WITHINDLG] to 2
 0(1) DEBUG: <core> [core/route_struct.c:128]: mk_action(): ACTION type24, i/count 0/2: type 9(9)/ data (nil)
 0(1) DEBUG: <core> [core/route_struct.c:128]: mk_action(): ACTION type24, i/count 1/2: type 3(3)/ data (nil)
 0(1) DEBUG: <core> [core/sr_module.c:722]: find_mod_export_record(): found export of <is_method> in module textops [/usr/lib/x86_64-linux-gnu/kamailio/modules/textops.so]
 0(1) DEBUG: <core> [core/route_struct.c:128]: mk_action(): ACTION type2, i/count 0/2: type 3(3)/ data 0x1
 0(1) DEBUG: <core> [core/route_struct.c:128]: mk_action(): ACTION type2, i/count 1/2: type 3(3)/ data 0x2
 0(1) DEBUG: <core> [core/route_struct.c:128]: mk_action(): ACTION type16, i/count 0/3: type 22(16)/ data 0x72459b29b360
 0(1) DEBUG: <core> [core/route_struct.c:128]: mk_action(): ACTION type16, i/count 1/3: type 8(8)/ data 0x72459b29ba90
 0(1) DEBUG: <core> [core/route_struct.c:128]: mk_action(): ACTION type16, i/count 2/3: type 0(0)/ data (nil)
 0(1) DEBUG: <core> [core/route_struct.c:128]: mk_action(): ACTION type24, i/count 0/2: type 9(9)/ data (nil)
 0(1) DEBUG: <core> [core/route_struct.c:128]: mk_action(): ACTION type24, i/count 1/2: type 3(3)/ data (nil)
 0(1) DEBUG: <core> [core/sr_module.c:722]: find_mod_export_record(): found export of <nat_uac_test> in module nathelper [/usr/lib/x86_64-linux-gnu/kamailio/modules/nathelper.so]
 0(1) DEBUG: <core> [core/route_struct.c:128]: mk_action(): ACTION type24, i/count 0/2: type 9(9)/ data (nil)
 0(1) DEBUG: <core> [core/route_struct.c:128]: mk_action(): ACTION type24, i/count 1/2: type 3(3)/ data (nil)
 0(1) DEBUG: <core> [core/sr_module.c:722]: find_mod_export_record(): found export of <fix_nated_register> in module nathelper [/usr/lib/x86_64-linux-gnu/kamailio/modules/nathelper.so]
 0(1) DEBUG: <core> [core/route_struct.c:128]: mk_action(): ACTION type16, i/count 0/3: type 22(16)/ data 0x72459b29c780
 0(1) DEBUG: <core> [core/route_struct.c:128]: mk_action(): ACTION type16, i/count 1/3: type 8(8)/ data 0x72459b29cf98
 0(1) DEBUG: <core> [core/route_struct.c:128]: mk_action(): ACTION type16, i/count 2/3: type 0(0)/ data (nil)
 0(1) DEBUG: <core> [core/route_struct.c:128]: mk_action(): ACTION type24, i/count 0/2: type 9(9)/ data (nil)
 0(1) DEBUG: <core> [core/route_struct.c:128]: mk_action(): ACTION type24, i/count 1/2: type 3(3)/ data (nil)
 0(1) DEBUG: <core> [core/sr_module.c:722]: find_mod_export_record(): found export of <save> in module registrar [/usr/lib/x86_64-linux-gnu/kamailio/modules/registrar.so]
 0(1) DEBUG: <core> [core/route_struct.c:128]: mk_action(): ACTION type24, i/count 0/2: type 9(9)/ data (nil)
 0(1) DEBUG: <core> [core/route_struct.c:128]: mk_action(): ACTION type24, i/count 1/2: type 3(3)/ data (nil)
 0(1) DEBUG: <core> [core/sr_module.c:722]: find_mod_export_record(): found export of <sl_reply_error> in module sl [/usr/lib/x86_64-linux-gnu/kamailio/modules/sl.so]
 0(1) DEBUG: <core> [core/route_struct.c:128]: mk_action(): ACTION type16, i/count 0/3: type 22(16)/ data 0x72459b29dd00
 0(1) DEBUG: <core> [core/route_struct.c:128]: mk_action(): ACTION type16, i/count 1/3: type 8(8)/ data 0x72459b29e518
 0(1) DEBUG: <core> [core/route_struct.c:128]: mk_action(): ACTION type16, i/count 2/3: type 0(0)/ data (nil)
 0(1) DEBUG: <core> [core/route_struct.c:128]: mk_action(): ACTION type24, i/count 0/2: type 9(9)/ data (nil)
 0(1) DEBUG: <core> [core/route_struct.c:128]: mk_action(): ACTION type24, i/count 1/2: type 3(3)/ data (nil)
 0(1) DEBUG: <core> [core/sr_module.c:722]: find_mod_export_record(): found export of <xlog> in module xlog [/usr/lib/x86_64-linux-gnu/kamailio/modules/xlog.so]
 0(1) DEBUG: <core> [core/route_struct.c:128]: mk_action(): ACTION type2, i/count 0/2: type 3(3)/ data 0x1
 0(1) DEBUG: <core> [core/route_struct.c:128]: mk_action(): ACTION type2, i/count 1/2: type 3(3)/ data 0x1
 0(1) DEBUG: <core> [core/route.c:132]: route_add(): mapping routing block (0x5c44aa4890c0)[REGISTRAR] to 3
 0(1) DEBUG: <core> [core/route_struct.c:128]: mk_action(): ACTION type24, i/count 0/2: type 9(9)/ data (nil)
 0(1) DEBUG: <core> [core/route_struct.c:128]: mk_action(): ACTION type24, i/count 1/2: type 3(3)/ data (nil)
 0(1) DEBUG: <core> [core/sr_module.c:722]: find_mod_export_record(): found export of <lookup> in module registrar [/usr/lib/x86_64-linux-gnu/kamailio/modules/registrar.so]
 0(1) DEBUG: <core> [core/pvapi.c:335]: pv_cache_add(): PV cache not initialized, doing it now
 0(1) DEBUG: <core> [core/pvapi.c:371]: pv_cache_add(): pvar [$var(rc)] added in cache
 0(1) DEBUG: <core> [core/pvapi.c:371]: pv_cache_add(): pvar [$rc] added in cache
 0(1) DEBUG: <core> [core/route_struct.c:128]: mk_action(): ACTION type63, i/count 0/2: type 21(15)/ data 0x72459b2a0540
 0(1) DEBUG: <core> [core/route_struct.c:128]: mk_action(): ACTION type63, i/count 1/2: type 22(16)/ data 0x72459b2a06b8
 0(1) DEBUG: <core> [core/pvapi.c:398]: pv_cache_lookup(): pvar [$var(rc)] found in cache
 0(1) DEBUG: <core> [core/pvapi.c:398]: pv_cache_lookup(): pvar [$var(rc)] found in cache
 0(1) DEBUG: <core> [core/route_struct.c:128]: mk_action(): ACTION type24, i/count 0/2: type 9(9)/ data (nil)
 0(1) DEBUG: <core> [core/route_struct.c:128]: mk_action(): ACTION type24, i/count 1/2: type 3(3)/ data (nil)
 0(1) DEBUG: <core> [core/sr_module.c:722]: find_mod_export_record(): found export of <t_newtran> in module tm [/usr/lib/x86_64-linux-gnu/kamailio/modules/tm.so]
 0(1) DEBUG: <core> [core/route_struct.c:128]: mk_action(): ACTION type24, i/count 0/2: type 9(9)/ data (nil)
 0(1) DEBUG: <core> [core/route_struct.c:128]: mk_action(): ACTION type24, i/count 1/2: type 3(3)/ data (nil)
 0(1) DEBUG: <core> [core/sr_module.c:722]: find_mod_export_record(): found export of <t_reply> in module tm [/usr/lib/x86_64-linux-gnu/kamailio/modules/tm.so]
 0(1) DEBUG: <core> [core/route_struct.c:128]: mk_action(): ACTION type2, i/count 0/2: type 3(3)/ data 0x1
 0(1) DEBUG: <core> [core/route_struct.c:128]: mk_action(): ACTION type2, i/count 1/2: type 3(3)/ data 0x1
 0(1) DEBUG: <core> [core/route_struct.c:128]: mk_action(): ACTION type16, i/count 0/3: type 22(16)/ data 0x72459b2a3c28
 0(1) DEBUG: <core> [core/route_struct.c:128]: mk_action(): ACTION type16, i/count 1/3: type 8(8)/ data 0x72459b2a4440
 0(1) DEBUG: <core> [core/route_struct.c:128]: mk_action(): ACTION type16, i/count 2/3: type 0(0)/ data (nil)
 0(1) DEBUG: <core> [core/pvapi.c:398]: pv_cache_lookup(): pvar [$var(rc)] found in cache
 0(1) DEBUG: <core> [core/route_struct.c:128]: mk_action(): ACTION type24, i/count 0/2: type 9(9)/ data (nil)
 0(1) DEBUG: <core> [core/route_struct.c:128]: mk_action(): ACTION type24, i/count 1/2: type 3(3)/ data (nil)
 0(1) DEBUG: <core> [core/sr_module.c:722]: find_mod_export_record(): found export of <sl_send_reply> in module sl [/usr/lib/x86_64-linux-gnu/kamailio/modules/sl.so]
 0(1) DEBUG: <core> [core/route_struct.c:128]: mk_action(): ACTION type2, i/count 0/2: type 3(3)/ data 0x1
 0(1) DEBUG: <core> [core/route_struct.c:128]: mk_action(): ACTION type2, i/count 1/2: type 3(3)/ data 0x1
 0(1) DEBUG: <core> [core/route_struct.c:128]: mk_action(): ACTION type16, i/count 0/3: type 22(16)/ data 0x72459b2a6080
 0(1) DEBUG: <core> [core/route_struct.c:128]: mk_action(): ACTION type16, i/count 1/3: type 8(8)/ data 0x72459b2a4d98
 0(1) DEBUG: <core> [core/route_struct.c:128]: mk_action(): ACTION type16, i/count 2/3: type 0(0)/ data (nil)
 0(1) DEBUG: <core> [core/route_struct.c:128]: mk_action(): ACTION type16, i/count 0/3: type 22(16)/ data 0x72459b29fba0
 0(1) DEBUG: <core> [core/route_struct.c:128]: mk_action(): ACTION type16, i/count 1/3: type 8(8)/ data 0x72459b2a0de8
 0(1) DEBUG: <core> [core/route_struct.c:128]: mk_action(): ACTION type16, i/count 2/3: type 0(0)/ data (nil)
 0(1) DEBUG: <core> [core/route_struct.c:128]: mk_action(): ACTION type5, i/count 0/1: type 1(1)/ data 0x72459b2a6c18
 0(1) DEBUG: <core> [core/route.c:132]: route_add(): mapping routing block (0x5c44aa4890c0)[LOCATION] to 4
 0(1) DEBUG: <core> [core/route_struct.c:128]: mk_action(): ACTION type24, i/count 0/2: type 9(9)/ data (nil)
 0(1) DEBUG: <core> [core/route_struct.c:128]: mk_action(): ACTION type24, i/count 1/2: type 3(3)/ data (nil)
 0(1) DEBUG: <core> [core/sr_module.c:722]: find_mod_export_record(): found export of <is_method> in module textops [/usr/lib/x86_64-linux-gnu/kamailio/modules/textops.so]
 0(1) DEBUG: <core> [core/route_struct.c:128]: mk_action(): ACTION type24, i/count 0/2: type 9(9)/ data (nil)
 0(1) DEBUG: <core> [core/route_struct.c:128]: mk_action(): ACTION type24, i/count 1/2: type 3(3)/ data (nil)
 0(1) DEBUG: <core> [core/sr_module.c:722]: find_mod_export_record(): found export of <rtpengine_manage> in module rtpengine [/usr/lib/x86_64-linux-gnu/kamailio/modules/rtpengine.so]
 0(1) DEBUG: <core> [core/route_struct.c:128]: mk_action(): ACTION type16, i/count 0/3: type 22(16)/ data 0x72459b2a7850
 0(1) DEBUG: <core> [core/route_struct.c:128]: mk_action(): ACTION type16, i/count 1/3: type 8(8)/ data 0x72459b2a7f80
 0(1) DEBUG: <core> [core/route_struct.c:128]: mk_action(): ACTION type16, i/count 2/3: type 0(0)/ data (nil)
 0(1) DEBUG: <core> [core/route_struct.c:128]: mk_action(): ACTION type24, i/count 0/2: type 9(9)/ data (nil)
 0(1) DEBUG: <core> [core/route_struct.c:128]: mk_action(): ACTION type24, i/count 1/2: type 3(3)/ data (nil)
 0(1) DEBUG: <core> [core/sr_module.c:722]: find_mod_export_record(): found export of <is_method> in module textops [/usr/lib/x86_64-linux-gnu/kamailio/modules/textops.so]
 0(1) DEBUG: <core> [core/route_struct.c:128]: mk_action(): ACTION type24, i/count 0/2: type 9(9)/ data (nil)
 0(1) DEBUG: <core> [core/route_struct.c:128]: mk_action(): ACTION type24, i/count 1/2: type 3(3)/ data (nil)
 0(1) DEBUG: <core> [core/sr_module.c:722]: find_mod_export_record(): found export of <rtpengine_manage> in module rtpengine [/usr/lib/x86_64-linux-gnu/kamailio/modules/rtpengine.so]
 0(1) DEBUG: <core> [core/route_struct.c:128]: mk_action(): ACTION type16, i/count 0/3: type 22(16)/ data 0x72459b2a8d08
 0(1) DEBUG: <core> [core/route_struct.c:128]: mk_action(): ACTION type16, i/count 1/3: type 8(8)/ data 0x72459b2a9590
 0(1) DEBUG: <core> [core/route_struct.c:128]: mk_action(): ACTION type16, i/count 2/3: type 0(0)/ data (nil)
 0(1) DEBUG: <core> [core/route_struct.c:128]: mk_action(): ACTION type24, i/count 0/2: type 9(9)/ data (nil)
 0(1) DEBUG: <core> [core/route_struct.c:128]: mk_action(): ACTION type24, i/count 1/2: type 3(3)/ data (nil)
 0(1) DEBUG: <core> [core/sr_module.c:722]: find_mod_export_record(): found export of <t_relay> in module tm [/usr/lib/x86_64-linux-gnu/kamailio/modules/tm.so]
 0(1) DEBUG: <core> [core/route_struct.c:128]: mk_action(): ACTION type24, i/count 0/2: type 9(9)/ data (nil)
 0(1) DEBUG: <core> [core/route_struct.c:128]: mk_action(): ACTION type24, i/count 1/2: type 3(3)/ data (nil)
 0(1) DEBUG: <core> [core/sr_module.c:722]: find_mod_export_record(): found export of <sl_reply_error> in module sl [/usr/lib/x86_64-linux-gnu/kamailio/modules/sl.so]
 0(1) DEBUG: <core> [core/route_struct.c:128]: mk_action(): ACTION type16, i/count 0/3: type 22(16)/ data 0x72459b2aa9b0
 0(1) DEBUG: <core> [core/route_struct.c:128]: mk_action(): ACTION type16, i/count 1/3: type 8(8)/ data 0x72459b2ab1c8
 0(1) DEBUG: <core> [core/route_struct.c:128]: mk_action(): ACTION type16, i/count 2/3: type 0(0)/ data (nil)
 0(1) DEBUG: <core> [core/route_struct.c:128]: mk_action(): ACTION type2, i/count 0/2: type 3(3)/ data 0x1
 0(1) DEBUG: <core> [core/route_struct.c:128]: mk_action(): ACTION type2, i/count 1/2: type 3(3)/ data 0x1
 0(1) DEBUG: <core> [core/route.c:132]: route_add(): mapping routing block (0x5c44aa4890c0)[RELAY] to 5
 0(1) DEBUG: <core> [core/route_struct.c:128]: mk_action(): ACTION type24, i/count 0/2: type 9(9)/ data (nil)
 0(1) DEBUG: <core> [core/route_struct.c:128]: mk_action(): ACTION type24, i/count 1/2: type 3(3)/ data (nil)
 0(1) DEBUG: <core> [core/sr_module.c:722]: find_mod_export_record(): found export of <nat_uac_test> in module nathelper [/usr/lib/x86_64-linux-gnu/kamailio/modules/nathelper.so]
 0(1) DEBUG: <core> [core/route_struct.c:128]: mk_action(): ACTION type24, i/count 0/2: type 9(9)/ data (nil)
 0(1) DEBUG: <core> [core/route_struct.c:128]: mk_action(): ACTION type24, i/count 1/2: type 3(3)/ data (nil)
 0(1) DEBUG: <core> [core/sr_module.c:722]: find_mod_export_record(): found export of <fix_nated_contact> in module nathelper [/usr/lib/x86_64-linux-gnu/kamailio/modules/nathelper.so]
 0(1) DEBUG: <core> [core/route_struct.c:128]: mk_action(): ACTION type16, i/count 0/3: type 22(16)/ data 0x72459b2ad170
 0(1) DEBUG: <core> [core/route_struct.c:128]: mk_action(): ACTION type16, i/count 1/3: type 8(8)/ data 0x72459b2ad988
 0(1) DEBUG: <core> [core/route_struct.c:128]: mk_action(): ACTION type16, i/count 2/3: type 0(0)/ data (nil)
 0(1) DEBUG: <core> [core/route_struct.c:128]: mk_action(): ACTION type24, i/count 0/2: type 9(9)/ data (nil)
 0(1) DEBUG: <core> [core/route_struct.c:128]: mk_action(): ACTION type24, i/count 1/2: type 3(3)/ data (nil)
 0(1) DEBUG: <core> [core/sr_module.c:722]: find_mod_export_record(): found export of <has_body> in module textops [/usr/lib/x86_64-linux-gnu/kamailio/modules/textops.so]
 0(1) DEBUG: <core> [core/route_struct.c:128]: mk_action(): ACTION type24, i/count 0/2: type 9(9)/ data (nil)
 0(1) DEBUG: <core> [core/route_struct.c:128]: mk_action(): ACTION type24, i/count 1/2: type 3(3)/ data (nil)
 0(1) DEBUG: <core> [core/sr_module.c:722]: find_mod_export_record(): found export of <rtpengine_manage> in module rtpengine [/usr/lib/x86_64-linux-gnu/kamailio/modules/rtpengine.so]
 0(1) DEBUG: <core> [core/route_struct.c:128]: mk_action(): ACTION type16, i/count 0/3: type 22(16)/ data 0x72459b2adf48
 0(1) DEBUG: <core> [core/route_struct.c:128]: mk_action(): ACTION type16, i/count 1/3: type 8(8)/ data 0x72459b2ae850
 0(1) DEBUG: <core> [core/route_struct.c:128]: mk_action(): ACTION type16, i/count 2/3: type 0(0)/ data (nil)
 0(1) DEBUG: <core> [core/route_struct.c:128]: mk_action(): ACTION type16, i/count 0/3: type 22(16)/ data 0x72459b2abf80
 0(1) DEBUG: <core> [core/route_struct.c:128]: mk_action(): ACTION type16, i/count 1/3: type 8(8)/ data 0x72459b2adad8
 0(1) DEBUG: <core> [core/route_struct.c:128]: mk_action(): ACTION type16, i/count 2/3: type 0(0)/ data (nil)
 0(1) DEBUG: <core> [core/route_struct.c:128]: mk_action(): ACTION type24, i/count 0/2: type 9(9)/ data (nil)
 0(1) DEBUG: <core> [core/route_struct.c:128]: mk_action(): ACTION type24, i/count 1/2: type 3(3)/ data (nil)
 0(1) DEBUG: <core> [core/sr_module.c:722]: find_mod_export_record(): found export of <t_is_canceled> in module tm [/usr/lib/x86_64-linux-gnu/kamailio/modules/tm.so]
 0(1) DEBUG: <core> [core/route_struct.c:128]: mk_action(): ACTION type2, i/count 0/2: type 3(3)/ data 0x1
 0(1) DEBUG: <core> [core/route_struct.c:128]: mk_action(): ACTION type2, i/count 1/2: type 3(3)/ data 0x1
 0(1) DEBUG: <core> [core/route_struct.c:128]: mk_action(): ACTION type16, i/count 0/3: type 22(16)/ data 0x72459b2af810
 0(1) DEBUG: <core> [core/route_struct.c:128]: mk_action(): ACTION type16, i/count 1/3: type 8(8)/ data 0x72459b2aff40
 0(1) DEBUG: <core> [core/route_struct.c:128]: mk_action(): ACTION type16, i/count 2/3: type 0(0)/ data (nil)
 0(1) DEBUG: <core> [core/route.c:132]: route_add(): mapping routing block (0x5c44aa489080)[MANAGE_FAILURE] to 1
 0(1) DEBUG: <core> [core/ppcfg.c:265]: pp_ifdef_level_check(): same number of pairing preprocessor directives #!IF[N]DEF - #!ENDIF
 0(1) DEBUG: <core> [core/route.c:132]: route_add(): mapping routing block (0x5c44aa489020)[core:receive-parse-error] to 1
 0(1) INFO: <core> [core/sctp_core.c:74]: sctp_core_check_support(): SCTP API not enabled - if you want to use it, load sctp module
 0(1) DEBUG: <core> [core/name_alias.h:62]: grep_aliases(): matching (1:614bd75d2f47:5060) vs. (0:kamailio:0)
 0(1) WARNING: <core> [core/socket_info.c:1702]: fix_hostname(): could not rev. resolve 0.0.0.0
 0(1) DEBUG: <core> [core/socket_info.c:810]: ksr_sockets_index(): number of listen sockets: 0
 0(1) DEBUG: <core> [core/mem/pkg.c:109]: pkg_print_manager(): pkg - using memory manager: q_malloc
 0(1) DEBUG: <core> [core/mem/shm.c:301]: shm_print_manager(): shm - using memory manager: q_malloc
 0(1) DEBUG: <core> [core/cfg/cfg.c:173]: cfg_declare(): new config group has been registered: 'core' (num=58, size=232)
 0(1) DEBUG: <core> [core/cfg/cfg.c:173]: cfg_declare(): new config group has been registered: 'tcp' (num=28, size=112)
 0(1) DEBUG: <core> [core/timer.c:239]: init_timer(): starting with *ticks=2072907198
 0(1) DEBUG: <core> [core/timer.c:280]: init_timer(): timer_list between 0x724596d19b60 and 0x724596d5db60
 0(1) DEBUG: <core> [core/pt.c:139]: register_procs(): registering new processes: 0 (old) + 1 (new) = 1 (total)
 0(1) INFO: <core> [core/tcp_main.c:5073]: init_tcp(): using epoll_lt as the io watch method (auto detected)
 0(1) DEBUG: <core> [core/daemonize.c:207]: enable_dumpable(): trying enable core dumping...
 0(1) DEBUG: <core> [core/daemonize.c:224]: enable_dumpable(): core dumping is enabled now (1)...
 0(1) DEBUG: <core> [core/daemonize.c:583]: set_core_dump(): core dump limits set to 18446744073709551615
 0(1) DEBUG: <core> [core/async_task.c:146]: async_task_init(): start initializing asynk task framework
 0(1) DEBUG: <core> [core/sr_module.c:969]: init_mod(): tm
Listening on 
             udp: 10.100.0.10:5060
             udp: 0.0.0.0:5060
Aliases: 
             udp: 614bd75d2f47:5060
             *: kamailio:*

 0(1) DEBUG: tm [tm.c:718]: mod_init(): TM - (sizeof cell=624, sip_msg=2008) initializing...
 0(1) DEBUG: <core> [core/utils/sruid.c:121]: sruid_init(): root for sruid is [tmrp-6a676f5b-1-] (0 / 16)
 0(1) DEBUG: tm [callid.c:105]: init_callid(): Call-ID initialization: '5d37980660e7aafd'
 0(1) DEBUG: tm [lock.c:66]: lock_initialize(): lock initialization started
 0(1) DEBUG: tm [timer.c:195]: tm_init_timers(): tm init timers - fr=480 fr_inv=1920 wait=80 t1=500 t2=4000 max_inv_lifetime=2880 max_noninv_lifetime=512
 0(1) WARNING: tm [tm.c:784]: mod_init(): reparse_on_dns_failover is enabled on a multihomed host -- check the readme of tm module!
 0(1) DEBUG: <core> [core/cfg/cfg.c:173]: cfg_declare(): new config group has been registered: 'tm' (num=38, size=176)
 0(1) DEBUG: <core> [core/crypto/md5utils.c:67]: MD5StringArray(): MD5 calculated: f36c7d2926ed3cd2d8b9dbfb7c585cdf
 0(1) DEBUG: <core> [core/crypto/md5utils.c:67]: MD5StringArray(): MD5 calculated: d383f1e7e80df77631edd1a4b300adf0
 0(1) DEBUG: <core> [core/sr_module.c:969]: init_mod(): tmx
 0(1) DEBUG: <core> [core/sr_module.c:722]: find_mod_export_record(): found export of <load_tm> in module tm [/usr/lib/x86_64-linux-gnu/kamailio/modules/tm.so]
 0(1) DEBUG: <core> [core/sr_module.c:722]: find_mod_export_record(): found export of <t_newtran> in module tm [/usr/lib/x86_64-linux-gnu/kamailio/modules/tm.so]
 0(1) DEBUG: <core> [core/sr_module.c:722]: find_mod_export_record(): found export of <t_relay_to_tcp> in module tm [/usr/lib/x86_64-linux-gnu/kamailio/modules/tm.so]
 0(1) DEBUG: <core> [core/sr_module.c:722]: find_mod_export_record(): found export of <t_relay_to_udp> in module tm [/usr/lib/x86_64-linux-gnu/kamailio/modules/tm.so]
 0(1) DEBUG: <core> [core/sr_module.c:722]: find_mod_export_record(): found export of <t_relay> in module tm [/usr/lib/x86_64-linux-gnu/kamailio/modules/tm.so]
 0(1) DEBUG: <core> [core/sr_module.c:722]: find_mod_export_record(): found export of <t_forward_nonack> in module tm [/usr/lib/x86_64-linux-gnu/kamailio/modules/tm.so]
 0(1) DEBUG: <core> [core/sr_module.c:722]: find_mod_export_record(): found export of <t_release> in module tm [/usr/lib/x86_64-linux-gnu/kamailio/modules/tm.so]
 0(1) DEBUG: <core> [core/sr_module.c:969]: init_mod(): sl
 0(1) DEBUG: <core> [core/crypto/md5utils.c:67]: MD5StringArray(): MD5 calculated: 83abd07fbff5ad763b80a6520c80a1ac
 0(1) DEBUG: <core> [core/sr_module.c:722]: find_mod_export_record(): found export of <load_tm> in module tm [/usr/lib/x86_64-linux-gnu/kamailio/modules/tm.so]
 0(1) DEBUG: <core> [core/sr_module.c:722]: find_mod_export_record(): found export of <t_newtran> in module tm [/usr/lib/x86_64-linux-gnu/kamailio/modules/tm.so]
 0(1) DEBUG: <core> [core/sr_module.c:722]: find_mod_export_record(): found export of <t_relay_to_tcp> in module tm [/usr/lib/x86_64-linux-gnu/kamailio/modules/tm.so]
 0(1) DEBUG: <core> [core/sr_module.c:722]: find_mod_export_record(): found export of <t_relay_to_udp> in module tm [/usr/lib/x86_64-linux-gnu/kamailio/modules/tm.so]
 0(1) DEBUG: <core> [core/sr_module.c:722]: find_mod_export_record(): found export of <t_relay> in module tm [/usr/lib/x86_64-linux-gnu/kamailio/modules/tm.so]
 0(1) DEBUG: <core> [core/sr_module.c:722]: find_mod_export_record(): found export of <t_forward_nonack> in module tm [/usr/lib/x86_64-linux-gnu/kamailio/modules/tm.so]
 0(1) DEBUG: <core> [core/sr_module.c:722]: find_mod_export_record(): found export of <t_release> in module tm [/usr/lib/x86_64-linux-gnu/kamailio/modules/tm.so]
 0(1) DEBUG: <core> [core/sr_module.c:969]: init_mod(): rr
 0(1) DEBUG: <core> [core/sr_module.c:728]: find_mod_export_record(): export of <bind_ob> not found (flags 0)
 0(1) INFO: rr [../outbound/api.h:52]: ob_load_api(): unable to import bind_ob - maybe module is not loaded
 0(1) INFO: rr [rr_mod.c:188]: mod_init(): outbound module not available
 0(1) DEBUG: <core> [core/sr_module.c:969]: init_mod(): pv
 0(1) DEBUG: <core> [core/sr_module.c:969]: init_mod(): maxfwd
 0(1) DEBUG: <core> [core/cfg/cfg.c:173]: cfg_declare(): new config group has been registered: 'maxfwd' (num=1, size=4)
 0(1) DEBUG: <core> [core/sr_module.c:969]: init_mod(): usrloc
 0(1) DEBUG: <core> [core/utils/sruid.c:121]: sruid_init(): root for sruid is [ulcx-6a676f5b-1-] (0 / 16)
 0(1) DEBUG: <core> [core/sr_module.c:969]: init_mod(): registrar
 0(1) DEBUG: <core> [core/utils/sruid.c:121]: sruid_init(): root for sruid is [uloc-6a676f5b-1-] (0 / 16)
 0(1) DEBUG: <core> [core/sr_module.c:722]: find_mod_export_record(): found export of <bind_sl> in module sl [/usr/lib/x86_64-linux-gnu/kamailio/modules/sl.so]
 0(1) DEBUG: <core> [core/cfg/cfg.c:173]: cfg_declare(): new config group has been registered: 'registrar' (num=12, size=64)
 0(1) DEBUG: <core> [core/usr_avp.c:888]: parse_avp_ident(): Parsing 'RECEIVED'
 0(1) DEBUG: <core> [core/sr_module.c:722]: find_mod_export_record(): found export of <ul_bind_usrloc> in module usrloc [/usr/lib/x86_64-linux-gnu/kamailio/modules/usrloc.so]
 0(1) DEBUG: <core> [core/sr_module.c:969]: init_mod(): textops
 0(1) DEBUG: <core> [core/sr_module.c:969]: init_mod(): siputils
 0(1) DEBUG: <core> [core/sr_module.c:722]: find_mod_export_record(): found export of <bind_sl> in module sl [/usr/lib/x86_64-linux-gnu/kamailio/modules/sl.so]
 0(1) DEBUG: <core> [core/usr_avp.c:888]: parse_avp_ident(): Parsing 's:rpid'
 0(1) DEBUG: <core> [core/cfg/cfg.c:173]: cfg_declare(): new config group has been registered: 'siputils' (num=1, size=4)
 0(1) DEBUG: <core> [core/sr_module.c:969]: init_mod(): xlog
 0(1) DEBUG: <core> [core/cfg/cfg.c:173]: cfg_declare(): new config group has been registered: 'xlog' (num=1, size=4)
 0(1) DEBUG: <core> [core/sr_module.c:969]: init_mod(): sanity
 0(1) DEBUG: sanity [sanity_mod.c:103]: mod_init(): sanity initializing
 0(1) DEBUG: <core> [core/sr_module.c:722]: find_mod_export_record(): found export of <bind_sl> in module sl [/usr/lib/x86_64-linux-gnu/kamailio/modules/sl.so]
 0(1) DEBUG: sanity [sanity_mod.c:113]: mod_init(): parsing proxy requires string:
 0(1) DEBUG: sanity [sanity.c:178]: parse_str_list(): list is empty
 0(1) DEBUG: <core> [core/sr_module.c:969]: init_mod(): ctl
 0(1) DEBUG: ctl [ctl.c:250]: mod_init(): listening on:
 0(1) DEBUG: ctl [ctl.c:259]: mod_init():         [binrpc:unix stream] /var/run/kamailio//kamailio_ctl
 0(1) DEBUG: <core> [core/pt.c:139]: register_procs(): registering new processes: 1 (old) + 1 (new) = 2 (total)
 0(1) DEBUG: <core> [core/sr_module.c:969]: init_mod(): rtpengine
 0(1) DEBUG: <core> [core/sr_module.c:722]: find_mod_export_record(): found export of <load_tm> in module tm [/usr/lib/x86_64-linux-gnu/kamailio/modules/tm.so]
 0(1) DEBUG: <core> [core/sr_module.c:722]: find_mod_export_record(): found export of <t_newtran> in module tm [/usr/lib/x86_64-linux-gnu/kamailio/modules/tm.so]
 0(1) DEBUG: <core> [core/sr_module.c:722]: find_mod_export_record(): found export of <t_relay_to_tcp> in module tm [/usr/lib/x86_64-linux-gnu/kamailio/modules/tm.so]
 0(1) DEBUG: <core> [core/sr_module.c:722]: find_mod_export_record(): found export of <t_relay_to_udp> in module tm [/usr/lib/x86_64-linux-gnu/kamailio/modules/tm.so]
 0(1) DEBUG: <core> [core/sr_module.c:722]: find_mod_export_record(): found export of <t_relay> in module tm [/usr/lib/x86_64-linux-gnu/kamailio/modules/tm.so]
 0(1) DEBUG: <core> [core/sr_module.c:722]: find_mod_export_record(): found export of <t_forward_nonack> in module tm [/usr/lib/x86_64-linux-gnu/kamailio/modules/tm.so]
 0(1) DEBUG: <core> [core/sr_module.c:722]: find_mod_export_record(): found export of <t_release> in module tm [/usr/lib/x86_64-linux-gnu/kamailio/modules/tm.so]
 0(1) DEBUG: rtpengine [rtpengine_hash.c:55]: rtpengine_hash_table_init(): rtpengine_hash_table size = 256
 0(1) DEBUG: rtpengine [rtpengine.c:1809]: mod_init(): rtpengine_hash_table_init(256) success!
 0(1) DEBUG: rtpengine [rtpengine.c:1817]: mod_init(): Default rtpp set 0 found
 0(1) DEBUG: <core> [core/cfg/cfg.c:173]: cfg_declare(): new config group has been registered: 'rtpengine' (num=5, size=20)
 0(1) DEBUG: <core> [core/sr_module.c:969]: init_mod(): nathelper
 0(1) DEBUG: <core> [core/usr_avp.c:888]: parse_avp_ident(): Parsing 'RECEIVED'
 0(1) DEBUG: <core> [core/pt.c:100]: init_pt(): registering new processes: 2 (old) + 12 (new) = 14 (total)
 0(1) INFO: <core> [main.c:3055]: main(): processes (at least): 14 - shm size: 67108864 - pkg size: 8388608
 0(1) DEBUG: <core> [core/rvalue.c:2979]: fix_rval(): RV fixing type 4
 0(1) DEBUG: <core> [core/route.c:888]: fix_actions(): fixing is_method()
 0(1) DEBUG: textops [textops.c:3963]: fixup_method(): using id for method [CANCEL/2]
 0(1) DEBUG: <core> [core/rvalue.c:2979]: fix_rval(): RV fixing type 4
 0(1) DEBUG: <core> [core/route.c:888]: fix_actions(): fixing t_check_trans()
 0(1) DEBUG: <core> [core/route.c:888]: fix_actions(): fixing t_relay()
 0(1) DEBUG: <core> [core/rvalue.c:2979]: fix_rval(): RV fixing type 4
 0(1) DEBUG: <core> [core/route.c:888]: fix_actions(): fixing is_method()
 0(1) DEBUG: textops [textops.c:3963]: fixup_method(): using id for method [ACK/4]
 0(1) DEBUG: <core> [core/rvalue.c:2979]: fix_rval(): RV fixing type 4
 0(1) DEBUG: <core> [core/route.c:888]: fix_actions(): fixing t_precheck_trans()
 0(1) DEBUG: <core> [core/route.c:888]: fix_actions(): fixing t_check_trans()
 0(1) DEBUG: <core> [core/route.c:888]: fix_actions(): fixing t_check_trans()
 0(1) DEBUG: <core> [core/rvalue.c:2979]: fix_rval(): RV fixing type 4
 0(1) DEBUG: <core> [core/route.c:888]: fix_actions(): fixing is_method()
 0(1) DEBUG: textops [textops.c:3956]: fixup_method(): using id for methods [REGISTER,MESSAGE/288]
 0(1) DEBUG: <core> [core/route.c:888]: fix_actions(): fixing record_route()
 0(1) DEBUG: <core> [core/rvalue.c:2979]: fix_rval(): RV fixing type 4
 0(1) DEBUG: <core> [core/route.c:888]: fix_actions(): fixing sanity_check()
 0(1) DEBUG: <core> [core/route.c:888]: fix_actions(): fixing xlog()
 0(1) DEBUG: <core> [core/pvapi.c:497]: pv_spec_lookup(): PV <$si> is not in cache
 0(1) DEBUG: <core> [core/pvapi.c:371]: pv_cache_add(): pvar [$si] added in cache
 0(1) DEBUG: <core> [core/pvapi.c:497]: pv_spec_lookup(): PV <$sp> is not in cache
 0(1) DEBUG: <core> [core/pvapi.c:371]: pv_cache_add(): pvar [$sp] added in cache
 0(1) DEBUG: <core> [core/rvalue.c:2979]: fix_rval(): RV fixing type 4
 0(1) DEBUG: <core> [core/route.c:888]: fix_actions(): fixing mf_process_maxfwd_header()
 0(1) DEBUG: <core> [core/route.c:888]: fix_actions(): fixing sl_send_reply()
 0(1) DEBUG: <core> [core/rvalue.c:2979]: fix_rval(): RV fixing type 4
 0(1) DEBUG: <core> [core/route.c:888]: fix_actions(): fixing has_totag()
 0(1) DEBUG: <core> [core/rvalue.c:2979]: fix_rval(): RV fixing type 4
 0(1) DEBUG: <core> [core/route.c:888]: fix_actions(): fixing loose_route()
 0(1) DEBUG: <core> [core/rvalue.c:2979]: fix_rval(): RV fixing type 4
 0(1) DEBUG: <core> [core/route.c:888]: fix_actions(): fixing is_method()
 0(1) DEBUG: textops [textops.c:3956]: fixup_method(): using id for methods [SUBSCRIBE,NOTIFY,PUBLISH/8384]
 0(1) DEBUG: <core> [core/route.c:888]: fix_actions(): fixing sl_send_reply()
 0(1) DEBUG: <core> [core/rvalue.c:2979]: fix_rval(): RV fixing type 4
 0(1) DEBUG: <core> [core/route.c:888]: fix_actions(): fixing is_method()
 0(1) DEBUG: textops [textops.c:3963]: fixup_method(): using id for method [ACK/4]
 0(1) DEBUG: <core> [core/route.c:888]: fix_actions(): fixing sl_send_reply()
 0(1) DEBUG: <core> [core/rvalue.c:2979]: fix_rval(): RV fixing type 4
 0(1) DEBUG: <core> [core/route.c:888]: fix_actions(): fixing is_method()
 0(1) DEBUG: textops [textops.c:3963]: fixup_method(): using id for method [REGISTER/32]
 0(1) DEBUG: <core> [core/rvalue.c:2979]: fix_rval(): RV fixing type 4
 0(1) DEBUG: <core> [core/route.c:888]: fix_actions(): fixing nat_uac_test()
 0(1) DEBUG: <core> [core/route.c:888]: fix_actions(): fixing fix_nated_register()
 0(1) DEBUG: <core> [core/rvalue.c:2979]: fix_rval(): RV fixing type 4
 0(1) DEBUG: <core> [core/route.c:888]: fix_actions(): fixing save()
 0(1) DEBUG: <core> [core/route.c:888]: fix_actions(): fixing sl_reply_error()
 0(1) DEBUG: <core> [core/route.c:888]: fix_actions(): fixing xlog()
 0(1) DEBUG: <core> [core/pvapi.c:497]: pv_spec_lookup(): PV <$fu> is not in cache
 0(1) DEBUG: <core> [core/pvapi.c:371]: pv_cache_add(): pvar [$fu] added in cache
 0(1) DEBUG: <core> [core/pvapi.c:398]: pv_cache_lookup(): pvar [$si] found in cache
 0(1) DEBUG: <core> [core/pvapi.c:398]: pv_cache_lookup(): pvar [$sp] found in cache
 0(1) DEBUG: <core> [core/pvapi.c:497]: pv_spec_lookup(): PV <$ct> is not in cache
 0(1) DEBUG: <core> [core/pvapi.c:371]: pv_cache_add(): pvar [$ct] added in cache
 0(1) DEBUG: <core> [core/rvalue.c:2979]: fix_rval(): RV fixing type 4
 0(1) DEBUG: <core> [core/route.c:888]: fix_actions(): fixing lookup()
 0(1) DEBUG: <core> [core/rvalue.c:2979]: fix_rval(): RV fixing type 7
 0(1) DEBUG: <core> [core/rvalue.c:2979]: fix_rval(): RV fixing type 7
 0(1) DEBUG: <core> [core/rvalue.c:2979]: fix_rval(): RV fixing type 1
 0(1) DEBUG: <core> [core/rvalue.c:2983]: fix_rval(): RV is int: -1
 0(1) DEBUG: <core> [core/rvalue.c:2979]: fix_rval(): RV fixing type 7
 0(1) DEBUG: <core> [core/rvalue.c:2979]: fix_rval(): RV fixing type 1
 0(1) DEBUG: <core> [core/rvalue.c:2983]: fix_rval(): RV is int: -3
 0(1) DEBUG: <core> [core/route.c:888]: fix_actions(): fixing t_newtran()
 0(1) DEBUG: <core> [core/route.c:888]: fix_actions(): fixing t_reply()
 0(1) DEBUG: <core> [core/rvalue.c:2979]: fix_rval(): RV fixing type 7
 0(1) DEBUG: <core> [core/rvalue.c:2979]: fix_rval(): RV fixing type 1
 0(1) DEBUG: <core> [core/rvalue.c:2983]: fix_rval(): RV is int: -2
 0(1) DEBUG: <core> [core/route.c:888]: fix_actions(): fixing sl_send_reply()
 0(1) DEBUG: <core> [core/rvalue.c:2979]: fix_rval(): RV fixing type 4
 0(1) DEBUG: <core> [core/route.c:888]: fix_actions(): fixing is_method()
 0(1) DEBUG: textops [textops.c:3963]: fixup_method(): using id for method [INVITE/1]
 0(1) DEBUG: <core> [core/route.c:888]: fix_actions(): fixing rtpengine_manage()
 0(1) DEBUG: <core> [core/rvalue.c:2979]: fix_rval(): RV fixing type 4
 0(1) DEBUG: <core> [core/route.c:888]: fix_actions(): fixing is_method()
 0(1) DEBUG: textops [textops.c:3963]: fixup_method(): using id for method [BYE/8]
 0(1) DEBUG: <core> [core/route.c:888]: fix_actions(): fixing rtpengine_manage()
 0(1) DEBUG: <core> [core/rvalue.c:2979]: fix_rval(): RV fixing type 4
 0(1) DEBUG: <core> [core/route.c:888]: fix_actions(): fixing t_relay()
 0(1) DEBUG: <core> [core/route.c:888]: fix_actions(): fixing sl_reply_error()
 0(1) DEBUG: <core> [core/rvalue.c:2979]: fix_rval(): RV fixing type 3
 0(1) DEBUG: <core> [core/rvalue.c:2979]: fix_rval(): RV fixing type 2
 0(1) DEBUG: <core> [core/rvalue.c:2987]: fix_rval(): RV is str: "(18[0-9]|2[0-9][0-9])"
 0(1) DEBUG: <core> [core/route.c:487]: exp_optimize_right(): op11(O52, _ST22_) => op11(O52, _ST1_)
 0(1) DEBUG: <core> [core/rvalue.c:2979]: fix_rval(): RV fixing type 4
 0(1) DEBUG: <core> [core/route.c:888]: fix_actions(): fixing nat_uac_test()
 0(1) DEBUG: <core> [core/route.c:888]: fix_actions(): fixing fix_nated_contact()
 0(1) DEBUG: <core> [core/rvalue.c:2979]: fix_rval(): RV fixing type 4
 0(1) DEBUG: <core> [core/route.c:888]: fix_actions(): fixing has_body()
 0(1) DEBUG: <core> [core/route.c:888]: fix_actions(): fixing rtpengine_manage()
 0(1) DEBUG: <core> [core/rvalue.c:2979]: fix_rval(): RV fixing type 4
 0(1) DEBUG: <core> [core/route.c:888]: fix_actions(): fixing t_is_canceled()
 0(1) INFO: <core> [core/udp_server.c:154]: probe_max_receive_buffer(): SO_RCVBUF is initially 212992 for fd 5
 0(1) INFO: <core> [core/udp_server.c:207]: probe_max_receive_buffer(): SO_RCVBUF is finally 425984 on fd 5
 0(1) INFO: <core> [core/udp_server.c:154]: probe_max_receive_buffer(): SO_RCVBUF is initially 212992 for fd 6
 0(1) INFO: <core> [core/udp_server.c:207]: probe_max_receive_buffer(): SO_RCVBUF is finally 425984 on fd 6
 0(1) DEBUG: <core> [core/daemonize.c:207]: enable_dumpable(): trying enable core dumping...
 0(1) DEBUG: <core> [core/daemonize.c:224]: enable_dumpable(): core dumping is enabled now (1)...
 0(1) DEBUG: <core> [core/sr_module.c:926]: init_child(): initializing PROC_INIT with rank -127
 0(1) DEBUG: <core> [core/sr_module.c:878]: init_mod_child(): idx 0 rank -127: tm [main]
 0(1) DEBUG: <core> [core/sr_module.c:878]: init_mod_child(): idx 0 rank -127: tmx [main]
 0(1) DEBUG: tmx [tmx_mod.c:262]: child_init(): rank is (-127)
 0(1) DEBUG: <core> [core/sr_module.c:878]: init_mod_child(): idx 0 rank -127: sl [main]
 0(1) DEBUG: <core> [core/sr_module.c:878]: init_mod_child(): idx 0 rank -127: usrloc [main]
 0(1) DEBUG: <core> [core/utils/sruid.c:121]: sruid_init(): root for sruid is [ulcx-6a676f5b-1-] (0 / 16)
 0(1) DEBUG: <core> [core/sr_module.c:878]: init_mod_child(): idx 0 rank -127: registrar [main]
 0(1) DEBUG: <core> [core/utils/sruid.c:121]: sruid_init(): root for sruid is [uloc-6a676f5b-1-] (0 / 16)
 0(1) DEBUG: <core> [core/sr_module.c:878]: init_mod_child(): idx 0 rank -127: ctl [main]
 0(1) DEBUG: <core> [core/sr_module.c:878]: init_mod_child(): idx 0 rank -127: rtpengine [main]
 0(1) DEBUG: <core> [core/sr_module.c:878]: init_mod_child(): idx 0 rank -127: nathelper [main]
 1(8) DEBUG: <core> [core/pt.c:308]: fork_process(): seeding PRNG with 2547850226
 1(8) DEBUG: <core> [core/rand/cryptorand.c:36]: cryptorand_seed(): seeding cryptorand generator with 2547850226
 1(8) DEBUG: <core> [core/rand/fortuna/random.c:175]: sr_add_entropy(): additional 4 bytes entropy added to cryptographic PRNG
 1(8) DEBUG: <core> [core/pt.c:313]: fork_process(): test random numbers 1881089412 943855953 260380370 2813828300
 1(8) DEBUG: <core> [core/sr_module.c:926]: init_child(): initializing PROC_SIPINIT with rank 1
 1(8) DEBUG: <core> [core/sr_module.c:878]: init_mod_child(): idx 1 rank 1: tm [udp receiver child=0 sock=10.100.0.10:5060]
 1(8) DEBUG: tm [callid.c:136]: child_init_callid(): callid: '5d37980660e7aafd-8@10.100.0.10'
 1(8) DEBUG: <core> [core/sr_module.c:878]: init_mod_child(): idx 1 rank 1: tmx [udp receiver child=0 sock=10.100.0.10:5060]
 1(8) DEBUG: tmx [tmx_mod.c:262]: child_init(): rank is (1)
 1(8) DEBUG: <core> [core/sr_module.c:878]: init_mod_child(): idx 1 rank 1: sl [udp receiver child=0 sock=10.100.0.10:5060]
 1(8) DEBUG: <core> [core/sr_module.c:878]: init_mod_child(): idx 1 rank 1: usrloc [udp receiver child=0 sock=10.100.0.10:5060]
 1(8) DEBUG: <core> [core/utils/sruid.c:121]: sruid_init(): root for sruid is [ulcx-6a676f5b-8-] (0 / 16)
 1(8) DEBUG: <core> [core/sr_module.c:878]: init_mod_child(): idx 1 rank 1: registrar [udp receiver child=0 sock=10.100.0.10:5060]
 1(8) DEBUG: <core> [core/utils/sruid.c:121]: sruid_init(): root for sruid is [uloc-6a676f5b-8-] (0 / 16)
 1(8) DEBUG: <core> [core/sr_module.c:878]: init_mod_child(): idx 1 rank 1: ctl [udp receiver child=0 sock=10.100.0.10:5060]
 2(9) DEBUG: <core> [core/pt.c:308]: fork_process(): seeding PRNG with 899658399
 2(9) DEBUG: <core> [core/rand/cryptorand.c:36]: cryptorand_seed(): seeding cryptorand generator with 899658399
 2(9) DEBUG: <core> [core/rand/fortuna/random.c:175]: sr_add_entropy(): additional 4 bytes entropy added to cryptographic PRNG
 2(9) DEBUG: <core> [core/pt.c:313]: fork_process(): test random numbers 2055885951 1739036452 3241163957 1171900821
 2(9) DEBUG: <core> [core/sr_module.c:926]: init_child(): initializing CHILD with rank 2
 1(8) DEBUG: <core> [core/sr_module.c:878]: init_mod_child(): idx 1 rank 1: rtpengine [udp receiver child=0 sock=10.100.0.10:5060]
 2(9) DEBUG: <core> [core/sr_module.c:878]: init_mod_child(): idx 2 rank 2: tm [udp receiver child=1 sock=10.100.0.10:5060]
 2(9) DEBUG: tm [callid.c:136]: child_init_callid(): callid: '5d37980660e7aafd-9@10.100.0.10'
 2(9) DEBUG: <core> [core/sr_module.c:878]: init_mod_child(): idx 2 rank 2: tmx [udp receiver child=1 sock=10.100.0.10:5060]
 2(9) DEBUG: tmx [tmx_mod.c:262]: child_init(): rank is (2)
 2(9) DEBUG: <core> [core/sr_module.c:878]: init_mod_child(): idx 2 rank 2: sl [udp receiver child=1 sock=10.100.0.10:5060]
 2(9) DEBUG: <core> [core/sr_module.c:878]: init_mod_child(): idx 2 rank 2: usrloc [udp receiver child=1 sock=10.100.0.10:5060]
 2(9) DEBUG: <core> [core/utils/sruid.c:121]: sruid_init(): root for sruid is [ulcx-6a676f5b-9-] (0 / 16)
 2(9) DEBUG: <core> [core/sr_module.c:878]: init_mod_child(): idx 2 rank 2: registrar [udp receiver child=1 sock=10.100.0.10:5060]
 2(9) DEBUG: <core> [core/utils/sruid.c:121]: sruid_init(): root for sruid is [uloc-6a676f5b-9-] (0 / 16)
 2(9) DEBUG: <core> [core/sr_module.c:878]: init_mod_child(): idx 2 rank 2: ctl [udp receiver child=1 sock=10.100.0.10:5060]
 2(9) DEBUG: <core> [core/sr_module.c:878]: init_mod_child(): idx 2 rank 2: rtpengine [udp receiver child=1 sock=10.100.0.10:5060]
 1(8) DEBUG: rtpengine [rtpengine.c:777]: bind_force_send_ip(): force_send_ip_str not specified in .cfg file!
 3(10) DEBUG: <core> [core/pt.c:308]: fork_process(): seeding PRNG with 760377547
 3(10) DEBUG: <core> [core/rand/cryptorand.c:36]: cryptorand_seed(): seeding cryptorand generator with 760377547
 3(10) DEBUG: <core> [core/rand/fortuna/random.c:175]: sr_add_entropy(): additional 4 bytes entropy added to cryptographic PRNG
 2(9) DEBUG: rtpengine [rtpengine.c:777]: bind_force_send_ip(): force_send_ip_str not specified in .cfg file!
 2(9) DEBUG: <core> [core/sr_module.c:878]: init_mod_child(): idx 2 rank 2: nathelper [udp receiver child=1 sock=10.100.0.10:5060]
 3(10) DEBUG: <core> [core/pt.c:313]: fork_process(): test random numbers 1106151697 407756925 1662410731 558727091
 3(10) DEBUG: <core> [core/sr_module.c:926]: init_child(): initializing CHILD with rank 3
 3(10) DEBUG: <core> [core/sr_module.c:878]: init_mod_child(): idx 3 rank 3: tm [udp receiver child=2 sock=10.100.0.10:5060]
 4(11) DEBUG: <core> [core/pt.c:308]: fork_process(): seeding PRNG with 3805279551
 4(11) DEBUG: <core> [core/rand/cryptorand.c:36]: cryptorand_seed(): seeding cryptorand generator with 3805279551
 4(11) DEBUG: <core> [core/rand/fortuna/random.c:175]: sr_add_entropy(): additional 4 bytes entropy added to cryptographic PRNG
 4(11) DEBUG: <core> [core/pt.c:313]: fork_process(): test random numbers 1347660102 410851871 1969486135 2256948883
 4(11) DEBUG: <core> [core/sr_module.c:926]: init_child(): initializing CHILD with rank 4
 4(11) DEBUG: <core> [core/sr_module.c:878]: init_mod_child(): idx 4 rank 4: tm [udp receiver child=3 sock=10.100.0.10:5060]
 4(11) DEBUG: tm [callid.c:136]: child_init_callid(): callid: '5d37980660e7aafd-11@10.100.0.10'
 4(11) DEBUG: <core> [core/sr_module.c:878]: init_mod_child(): idx 4 rank 4: tmx [udp receiver child=3 sock=10.100.0.10:5060]
 4(11) DEBUG: tmx [tmx_mod.c:262]: child_init(): rank is (4)
 4(11) DEBUG: <core> [core/sr_module.c:878]: init_mod_child(): idx 4 rank 4: sl [udp receiver child=3 sock=10.100.0.10:5060]
 4(11) DEBUG: <core> [core/sr_module.c:878]: init_mod_child(): idx 4 rank 4: usrloc [udp receiver child=3 sock=10.100.0.10:5060]
 4(11) DEBUG: <core> [core/utils/sruid.c:121]: sruid_init(): root for sruid is [ulcx-6a676f5b-b-] (0 / 16)
 4(11) DEBUG: <core> [core/sr_module.c:878]: init_mod_child(): idx 4 rank 4: registrar [udp receiver child=3 sock=10.100.0.10:5060]
 3(10) DEBUG: tm [callid.c:136]: child_init_callid(): callid: '5d37980660e7aafd-10@10.100.0.10'
 3(10) DEBUG: <core> [core/sr_module.c:878]: init_mod_child(): idx 3 rank 3: tmx [udp receiver child=2 sock=10.100.0.10:5060]
 3(10) DEBUG: tmx [tmx_mod.c:262]: child_init(): rank is (3)
 3(10) DEBUG: <core> [core/sr_module.c:878]: init_mod_child(): idx 3 rank 3: sl [udp receiver child=2 sock=10.100.0.10:5060]
 3(10) DEBUG: <core> [core/sr_module.c:878]: init_mod_child(): idx 3 rank 3: usrloc [udp receiver child=2 sock=10.100.0.10:5060]
 3(10) DEBUG: <core> [core/utils/sruid.c:121]: sruid_init(): root for sruid is [ulcx-6a676f5b-a-] (0 / 16)
 3(10) DEBUG: <core> [core/sr_module.c:878]: init_mod_child(): idx 3 rank 3: registrar [udp receiver child=2 sock=10.100.0.10:5060]
 3(10) DEBUG: <core> [core/utils/sruid.c:121]: sruid_init(): root for sruid is [uloc-6a676f5b-a-] (0 / 16)
 3(10) DEBUG: <core> [core/sr_module.c:878]: init_mod_child(): idx 3 rank 3: ctl [udp receiver child=2 sock=10.100.0.10:5060]
 3(10) DEBUG: <core> [core/sr_module.c:878]: init_mod_child(): idx 3 rank 3: rtpengine [udp receiver child=2 sock=10.100.0.10:5060]
 3(10) DEBUG: rtpengine [rtpengine.c:777]: bind_force_send_ip(): force_send_ip_str not specified in .cfg file!
 5(12) DEBUG: <core> [core/pt.c:308]: fork_process(): seeding PRNG with 304024627
 5(12) DEBUG: <core> [core/rand/cryptorand.c:36]: cryptorand_seed(): seeding cryptorand generator with 304024627
 5(12) DEBUG: <core> [core/rand/fortuna/random.c:175]: sr_add_entropy(): additional 4 bytes entropy added to cryptographic PRNG
 5(12) DEBUG: <core> [core/pt.c:313]: fork_process(): test random numbers 1238153014 1010693503 1463254619 1011062826
 5(12) DEBUG: <core> [core/sr_module.c:926]: init_child(): initializing CHILD with rank 5
 5(12) DEBUG: <core> [core/sr_module.c:878]: init_mod_child(): idx 5 rank 5: tm [udp receiver child=0 sock=0.0.0.0:5060]
 5(12) DEBUG: tm [callid.c:136]: child_init_callid(): callid: '5d37980660e7aafd-12@10.100.0.10'
 5(12) DEBUG: <core> [core/sr_module.c:878]: init_mod_child(): idx 5 rank 5: tmx [udp receiver child=0 sock=0.0.0.0:5060]
 5(12) DEBUG: tmx [tmx_mod.c:262]: child_init(): rank is (5)
 5(12) DEBUG: <core> [core/sr_module.c:878]: init_mod_child(): idx 5 rank 5: sl [udp receiver child=0 sock=0.0.0.0:5060]
 5(12) DEBUG: <core> [core/sr_module.c:878]: init_mod_child(): idx 5 rank 5: usrloc [udp receiver child=0 sock=0.0.0.0:5060]
 4(11) DEBUG: <core> [core/utils/sruid.c:121]: sruid_init(): root for sruid is [uloc-6a676f5b-b-] (0 / 16)
 5(12) DEBUG: <core> [core/utils/sruid.c:121]: sruid_init(): root for sruid is [ulcx-6a676f5b-c-] (0 / 16)
 4(11) DEBUG: <core> [core/sr_module.c:878]: init_mod_child(): idx 4 rank 4: ctl [udp receiver child=3 sock=10.100.0.10:5060]
 5(12) DEBUG: <core> [core/sr_module.c:878]: init_mod_child(): idx 5 rank 5: registrar [udp receiver child=0 sock=0.0.0.0:5060]
 5(12) DEBUG: <core> [core/utils/sruid.c:121]: sruid_init(): root for sruid is [uloc-6a676f5b-c-] (0 / 16)
 3(10) DEBUG: <core> [core/sr_module.c:878]: init_mod_child(): idx 3 rank 3: nathelper [udp receiver child=2 sock=10.100.0.10:5060]
 5(12) DEBUG: <core> [core/sr_module.c:878]: init_mod_child(): idx 5 rank 5: ctl [udp receiver child=0 sock=0.0.0.0:5060]
 5(12) DEBUG: <core> [core/sr_module.c:878]: init_mod_child(): idx 5 rank 5: rtpengine [udp receiver child=0 sock=0.0.0.0:5060]
 6(13) DEBUG: <core> [core/pt.c:308]: fork_process(): seeding PRNG with 2957064445
 4(11) DEBUG: <core> [core/sr_module.c:878]: init_mod_child(): idx 4 rank 4: rtpengine [udp receiver child=3 sock=10.100.0.10:5060]
 4(11) DEBUG: rtpengine [rtpengine.c:777]: bind_force_send_ip(): force_send_ip_str not specified in .cfg file!
 5(12) DEBUG: rtpengine [rtpengine.c:777]: bind_force_send_ip(): force_send_ip_str not specified in .cfg file!
 6(13) DEBUG: <core> [core/rand/cryptorand.c:36]: cryptorand_seed(): seeding cryptorand generator with 2957064445
 4(11) DEBUG: <core> [core/sr_module.c:878]: init_mod_child(): idx 4 rank 4: nathelper [udp receiver child=3 sock=10.100.0.10:5060]
 6(13) DEBUG: <core> [core/rand/fortuna/random.c:175]: sr_add_entropy(): additional 4 bytes entropy added to cryptographic PRNG
 5(12) DEBUG: <core> [core/sr_module.c:878]: init_mod_child(): idx 5 rank 5: nathelper [udp receiver child=0 sock=0.0.0.0:5060]
 6(13) DEBUG: <core> [core/pt.c:313]: fork_process(): test random numbers 1202447679 1994623153 2891593593 1352406005
 6(13) DEBUG: <core> [core/sr_module.c:926]: init_child(): initializing CHILD with rank 6
 6(13) DEBUG: <core> [core/sr_module.c:878]: init_mod_child(): idx 6 rank 6: tm [udp receiver child=1 sock=0.0.0.0:5060]
 6(13) DEBUG: tm [callid.c:136]: child_init_callid(): callid: '5d37980660e7aafd-13@10.100.0.10'
 6(13) DEBUG: <core> [core/sr_module.c:878]: init_mod_child(): idx 6 rank 6: tmx [udp receiver child=1 sock=0.0.0.0:5060]
 6(13) DEBUG: tmx [tmx_mod.c:262]: child_init(): rank is (6)
 6(13) DEBUG: <core> [core/sr_module.c:878]: init_mod_child(): idx 6 rank 6: sl [udp receiver child=1 sock=0.0.0.0:5060]
 6(13) DEBUG: <core> [core/sr_module.c:878]: init_mod_child(): idx 6 rank 6: usrloc [udp receiver child=1 sock=0.0.0.0:5060]
 6(13) DEBUG: <core> [core/utils/sruid.c:121]: sruid_init(): root for sruid is [ulcx-6a676f5b-d-] (0 / 16)
 6(13) DEBUG: <core> [core/sr_module.c:878]: init_mod_child(): idx 6 rank 6: registrar [udp receiver child=1 sock=0.0.0.0:5060]
 6(13) DEBUG: <core> [core/utils/sruid.c:121]: sruid_init(): root for sruid is [uloc-6a676f5b-d-] (0 / 16)
 6(13) DEBUG: <core> [core/sr_module.c:878]: init_mod_child(): idx 6 rank 6: ctl [udp receiver child=1 sock=0.0.0.0:5060]
 6(13) DEBUG: <core> [core/sr_module.c:878]: init_mod_child(): idx 6 rank 6: rtpengine [udp receiver child=1 sock=0.0.0.0:5060]
 7(14) DEBUG: <core> [core/pt.c:308]: fork_process(): seeding PRNG with 2343890716
 7(14) DEBUG: <core> [core/rand/cryptorand.c:36]: cryptorand_seed(): seeding cryptorand generator with 2343890716
 7(14) DEBUG: <core> [core/rand/fortuna/random.c:175]: sr_add_entropy(): additional 4 bytes entropy added to cryptographic PRNG
 7(14) DEBUG: <core> [core/pt.c:313]: fork_process(): test random numbers 572630320 2081030121 2810393292 3196290829
 7(14) DEBUG: <core> [core/sr_module.c:926]: init_child(): initializing CHILD with rank 7
 7(14) DEBUG: <core> [core/sr_module.c:878]: init_mod_child(): idx 7 rank 7: tm [udp receiver child=2 sock=0.0.0.0:5060]
 7(14) DEBUG: tm [callid.c:136]: child_init_callid(): callid: '5d37980660e7aafd-14@10.100.0.10'
 7(14) DEBUG: <core> [core/sr_module.c:878]: init_mod_child(): idx 7 rank 7: tmx [udp receiver child=2 sock=0.0.0.0:5060]
 7(14) DEBUG: tmx [tmx_mod.c:262]: child_init(): rank is (7)
 7(14) DEBUG: <core> [core/sr_module.c:878]: init_mod_child(): idx 7 rank 7: sl [udp receiver child=2 sock=0.0.0.0:5060]
 7(14) DEBUG: <core> [core/sr_module.c:878]: init_mod_child(): idx 7 rank 7: usrloc [udp receiver child=2 sock=0.0.0.0:5060]
 7(14) DEBUG: <core> [core/utils/sruid.c:121]: sruid_init(): root for sruid is [ulcx-6a676f5b-e-] (0 / 16)
 7(14) DEBUG: <core> [core/sr_module.c:878]: init_mod_child(): idx 7 rank 7: registrar [udp receiver child=2 sock=0.0.0.0:5060]
 7(14) DEBUG: <core> [core/utils/sruid.c:121]: sruid_init(): root for sruid is [uloc-6a676f5b-e-] (0 / 16)
 7(14) DEBUG: <core> [core/sr_module.c:878]: init_mod_child(): idx 7 rank 7: ctl [udp receiver child=2 sock=0.0.0.0:5060]
 6(13) DEBUG: rtpengine [rtpengine.c:777]: bind_force_send_ip(): force_send_ip_str not specified in .cfg file!
 6(13) DEBUG: <core> [core/sr_module.c:878]: init_mod_child(): idx 6 rank 6: nathelper [udp receiver child=1 sock=0.0.0.0:5060]
 8(15) DEBUG: <core> [core/pt.c:308]: fork_process(): seeding PRNG with 4042112509
 8(15) DEBUG: <core> [core/rand/cryptorand.c:36]: cryptorand_seed(): seeding cryptorand generator with 4042112509
 8(15) DEBUG: <core> [core/rand/fortuna/random.c:175]: sr_add_entropy(): additional 4 bytes entropy added to cryptographic PRNG
 8(15) DEBUG: <core> [core/pt.c:313]: fork_process(): test random numbers 1838941411 292444748 726756033 2579706313
 7(14) DEBUG: <core> [core/sr_module.c:878]: init_mod_child(): idx 7 rank 7: rtpengine [udp receiver child=2 sock=0.0.0.0:5060]
 8(15) DEBUG: <core> [core/sr_module.c:926]: init_child(): initializing CHILD with rank 8
 7(14) DEBUG: rtpengine [rtpengine.c:777]: bind_force_send_ip(): force_send_ip_str not specified in .cfg file!
 7(14) DEBUG: <core> [core/sr_module.c:878]: init_mod_child(): idx 7 rank 7: nathelper [udp receiver child=2 sock=0.0.0.0:5060]
 8(15) DEBUG: <core> [core/sr_module.c:878]: init_mod_child(): idx 8 rank 8: tm [udp receiver child=3 sock=0.0.0.0:5060]
 8(15) DEBUG: tm [callid.c:136]: child_init_callid(): callid: '5d37980660e7aafd-15@10.100.0.10'
 8(15) DEBUG: <core> [core/sr_module.c:878]: init_mod_child(): idx 8 rank 8: tmx [udp receiver child=3 sock=0.0.0.0:5060]
 8(15) DEBUG: tmx [tmx_mod.c:262]: child_init(): rank is (8)
 8(15) DEBUG: <core> [core/sr_module.c:878]: init_mod_child(): idx 8 rank 8: sl [udp receiver child=3 sock=0.0.0.0:5060]
 8(15) DEBUG: <core> [core/sr_module.c:878]: init_mod_child(): idx 8 rank 8: usrloc [udp receiver child=3 sock=0.0.0.0:5060]
 8(15) DEBUG: <core> [core/utils/sruid.c:121]: sruid_init(): root for sruid is [ulcx-6a676f5b-f-] (0 / 16)
 8(15) DEBUG: <core> [core/sr_module.c:878]: init_mod_child(): idx 8 rank 8: registrar [udp receiver child=3 sock=0.0.0.0:5060]
 8(15) DEBUG: <core> [core/utils/sruid.c:121]: sruid_init(): root for sruid is [uloc-6a676f5b-f-] (0 / 16)
 8(15) DEBUG: <core> [core/sr_module.c:878]: init_mod_child(): idx 8 rank 8: ctl [udp receiver child=3 sock=0.0.0.0:5060]
 8(15) DEBUG: <core> [core/sr_module.c:878]: init_mod_child(): idx 8 rank 8: rtpengine [udp receiver child=3 sock=0.0.0.0:5060]
 8(15) DEBUG: rtpengine [rtpengine.c:777]: bind_force_send_ip(): force_send_ip_str not specified in .cfg file!
10(17) DEBUG: <core> [core/pt.c:308]: fork_process(): seeding PRNG with 3137569633
10(17) DEBUG: <core> [core/rand/cryptorand.c:36]: cryptorand_seed(): seeding cryptorand generator with 3137569633
10(17) DEBUG: <core> [core/rand/fortuna/random.c:175]: sr_add_entropy(): additional 4 bytes entropy added to cryptographic PRNG
10(17) DEBUG: <core> [core/pt.c:313]: fork_process(): test random numbers 481833401 1065315238 3556512562 4009975635
 9(16) DEBUG: <core> [core/pt.c:308]: fork_process(): seeding PRNG with 2796226453
10(17) DEBUG: <core> [core/sr_module.c:926]: init_child(): initializing PROC_TIMER with rank -1
 9(16) DEBUG: <core> [core/rand/cryptorand.c:36]: cryptorand_seed(): seeding cryptorand generator with 2796226453
 9(16) DEBUG: <core> [core/rand/fortuna/random.c:175]: sr_add_entropy(): additional 4 bytes entropy added to cryptographic PRNG
 8(15) DEBUG: <core> [core/sr_module.c:878]: init_mod_child(): idx 8 rank 8: nathelper [udp receiver child=3 sock=0.0.0.0:5060]
 9(16) DEBUG: <core> [core/pt.c:313]: fork_process(): test random numbers 1247633902 1368274443 3808832619 1887142827
 9(16) DEBUG: <core> [core/sr_module.c:926]: init_child(): initializing PROC_TIMER with rank -1
10(17) DEBUG: <core> [core/sr_module.c:878]: init_mod_child(): idx 10 rank -1: tm [timer]
 0(1) DEBUG: <core> [core/sr_module.c:926]: init_child(): initializing PROC_MAIN with rank 0
10(17) DEBUG: tm [callid.c:136]: child_init_callid(): callid: '5d37980660e7aafd-17@10.100.0.10'
10(17) DEBUG: <core> [core/sr_module.c:878]: init_mod_child(): idx 10 rank -1: tmx [timer]
10(17) DEBUG: tmx [tmx_mod.c:262]: child_init(): rank is (-1)
 0(1) DEBUG: <core> [core/sr_module.c:878]: init_mod_child(): idx 0 rank 0: tm [main]
10(17) DEBUG: <core> [core/sr_module.c:878]: init_mod_child(): idx 10 rank -1: sl [timer]
10(17) DEBUG: <core> [core/sr_module.c:878]: init_mod_child(): idx 10 rank -1: usrloc [timer]
 0(1) DEBUG: tm [callid.c:136]: child_init_callid(): callid: '5d37980660e7aafd-1@10.100.0.10'
 0(1) DEBUG: <core> [core/sr_module.c:878]: init_mod_child(): idx 0 rank 0: tmx [main]
 0(1) DEBUG: tmx [tmx_mod.c:262]: child_init(): rank is (0)
 0(1) DEBUG: <core> [core/sr_module.c:878]: init_mod_child(): idx 0 rank 0: sl [main]
 0(1) DEBUG: <core> [core/sr_module.c:878]: init_mod_child(): idx 0 rank 0: usrloc [main]
 0(1) DEBUG: <core> [core/utils/sruid.c:121]: sruid_init(): root for sruid is [ulcx-6a676f5b-1-] (0 / 16)
10(17) DEBUG: <core> [core/utils/sruid.c:121]: sruid_init(): root for sruid is [ulcx-6a676f5b-11-] (0 / 17)
 0(1) DEBUG: <core> [core/sr_module.c:878]: init_mod_child(): idx 0 rank 0: registrar [main]
10(17) DEBUG: <core> [core/sr_module.c:878]: init_mod_child(): idx 10 rank -1: registrar [timer]
 0(1) DEBUG: <core> [core/utils/sruid.c:121]: sruid_init(): root for sruid is [uloc-6a676f5b-1-] (0 / 16)
 0(1) DEBUG: <core> [core/sr_module.c:878]: init_mod_child(): idx 0 rank 0: ctl [main]
 0(1) DEBUG: ctl [ctl.c:322]: mod_child(): ctl: mod_child(0), ctrl_sock_lst=0x5c44b5e339b0
10(17) DEBUG: <core> [core/utils/sruid.c:121]: sruid_init(): root for sruid is [uloc-6a676f5b-11-] (0 / 17)
10(17) DEBUG: <core> [core/sr_module.c:878]: init_mod_child(): idx 10 rank -1: ctl [timer]
10(17) DEBUG: <core> [core/sr_module.c:878]: init_mod_child(): idx 10 rank -1: rtpengine [timer]
10(17) DEBUG: rtpengine [rtpengine.c:777]: bind_force_send_ip(): force_send_ip_str not specified in .cfg file!
11(18) DEBUG: <core> [core/pt.c:308]: fork_process(): seeding PRNG with 686487162
10(17) DEBUG: <core> [core/sr_module.c:878]: init_mod_child(): idx 10 rank -1: nathelper [timer]
11(18) DEBUG: <core> [core/rand/cryptorand.c:36]: cryptorand_seed(): seeding cryptorand generator with 686487162
11(18) DEBUG: <core> [core/rand/fortuna/random.c:175]: sr_add_entropy(): additional 4 bytes entropy added to cryptographic PRNG
 9(16) DEBUG: <core> [core/sr_module.c:878]: init_mod_child(): idx 9 rank -1: tm [slow timer]
 9(16) DEBUG: tm [callid.c:136]: child_init_callid(): callid: '5d37980660e7aafd-16@10.100.0.10'
 9(16) DEBUG: <core> [core/sr_module.c:878]: init_mod_child(): idx 9 rank -1: tmx [slow timer]
 9(16) DEBUG: tmx [tmx_mod.c:262]: child_init(): rank is (-1)
 9(16) DEBUG: <core> [core/sr_module.c:878]: init_mod_child(): idx 9 rank -1: sl [slow timer]
 9(16) DEBUG: <core> [core/sr_module.c:878]: init_mod_child(): idx 9 rank -1: usrloc [slow timer]
 9(16) DEBUG: <core> [core/utils/sruid.c:121]: sruid_init(): root for sruid is [ulcx-6a676f5b-10-] (0 / 17)
 9(16) DEBUG: <core> [core/sr_module.c:878]: init_mod_child(): idx 9 rank -1: registrar [slow timer]
 9(16) DEBUG: <core> [core/utils/sruid.c:121]: sruid_init(): root for sruid is [uloc-6a676f5b-10-] (0 / 17)
 9(16) DEBUG: <core> [core/sr_module.c:878]: init_mod_child(): idx 9 rank -1: ctl [slow timer]
 0(1) DEBUG: ctl [ctl.c:329]: mod_child(): ctl: mod_child(0), fork_process=19, csl=0x5c44b5e339b0
 9(16) DEBUG: <core> [core/sr_module.c:878]: init_mod_child(): idx 9 rank -1: rtpengine [slow timer]
 0(1) DEBUG: <core> [core/sr_module.c:878]: init_mod_child(): idx 0 rank 0: rtpengine [main]
 0(1) DEBUG: <core> [core/sr_module.c:878]: init_mod_child(): idx 0 rank 0: nathelper [main]
11(18) DEBUG: <core> [core/pt.c:313]: fork_process(): test random numbers 593757631 1530177089 3511641333 1201188602
11(18) DEBUG: <core> [core/sr_module.c:926]: init_child(): initializing PROC_TIMER with rank -1
11(18) DEBUG: <core> [core/sr_module.c:878]: init_mod_child(): idx 11 rank -1: tm [secondary timer]
11(18) DEBUG: tm [callid.c:136]: child_init_callid(): callid: '5d37980660e7aafd-18@10.100.0.10'
11(18) DEBUG: <core> [core/sr_module.c:878]: init_mod_child(): idx 11 rank -1: tmx [secondary timer]
12(19) DEBUG: <core> [core/pt.c:308]: fork_process(): seeding PRNG with 69902647
11(18) DEBUG: tmx [tmx_mod.c:262]: child_init(): rank is (-1)
11(18) DEBUG: <core> [core/sr_module.c:878]: init_mod_child(): idx 11 rank -1: sl [secondary timer]
12(19) DEBUG: <core> [core/rand/cryptorand.c:36]: cryptorand_seed(): seeding cryptorand generator with 69902647
12(19) DEBUG: <core> [core/rand/fortuna/random.c:175]: sr_add_entropy(): additional 4 bytes entropy added to cryptographic PRNG
11(18) DEBUG: <core> [core/sr_module.c:878]: init_mod_child(): idx 11 rank -1: usrloc [secondary timer]
12(19) DEBUG: <core> [core/pt.c:313]: fork_process(): test random numbers 644622433 413534247 2770009897 2005013092
11(18) DEBUG: <core> [core/utils/sruid.c:121]: sruid_init(): root for sruid is [ulcx-6a676f5b-12-] (0 / 17)
12(19) DEBUG: <core> [core/sr_module.c:926]: init_child(): initializing PROC_RPC with rank -2
11(18) DEBUG: <core> [core/sr_module.c:878]: init_mod_child(): idx 11 rank -1: registrar [secondary timer]
11(18) DEBUG: <core> [core/utils/sruid.c:121]: sruid_init(): root for sruid is [uloc-6a676f5b-12-] (0 / 17)
11(18) DEBUG: <core> [core/sr_module.c:878]: init_mod_child(): idx 11 rank -1: ctl [secondary timer]
12(19) DEBUG: <core> [core/sr_module.c:878]: init_mod_child(): idx 12 rank -2: tm [ctl handler]
12(19) DEBUG: tm [callid.c:136]: child_init_callid(): callid: '5d37980660e7aafd-19@10.100.0.10'
12(19) DEBUG: <core> [core/sr_module.c:878]: init_mod_child(): idx 12 rank -2: tmx [ctl handler]
12(19) DEBUG: tmx [tmx_mod.c:262]: child_init(): rank is (-2)
12(19) DEBUG: <core> [core/sr_module.c:878]: init_mod_child(): idx 12 rank -2: sl [ctl handler]
11(18) DEBUG: <core> [core/sr_module.c:878]: init_mod_child(): idx 11 rank -1: rtpengine [secondary timer]
12(19) DEBUG: <core> [core/sr_module.c:878]: init_mod_child(): idx 12 rank -2: usrloc [ctl handler]
 9(16) DEBUG: rtpengine [rtpengine.c:777]: bind_force_send_ip(): force_send_ip_str not specified in .cfg file!
12(19) DEBUG: <core> [core/utils/sruid.c:121]: sruid_init(): root for sruid is [ulcx-6a676f5b-13-] (0 / 17)
12(19) DEBUG: <core> [core/sr_module.c:878]: init_mod_child(): idx 12 rank -2: registrar [ctl handler]
11(18) DEBUG: rtpengine [rtpengine.c:777]: bind_force_send_ip(): force_send_ip_str not specified in .cfg file!
11(18) DEBUG: <core> [core/sr_module.c:878]: init_mod_child(): idx 11 rank -1: nathelper [secondary timer]
 0(1) DEBUG: <core> [core/sr_module.c:926]: init_child(): initializing PROC_POSTCHILDINIT with rank -126
 9(16) DEBUG: <core> [core/sr_module.c:878]: init_mod_child(): idx 9 rank -1: nathelper [slow timer]
 0(1) DEBUG: <core> [main.c:1890]: main_loop(): Expect maximum 2123  open fds
12(19) DEBUG: <core> [core/utils/sruid.c:121]: sruid_init(): root for sruid is [uloc-6a676f5b-13-] (0 / 17)
12(19) DEBUG: <core> [core/sr_module.c:878]: init_mod_child(): idx 12 rank -2: ctl [ctl handler]
12(19) DEBUG: <core> [core/sr_module.c:878]: init_mod_child(): idx 12 rank -2: rtpengine [ctl handler]
12(19) DEBUG: rtpengine [rtpengine.c:777]: bind_force_send_ip(): force_send_ip_str not specified in .cfg file!
12(19) DEBUG: <core> [core/sr_module.c:878]: init_mod_child(): idx 12 rank -2: nathelper [ctl handler]
12(19) DEBUG: ctl [ctl.c:329]: mod_child(): ctl: mod_child(0), fork_process=0, csl=0x5c44b5e339b0
12(19) DEBUG: ctl [ctl.c:336]: mod_child(): ctl: 0 io_listen_loop(1, 0x5c44b5e339b0)
12(19) INFO: ctl [io_listener.c:213]: io_listen_loop(): io_listen_loop:  using epoll_lt io watch method (config)
13(20) DEBUG: <core> [core/pt.c:308]: fork_process(): seeding PRNG with 3672306458
13(20) DEBUG: <core> [core/rand/cryptorand.c:36]: cryptorand_seed(): seeding cryptorand generator with 3672306458
13(20) DEBUG: <core> [core/rand/fortuna/random.c:175]: sr_add_entropy(): additional 4 bytes entropy added to cryptographic PRNG
13(20) DEBUG: <core> [core/pt.c:313]: fork_process(): test random numbers 159143569 1230853854 1430159998 1992904862
13(20) DEBUG: <core> [core/sr_module.c:926]: init_child(): initializing PROC_TCP_MAIN with rank -4
13(20) DEBUG: <core> [core/sr_module.c:878]: init_mod_child(): idx 13 rank -4: tm [tcp main process]
12(19) DEBUG: ctl [io_listener.c:245]: io_listen_loop(): io_listen_loop: adding socket 4, type 2, transport 3 (/var/run/kamailio//kamailio_ctl)
12(19) DEBUG: ctl [../../core/io_wait.h:374]: io_watch_add(): processing io_watch_add(0x72459ae0b160, 4, 2, 0x5c44b5e339b0) - fd_no=0
13(20) DEBUG: tm [callid.c:136]: child_init_callid(): callid: '5d37980660e7aafd-20@10.100.0.10'
13(20) DEBUG: <core> [core/sr_module.c:878]: init_mod_child(): idx 13 rank -4: tmx [tcp main process]
13(20) DEBUG: tmx [tmx_mod.c:262]: child_init(): rank is (-4)
13(20) DEBUG: <core> [core/sr_module.c:878]: init_mod_child(): idx 13 rank -4: sl [tcp main process]
13(20) DEBUG: <core> [core/sr_module.c:878]: init_mod_child(): idx 13 rank -4: usrloc [tcp main process]
13(20) DEBUG: <core> [core/utils/sruid.c:121]: sruid_init(): root for sruid is [ulcx-6a676f5b-14-] (0 / 17)
13(20) DEBUG: <core> [core/sr_module.c:878]: init_mod_child(): idx 13 rank -4: registrar [tcp main process]
13(20) DEBUG: <core> [core/utils/sruid.c:121]: sruid_init(): root for sruid is [uloc-6a676f5b-14-] (0 / 17)
13(20) DEBUG: <core> [core/sr_module.c:878]: init_mod_child(): idx 13 rank -4: ctl [tcp main process]
13(20) DEBUG: <core> [core/sr_module.c:878]: init_mod_child(): idx 13 rank -4: rtpengine [tcp main process]
13(20) DEBUG: rtpengine [rtpengine.c:777]: bind_force_send_ip(): force_send_ip_str not specified in .cfg file!
13(20) DEBUG: <core> [core/sr_module.c:878]: init_mod_child(): idx 13 rank -4: nathelper [tcp main process]
13(20) DEBUG: <core> [core/local_timer.c:60]: init_local_timer(): timer_list between 0x5c44aa489588 and 0x5c44aa4cd588
13(20) DEBUG: <core> [core/io_wait.h:374]: io_watch_add(): processing io_watch_add(0x5c44aa4cd5a0, 8, 4, 0x724596f8754c) - fd_no=0
13(20) DEBUG: <core> [core/io_wait.h:374]: io_watch_add(): processing io_watch_add(0x5c44aa4cd5a0, 9, 4, 0x724596f875e0) - fd_no=1
13(20) DEBUG: <core> [core/io_wait.h:374]: io_watch_add(): processing io_watch_add(0x5c44aa4cd5a0, 10, 4, 0x724596f87674) - fd_no=2
13(20) DEBUG: <core> [core/io_wait.h:374]: io_watch_add(): processing io_watch_add(0x5c44aa4cd5a0, 11, 4, 0x724596f87708) - fd_no=3
13(20) DEBUG: <core> [core/io_wait.h:374]: io_watch_add(): processing io_watch_add(0x5c44aa4cd5a0, 12, 4, 0x724596f8779c) - fd_no=4
13(20) DEBUG: <core> [core/io_wait.h:374]: io_watch_add(): processing io_watch_add(0x5c44aa4cd5a0, 13, 4, 0x724596f87830) - fd_no=5
13(20) DEBUG: <core> [core/io_wait.h:374]: io_watch_add(): processing io_watch_add(0x5c44aa4cd5a0, 14, 4, 0x724596f878c4) - fd_no=6
13(20) DEBUG: <core> [core/io_wait.h:374]: io_watch_add(): processing io_watch_add(0x5c44aa4cd5a0, 15, 4, 0x724596f87958) - fd_no=7
13(20) DEBUG: <core> [core/io_wait.h:374]: io_watch_add(): processing io_watch_add(0x5c44aa4cd5a0, 16, 4, 0x724596f879ec) - fd_no=8
13(20) DEBUG: <core> [core/io_wait.h:374]: io_watch_add(): processing io_watch_add(0x5c44aa4cd5a0, 17, 4, 0x724596f87a80) - fd_no=9
13(20) DEBUG: <core> [core/io_wait.h:374]: io_watch_add(): processing io_watch_add(0x5c44aa4cd5a0, 18, 4, 0x724596f87b14) - fd_no=10
13(20) DEBUG: <core> [core/io_wait.h:374]: io_watch_add(): processing io_watch_add(0x5c44aa4cd5a0, 19, 4, 0x724596f87ba8) - fd_no=11
 1(8) ERROR: rtpengine [rtpengine.c:3070]: send_rtpp_command(): can't send command "ping" to RTPEngine <udp:10.100.0.11:22222>
 1(8) ERROR: rtpengine [rtpengine.c:2919]: rtpp_test(): proxy did not respond to ping
 1(8) DEBUG: <core> [core/sr_module.c:878]: init_mod_child(): idx 1 rank 1: nathelper [udp receiver child=0 sock=10.100.0.10:5060]
 1(8) DEBUG: <core> [core/action.c:1687]: run_child_one_init_route(): attempting to run event_route[core:worker-one-init]
 1(8) DEBUG: <core> [core/route.c:132]: route_add(): mapping routing block (0x5c44aa489020)[core:worker-one-init] to 2
 2(9) DEBUG: <core> [core/udp_server.c:494]: udp_rcv_loop(): received on udp socket: (112/100/510) [[REGISTER sip:10.100.0.10 SIP/2.0 0D  0A Via: SIP/2.0/UDP 10.45.0.2:5080;branch=z9hG4bK.zvcT~hXd2;rport 0D  0A Fr]]
 2(9) DEBUG: <core> [core/parser/parse_fline.c:249]: parse_first_line(): first line type 1 (request) flags 1
 2(9) DEBUG: <core> [core/parser/msg_parser.c:679]: parse_msg(): SIP Request:
 2(9) DEBUG: <core> [core/parser/msg_parser.c:680]: parse_msg():  method:  <REGISTER>
 2(9) DEBUG: <core> [core/parser/msg_parser.c:682]: parse_msg():  uri:     <sip:10.100.0.10>
 2(9) DEBUG: <core> [core/parser/msg_parser.c:684]: parse_msg():  version: <SIP/2.0>
 2(9) DEBUG: <core> [core/parser/parse_hname2.c:301]: parse_sip_header_name(): parsed header name [Via] type 1
 2(9) DEBUG: <core> [core/parser/parse_via.c:1300]: parse_via_param(): Found param type 232, <branch> = <z9hG4bK.zvcT~hXd2>; state=6
 2(9) DEBUG: <core> [core/parser/parse_via.c:1300]: parse_via_param(): Found param type 235, <rport> = <n/a>; state=17
 2(9) DEBUG: <core> [core/parser/parse_via.c:2639]: parse_via(): end of header reached, state=5
 2(9) DEBUG: <core> [core/parser/msg_parser.c:555]: parse_headers(): Via found, flags=2
 2(9) DEBUG: <core> [core/parser/msg_parser.c:557]: parse_headers(): this is the first via
 2(9) DEBUG: <core> [core/parser/parse_hname2.c:301]: parse_sip_header_name(): parsed header name [From] type 4
 2(9) DEBUG: <core> [core/parser/parse_hname2.c:301]: parse_sip_header_name(): parsed header name [To] type 3
 2(9) DEBUG: <core> [core/parser/parse_addr_spec.c:884]: parse_addr_spec(): end of header reached, state=9
 2(9) DEBUG: <core> [core/parser/msg_parser.c:172]: get_hdr_field(): <To> [21]; uri=[sip:ue2@10.100.0.10]
 2(9) DEBUG: <core> [core/parser/msg_parser.c:174]: get_hdr_field(): to body (21)[sip:ue2@10.100.0.10
], to tag (0)[]
 2(9) DEBUG: <core> [core/parser/parse_hname2.c:301]: parse_sip_header_name(): parsed header name [CSeq] type 5
 2(9) DEBUG: <core> [core/parser/msg_parser.c:152]: get_hdr_field(): cseq <CSeq>: <20> <REGISTER>
 2(9) DEBUG: <core> [core/parser/parse_hname2.c:301]: parse_sip_header_name(): parsed header name [Call-ID] type 6
 2(9) DEBUG: <core> [core/receive.c:389]: receive_msg(): --- received sip message - request - call-id: [JwYmbwjr0W] - cseq: [20 REGISTER]
 2(9) DEBUG: <core> [core/receive.c:261]: ksr_evrt_pre_routing(): event route core:pre-routing not defined
 2(9) DEBUG: <core> [core/receive.c:471]: receive_msg(): preparing to run routing scripts...
 2(9) DEBUG: sanity [sanity.c:247]: check_ruri_sip_version(): check_ruri_sip_version entered
 2(9) DEBUG: sanity [sanity.c:270]: check_ruri_sip_version(): check_ruri_sip_version passed
 2(9) DEBUG: sanity [sanity.c:277]: check_ruri_scheme(): check_ruri_scheme entered
 2(9) DEBUG: sanity [sanity.c:297]: check_ruri_scheme(): check_ruri_scheme passed
 2(9) DEBUG: sanity [sanity.c:318]: check_required_headers(): check_required_headers entered
 2(9) DEBUG: <core> [core/parser/parse_hname2.c:301]: parse_sip_header_name(): parsed header name [Max-Forwards] type 8
 2(9) DEBUG: <core> [core/parser/parse_hname2.c:301]: parse_sip_header_name(): parsed header name [Supported] type 17
 2(9) DEBUG: <core> [core/parser/parse_hname2.c:301]: parse_sip_header_name(): parsed header name [Accept] type 23
 2(9) DEBUG: <core> [core/parser/parse_hname2.c:301]: parse_sip_header_name(): parsed header name [Accept] type 23
 2(9) DEBUG: <core> [core/parser/parse_hname2.c:301]: parse_sip_header_name(): parsed header name [Accept] type 23
 2(9) DEBUG: <core> [core/parser/parse_hname2.c:301]: parse_sip_header_name(): parsed header name [Contact] type 7
 2(9) DEBUG: <core> [core/parser/parse_hname2.c:301]: parse_sip_header_name(): parsed header name [Expires] type 14
 2(9) DEBUG: <core> [core/parser/parse_hname2.c:301]: parse_sip_header_name(): parsed header name [User-Agent] type 28
 2(9) DEBUG: <core> [core/parser/msg_parser.c:91]: get_hdr_field(): found end of header
 2(9) DEBUG: sanity [sanity.c:340]: check_required_headers(): check_required_headers passed
 2(9) DEBUG: sanity [sanity.c:506]: check_cseq_method(): check_cseq_method entered
 2(9) DEBUG: sanity [sanity.c:539]: check_cseq_method(): check_cseq_method passed
 2(9) DEBUG: sanity [sanity.c:548]: check_cseq_value(): check_cseq_value entered
 2(9) DEBUG: sanity [sanity.c:576]: check_cseq_value(): check_cseq_value passed
 2(9) DEBUG: sanity [sanity.c:585]: check_cl(): check_cl entered
 2(9) WARNING: sanity [sanity.c:612]: check_cl(): content length header missing in request
 2(9) DEBUG: sanity [sanity.c:622]: check_expires_value(): check_expires_value entered
 2(9) DEBUG: sanity [sanity.c:657]: check_expires_value(): check_expires_value passed
 2(9) DEBUG: sanity [sanity.c:758]: check_parse_uris(): check_parse_uris entered
 2(9) DEBUG: sanity [sanity.c:762]: check_parse_uris(): parsing ruri
 2(9) DEBUG: sanity [sanity.c:776]: check_parse_uris(): looking up From header
 2(9) DEBUG: <core> [core/parser/parse_addr_spec.c:185]: parse_to_param(): add param: tag=IvitQuvQA
 2(9) DEBUG: <core> [core/parser/parse_addr_spec.c:884]: parse_addr_spec(): end of header reached, state=29
 2(9) DEBUG: sanity [sanity.c:791]: check_parse_uris(): looking up To header
 2(9) DEBUG: sanity [sanity.c:838]: check_parse_uris(): check_parse_uris passed
 2(9) DEBUG: sanity [sanity_mod.c:254]: w_sanity_check(): sanity checks result: 1
 2(9) DEBUG: maxfwd [mf_funcs.c:74]: is_maxfwd_present(): value = 70 
 2(9) DEBUG: tm [t_lookup.c:1053]: t_check_msg(): msg (0x72459b2c10a0) id=1/9 global id=0/0 T start=0xffffffffffffffff
 2(9) DEBUG: tm [t_lookup.c:497]: t_lookup_request(): start searching: hash=24514, isACK=0
 2(9) DEBUG: tm [t_lookup.c:455]: matching_3261(): RFC3261 transaction matching failed - via branch [z9hG4bK.zvcT~hXd2]
 2(9) DEBUG: tm [t_lookup.c:675]: t_lookup_request(): no transaction found
 2(9) DEBUG: tm [t_lookup.c:1122]: t_check_msg(): msg (0x72459b2c10a0) id=1/9 global id=1/9 T end=(nil)
 2(9) DEBUG: siputils [checks.c:120]: has_totag(): no totag
 2(9) DEBUG: <core> [core/msg_translator.c:162]: check_via_address(): (10.100.0.2, 10.45.0.2, 0)
 2(9) DEBUG: registrar [save.c:324]: pack_ci(): set instance[<urn:uuid:ea809930-a962-002e-b380-b83f5809eb96>]
 2(9) DEBUG: <core> [core/utils/sruid.c:214]: sruid_nextx(): new sruid is [uloc-6a676f5b-9-1] (1 / 17)
 2(9) DEBUG: registrar [save.c:421]: pack_ci(): generated ruid is: uloc-6a676f5b-9-1
 2(9) DEBUG: registrar [reply.c:334]: build_contact(): created Contact HF: Contact: <sip:ue2@10.45.0.2:5080;transport=udp>;expires=60;received="sip:10.100.0.2:5080";+sip.instance="<urn:uuid:ea809930-a962-002e-b380-b83f5809eb96>"

 2(9) DEBUG: sl [sl.c:310]: send_reply(): reply in stateless mode (sl)
 2(9) DEBUG: <core> [core/receive.c:126]: sip_check_fline(): first line indicates a SIP reply
 2(9) INFO: <script>: REGISTER sip:ue2@10.100.0.10 from 10.100.0.2:5080 saved (contact <sip:ue2@10.45.0.2:5080;transport=udp>;+sip.instance="<urn:uuid:ea809930-a962-002e-b380-b83f5809eb96>")
 2(9) DEBUG: <core> [core/receive.c:528]: receive_msg(): request-route executed in: 4606 usec
 2(9) DEBUG: <core> [core/usr_avp.c:637]: destroy_avp_list(): destroying list 0x724596f97f70
 2(9) DEBUG: <core> [core/usr_avp.c:637]: destroy_avp_list(): destroying list (nil)
 2(9) DEBUG: <core> [core/usr_avp.c:637]: destroy_avp_list(): destroying list (nil)
 2(9) DEBUG: <core> [core/usr_avp.c:637]: destroy_avp_list(): destroying list (nil)
 2(9) DEBUG: <core> [core/usr_avp.c:637]: destroy_avp_list(): destroying list (nil)
 2(9) DEBUG: <core> [core/usr_avp.c:637]: destroy_avp_list(): destroying list (nil)
 2(9) DEBUG: <core> [core/xavp.c:541]: xavp_destroy_list(): destroying xavp list (nil)
 2(9) DEBUG: <core> [core/xavp.c:541]: xavp_destroy_list(): destroying xavp list (nil)
 2(9) DEBUG: <core> [core/xavp.c:541]: xavp_destroy_list(): destroying xavp list (nil)
 2(9) DEBUG: <core> [core/receive.c:628]: receive_msg(): cleaning up
 4(11) DEBUG: <core> [core/udp_server.c:494]: udp_rcv_loop(): received on udp socket: (112/100/510) [[REGISTER sip:10.100.0.10 SIP/2.0 0D  0A Via: SIP/2.0/UDP 10.45.0.3:5080;branch=z9hG4bK.0qvHQ5hgD;rport 0D  0A Fr]]
 4(11) DEBUG: <core> [core/parser/parse_fline.c:249]: parse_first_line(): first line type 1 (request) flags 1
 4(11) DEBUG: <core> [core/parser/msg_parser.c:679]: parse_msg(): SIP Request:
 4(11) DEBUG: <core> [core/parser/msg_parser.c:680]: parse_msg():  method:  <REGISTER>
 4(11) DEBUG: <core> [core/parser/msg_parser.c:682]: parse_msg():  uri:     <sip:10.100.0.10>
 4(11) DEBUG: <core> [core/parser/msg_parser.c:684]: parse_msg():  version: <SIP/2.0>
 4(11) DEBUG: <core> [core/parser/parse_hname2.c:301]: parse_sip_header_name(): parsed header name [Via] type 1
 4(11) DEBUG: <core> [core/parser/parse_via.c:1300]: parse_via_param(): Found param type 232, <branch> = <z9hG4bK.0qvHQ5hgD>; state=6
 4(11) DEBUG: <core> [core/parser/parse_via.c:1300]: parse_via_param(): Found param type 235, <rport> = <n/a>; state=17
 4(11) DEBUG: <core> [core/parser/parse_via.c:2639]: parse_via(): end of header reached, state=5
 4(11) DEBUG: <core> [core/parser/msg_parser.c:555]: parse_headers(): Via found, flags=2
 4(11) DEBUG: <core> [core/parser/msg_parser.c:557]: parse_headers(): this is the first via
 4(11) DEBUG: <core> [core/parser/parse_hname2.c:301]: parse_sip_header_name(): parsed header name [From] type 4
 4(11) DEBUG: <core> [core/parser/parse_hname2.c:301]: parse_sip_header_name(): parsed header name [To] type 3
 4(11) DEBUG: <core> [core/parser/parse_addr_spec.c:884]: parse_addr_spec(): end of header reached, state=9
 4(11) DEBUG: <core> [core/parser/msg_parser.c:172]: get_hdr_field(): <To> [21]; uri=[sip:ue1@10.100.0.10]
 4(11) DEBUG: <core> [core/parser/msg_parser.c:174]: get_hdr_field(): to body (21)[sip:ue1@10.100.0.10
], to tag (0)[]
 4(11) DEBUG: <core> [core/parser/parse_hname2.c:301]: parse_sip_header_name(): parsed header name [CSeq] type 5
 4(11) DEBUG: <core> [core/parser/msg_parser.c:152]: get_hdr_field(): cseq <CSeq>: <20> <REGISTER>
 4(11) DEBUG: <core> [core/parser/parse_hname2.c:301]: parse_sip_header_name(): parsed header name [Call-ID] type 6
 4(11) DEBUG: <core> [core/receive.c:389]: receive_msg(): --- received sip message - request - call-id: [nTHHgpW~gc] - cseq: [20 REGISTER]
 4(11) DEBUG: <core> [core/receive.c:261]: ksr_evrt_pre_routing(): event route core:pre-routing not defined
 4(11) DEBUG: <core> [core/receive.c:471]: receive_msg(): preparing to run routing scripts...
 4(11) DEBUG: sanity [sanity.c:247]: check_ruri_sip_version(): check_ruri_sip_version entered
 4(11) DEBUG: sanity [sanity.c:270]: check_ruri_sip_version(): check_ruri_sip_version passed
 4(11) DEBUG: sanity [sanity.c:277]: check_ruri_scheme(): check_ruri_scheme entered
 4(11) DEBUG: sanity [sanity.c:297]: check_ruri_scheme(): check_ruri_scheme passed
 4(11) DEBUG: sanity [sanity.c:318]: check_required_headers(): check_required_headers entered
 4(11) DEBUG: <core> [core/parser/parse_hname2.c:301]: parse_sip_header_name(): parsed header name [Max-Forwards] type 8
 4(11) DEBUG: <core> [core/parser/parse_hname2.c:301]: parse_sip_header_name(): parsed header name [Supported] type 17
 4(11) DEBUG: <core> [core/parser/parse_hname2.c:301]: parse_sip_header_name(): parsed header name [Accept] type 23
 4(11) DEBUG: <core> [core/parser/parse_hname2.c:301]: parse_sip_header_name(): parsed header name [Accept] type 23
 4(11) DEBUG: <core> [core/parser/parse_hname2.c:301]: parse_sip_header_name(): parsed header name [Accept] type 23
 4(11) DEBUG: <core> [core/parser/parse_hname2.c:301]: parse_sip_header_name(): parsed header name [Contact] type 7
 4(11) DEBUG: <core> [core/parser/parse_hname2.c:301]: parse_sip_header_name(): parsed header name [Expires] type 14
 4(11) DEBUG: <core> [core/parser/parse_hname2.c:301]: parse_sip_header_name(): parsed header name [User-Agent] type 28
 4(11) DEBUG: <core> [core/parser/msg_parser.c:91]: get_hdr_field(): found end of header
 4(11) DEBUG: sanity [sanity.c:340]: check_required_headers(): check_required_headers passed
 4(11) DEBUG: sanity [sanity.c:506]: check_cseq_method(): check_cseq_method entered
 4(11) DEBUG: sanity [sanity.c:539]: check_cseq_method(): check_cseq_method passed
 4(11) DEBUG: sanity [sanity.c:548]: check_cseq_value(): check_cseq_value entered
 4(11) DEBUG: sanity [sanity.c:576]: check_cseq_value(): check_cseq_value passed
 4(11) DEBUG: sanity [sanity.c:585]: check_cl(): check_cl entered
 4(11) WARNING: sanity [sanity.c:612]: check_cl(): content length header missing in request
 4(11) DEBUG: sanity [sanity.c:622]: check_expires_value(): check_expires_value entered
 4(11) DEBUG: sanity [sanity.c:657]: check_expires_value(): check_expires_value passed
 4(11) DEBUG: sanity [sanity.c:758]: check_parse_uris(): check_parse_uris entered
 4(11) DEBUG: sanity [sanity.c:762]: check_parse_uris(): parsing ruri
 4(11) DEBUG: sanity [sanity.c:776]: check_parse_uris(): looking up From header
 4(11) DEBUG: <core> [core/parser/parse_addr_spec.c:185]: parse_to_param(): add param: tag=XIOopR5Ue
 4(11) DEBUG: <core> [core/parser/parse_addr_spec.c:884]: parse_addr_spec(): end of header reached, state=29
 4(11) DEBUG: sanity [sanity.c:791]: check_parse_uris(): looking up To header
 4(11) DEBUG: sanity [sanity.c:838]: check_parse_uris(): check_parse_uris passed
 4(11) DEBUG: sanity [sanity_mod.c:254]: w_sanity_check(): sanity checks result: 1
 4(11) DEBUG: maxfwd [mf_funcs.c:74]: is_maxfwd_present(): value = 70 
 4(11) DEBUG: tm [t_lookup.c:1053]: t_check_msg(): msg (0x72459b2c10a0) id=1/11 global id=0/0 T start=0xffffffffffffffff
 4(11) DEBUG: tm [t_lookup.c:497]: t_lookup_request(): start searching: hash=8729, isACK=0
 4(11) DEBUG: tm [t_lookup.c:455]: matching_3261(): RFC3261 transaction matching failed - via branch [z9hG4bK.0qvHQ5hgD]
 4(11) DEBUG: tm [t_lookup.c:675]: t_lookup_request(): no transaction found
 4(11) DEBUG: tm [t_lookup.c:1122]: t_check_msg(): msg (0x72459b2c10a0) id=1/11 global id=1/11 T end=(nil)
 4(11) DEBUG: siputils [checks.c:120]: has_totag(): no totag
 4(11) DEBUG: registrar [save.c:324]: pack_ci(): set instance[<urn:uuid:4e176e05-7087-00d3-b0dc-bc6cbae559cb>]
 4(11) DEBUG: <core> [core/utils/sruid.c:214]: sruid_nextx(): new sruid is [uloc-6a676f5b-b-1] (1 / 17)
 4(11) DEBUG: registrar [save.c:421]: pack_ci(): generated ruid is: uloc-6a676f5b-b-1
 4(11) DEBUG: registrar [reply.c:334]: build_contact(): created Contact HF: Contact: <sip:ue1@10.45.0.3:5080;transport=udp>;expires=60;received="sip:10.100.0.2:19401";+sip.instance="<urn:uuid:4e176e05-7087-00d3-b0dc-bc6cbae559cb>"

 4(11) DEBUG: sl [sl.c:310]: send_reply(): reply in stateless mode (sl)
 4(11) DEBUG: <core> [core/receive.c:126]: sip_check_fline(): first line indicates a SIP reply
 4(11) INFO: <script>: REGISTER sip:ue1@10.100.0.10 from 10.100.0.2:19401 saved (contact <sip:ue1@10.45.0.3:5080;transport=udp>;+sip.instance="<urn:uuid:4e176e05-7087-00d3-b0dc-bc6cbae559cb>")
 4(11) DEBUG: <core> [core/receive.c:528]: receive_msg(): request-route executed in: 3838 usec
 4(11) DEBUG: <core> [core/usr_avp.c:637]: destroy_avp_list(): destroying list 0x724596f97f70
 4(11) DEBUG: <core> [core/usr_avp.c:637]: destroy_avp_list(): destroying list (nil)
 4(11) DEBUG: <core> [core/usr_avp.c:637]: destroy_avp_list(): destroying list (nil)
 4(11) DEBUG: <core> [core/usr_avp.c:637]: destroy_avp_list(): destroying list (nil)
 4(11) DEBUG: <core> [core/usr_avp.c:637]: destroy_avp_list(): destroying list (nil)
 4(11) DEBUG: <core> [core/usr_avp.c:637]: destroy_avp_list(): destroying list (nil)
 4(11) DEBUG: <core> [core/xavp.c:541]: xavp_destroy_list(): destroying xavp list (nil)
 4(11) DEBUG: <core> [core/xavp.c:541]: xavp_destroy_list(): destroying xavp list (nil)
 4(11) DEBUG: <core> [core/xavp.c:541]: xavp_destroy_list(): destroying xavp list (nil)
 4(11) DEBUG: <core> [core/receive.c:628]: receive_msg(): cleaning up
 3(10) DEBUG: <core> [core/udp_server.c:494]: udp_rcv_loop(): received on udp socket: (112/100/511) [[REGISTER sip:10.100.0.10 SIP/2.0 0D  0A Via: SIP/2.0/UDP 10.45.0.2:5080;branch=z9hG4bK.CPCo9K2zR;rport 0D  0A Fr]]
 3(10) DEBUG: <core> [core/parser/parse_fline.c:249]: parse_first_line(): first line type 1 (request) flags 1
 3(10) DEBUG: <core> [core/parser/msg_parser.c:679]: parse_msg(): SIP Request:
 3(10) DEBUG: <core> [core/parser/msg_parser.c:680]: parse_msg():  method:  <REGISTER>
 3(10) DEBUG: <core> [core/parser/msg_parser.c:682]: parse_msg():  uri:     <sip:10.100.0.10>
 3(10) DEBUG: <core> [core/parser/msg_parser.c:684]: parse_msg():  version: <SIP/2.0>
 3(10) DEBUG: <core> [core/parser/parse_hname2.c:301]: parse_sip_header_name(): parsed header name [Via] type 1
 3(10) DEBUG: <core> [core/parser/parse_via.c:1300]: parse_via_param(): Found param type 232, <branch> = <z9hG4bK.CPCo9K2zR>; state=6
 3(10) DEBUG: <core> [core/parser/parse_via.c:1300]: parse_via_param(): Found param type 235, <rport> = <n/a>; state=17
 3(10) DEBUG: <core> [core/parser/parse_via.c:2639]: parse_via(): end of header reached, state=5
 3(10) DEBUG: <core> [core/parser/msg_parser.c:555]: parse_headers(): Via found, flags=2
 3(10) DEBUG: <core> [core/parser/msg_parser.c:557]: parse_headers(): this is the first via
 3(10) DEBUG: <core> [core/parser/parse_hname2.c:301]: parse_sip_header_name(): parsed header name [From] type 4
 3(10) DEBUG: <core> [core/parser/parse_hname2.c:301]: parse_sip_header_name(): parsed header name [To] type 3
 3(10) DEBUG: <core> [core/parser/parse_addr_spec.c:884]: parse_addr_spec(): end of header reached, state=9
 3(10) DEBUG: <core> [core/parser/msg_parser.c:172]: get_hdr_field(): <To> [21]; uri=[sip:ue2@10.100.0.10]
 3(10) DEBUG: <core> [core/parser/msg_parser.c:174]: get_hdr_field(): to body (21)[sip:ue2@10.100.0.10
], to tag (0)[]
 3(10) DEBUG: <core> [core/parser/parse_hname2.c:301]: parse_sip_header_name(): parsed header name [CSeq] type 5
 3(10) DEBUG: <core> [core/parser/msg_parser.c:152]: get_hdr_field(): cseq <CSeq>: <21> <REGISTER>
 3(10) DEBUG: <core> [core/parser/parse_hname2.c:301]: parse_sip_header_name(): parsed header name [Call-ID] type 6
 3(10) DEBUG: <core> [core/receive.c:389]: receive_msg(): --- received sip message - request - call-id: [JwYmbwjr0W] - cseq: [21 REGISTER]
 3(10) DEBUG: <core> [core/receive.c:261]: ksr_evrt_pre_routing(): event route core:pre-routing not defined
 3(10) DEBUG: <core> [core/receive.c:471]: receive_msg(): preparing to run routing scripts...
 3(10) DEBUG: sanity [sanity.c:247]: check_ruri_sip_version(): check_ruri_sip_version entered
 3(10) DEBUG: sanity [sanity.c:270]: check_ruri_sip_version(): check_ruri_sip_version passed
 3(10) DEBUG: sanity [sanity.c:277]: check_ruri_scheme(): check_ruri_scheme entered
 3(10) DEBUG: sanity [sanity.c:297]: check_ruri_scheme(): check_ruri_scheme passed
 3(10) DEBUG: sanity [sanity.c:318]: check_required_headers(): check_required_headers entered
 3(10) DEBUG: <core> [core/parser/parse_hname2.c:301]: parse_sip_header_name(): parsed header name [Max-Forwards] type 8
 3(10) DEBUG: <core> [core/parser/parse_hname2.c:301]: parse_sip_header_name(): parsed header name [Supported] type 17
 3(10) DEBUG: <core> [core/parser/parse_hname2.c:301]: parse_sip_header_name(): parsed header name [Accept] type 23
 3(10) DEBUG: <core> [core/parser/parse_hname2.c:301]: parse_sip_header_name(): parsed header name [Accept] type 23
 3(10) DEBUG: <core> [core/parser/parse_hname2.c:301]: parse_sip_header_name(): parsed header name [Accept] type 23
 3(10) DEBUG: <core> [core/parser/parse_hname2.c:301]: parse_sip_header_name(): parsed header name [Contact] type 7
 3(10) DEBUG: <core> [core/parser/parse_hname2.c:301]: parse_sip_header_name(): parsed header name [Expires] type 14
 3(10) DEBUG: <core> [core/parser/parse_hname2.c:301]: parse_sip_header_name(): parsed header name [User-Agent] type 28
 3(10) DEBUG: <core> [core/parser/msg_parser.c:91]: get_hdr_field(): found end of header
 3(10) DEBUG: sanity [sanity.c:340]: check_required_headers(): check_required_headers passed
 3(10) DEBUG: sanity [sanity.c:506]: check_cseq_method(): check_cseq_method entered
 3(10) DEBUG: sanity [sanity.c:539]: check_cseq_method(): check_cseq_method passed
 3(10) DEBUG: sanity [sanity.c:548]: check_cseq_value(): check_cseq_value entered
 3(10) DEBUG: sanity [sanity.c:576]: check_cseq_value(): check_cseq_value passed
 3(10) DEBUG: sanity [sanity.c:585]: check_cl(): check_cl entered
 3(10) WARNING: sanity [sanity.c:612]: check_cl(): content length header missing in request
 3(10) DEBUG: sanity [sanity.c:622]: check_expires_value(): check_expires_value entered
 3(10) DEBUG: sanity [sanity.c:657]: check_expires_value(): check_expires_value passed
 3(10) DEBUG: sanity [sanity.c:758]: check_parse_uris(): check_parse_uris entered
 3(10) DEBUG: sanity [sanity.c:762]: check_parse_uris(): parsing ruri
 3(10) DEBUG: sanity [sanity.c:776]: check_parse_uris(): looking up From header
 3(10) DEBUG: <core> [core/parser/parse_addr_spec.c:185]: parse_to_param(): add param: tag=IvitQuvQA
 3(10) DEBUG: <core> [core/parser/parse_addr_spec.c:884]: parse_addr_spec(): end of header reached, state=29
 3(10) DEBUG: sanity [sanity.c:791]: check_parse_uris(): looking up To header
 3(10) DEBUG: sanity [sanity.c:838]: check_parse_uris(): check_parse_uris passed
 3(10) DEBUG: sanity [sanity_mod.c:254]: w_sanity_check(): sanity checks result: 1
 3(10) DEBUG: maxfwd [mf_funcs.c:74]: is_maxfwd_present(): value = 70 
 3(10) DEBUG: tm [t_lookup.c:1053]: t_check_msg(): msg (0x72459b2c10a0) id=1/10 global id=0/0 T start=0xffffffffffffffff
 3(10) DEBUG: tm [t_lookup.c:497]: t_lookup_request(): start searching: hash=24515, isACK=0
 3(10) DEBUG: tm [t_lookup.c:455]: matching_3261(): RFC3261 transaction matching failed - via branch [z9hG4bK.CPCo9K2zR]
 3(10) DEBUG: tm [t_lookup.c:675]: t_lookup_request(): no transaction found
 3(10) DEBUG: tm [t_lookup.c:1122]: t_check_msg(): msg (0x72459b2c10a0) id=1/10 global id=1/10 T end=(nil)
 3(10) DEBUG: siputils [checks.c:120]: has_totag(): no totag
 3(10) DEBUG: <core> [core/msg_translator.c:162]: check_via_address(): (10.100.0.2, 10.45.0.2, 0)
 3(10) DEBUG: registrar [save.c:324]: pack_ci(): set instance[<urn:uuid:ea809930-a962-002e-b380-b83f5809eb96>]
 3(10) DEBUG: <core> [core/utils/sruid.c:214]: sruid_nextx(): new sruid is [uloc-6a676f5b-a-1] (1 / 17)
 3(10) DEBUG: registrar [save.c:421]: pack_ci(): generated ruid is: uloc-6a676f5b-a-1
 3(10) DEBUG: <core> [core/utils/sruid.c:214]: sruid_nextx(): new sruid is [uloc-6a676f5b-a-2] (2 / 17)
 3(10) DEBUG: registrar [save.c:421]: pack_ci(): generated ruid is: uloc-6a676f5b-a-2
 3(10) DEBUG: registrar [reply.c:334]: build_contact(): created Contact HF: Contact: <sip:ue2@10.100.0.2:5080;transport=udp>;expires=60;received="sip:10.100.0.2:5080";+sip.instance="<urn:uuid:ea809930-a962-002e-b380-b83f5809eb96>"

 3(10) DEBUG: sl [sl.c:310]: send_reply(): reply in stateless mode (sl)
 3(10) DEBUG: <core> [core/receive.c:126]: sip_check_fline(): first line indicates a SIP reply
 3(10) INFO: <script>: REGISTER sip:ue2@10.100.0.10 from 10.100.0.2:5080 saved (contact <sip:ue2@10.100.0.2:5080;transport=udp>;+sip.instance="<urn:uuid:ea809930-a962-002e-b380-b83f5809eb96>")
 3(10) DEBUG: <core> [core/receive.c:528]: receive_msg(): request-route executed in: 2018 usec
 3(10) DEBUG: <core> [core/usr_avp.c:637]: destroy_avp_list(): destroying list 0x724596f97f70
 3(10) DEBUG: <core> [core/usr_avp.c:637]: destroy_avp_list(): destroying list (nil)
 3(10) DEBUG: <core> [core/usr_avp.c:637]: destroy_avp_list(): destroying list (nil)
 3(10) DEBUG: <core> [core/usr_avp.c:637]: destroy_avp_list(): destroying list (nil)
 3(10) DEBUG: <core> [core/usr_avp.c:637]: destroy_avp_list(): destroying list (nil)
 3(10) DEBUG: <core> [core/usr_avp.c:637]: destroy_avp_list(): destroying list (nil)
 3(10) DEBUG: <core> [core/xavp.c:541]: xavp_destroy_list(): destroying xavp list (nil)
 3(10) DEBUG: <core> [core/xavp.c:541]: xavp_destroy_list(): destroying xavp list (nil)
 3(10) DEBUG: <core> [core/xavp.c:541]: xavp_destroy_list(): destroying xavp list (nil)
 3(10) DEBUG: <core> [core/receive.c:628]: receive_msg(): cleaning up
 1(8) DEBUG: <core> [core/udp_server.c:494]: udp_rcv_loop(): received on udp socket: (112/100/512) [[REGISTER sip:10.100.0.10 SIP/2.0 0D  0A Via: SIP/2.0/UDP 10.45.0.3:5080;branch=z9hG4bK.uQxFeJusJ;rport 0D  0A Fr]]
 1(8) DEBUG: <core> [core/parser/parse_fline.c:249]: parse_first_line(): first line type 1 (request) flags 1
 1(8) DEBUG: <core> [core/parser/msg_parser.c:679]: parse_msg(): SIP Request:
 1(8) DEBUG: <core> [core/parser/msg_parser.c:680]: parse_msg():  method:  <REGISTER>
 1(8) DEBUG: <core> [core/parser/msg_parser.c:682]: parse_msg():  uri:     <sip:10.100.0.10>
 1(8) DEBUG: <core> [core/parser/msg_parser.c:684]: parse_msg():  version: <SIP/2.0>
 1(8) DEBUG: <core> [core/parser/parse_hname2.c:301]: parse_sip_header_name(): parsed header name [Via] type 1
 1(8) DEBUG: <core> [core/parser/parse_via.c:1300]: parse_via_param(): Found param type 232, <branch> = <z9hG4bK.uQxFeJusJ>; state=6
 1(8) DEBUG: <core> [core/parser/parse_via.c:1300]: parse_via_param(): Found param type 235, <rport> = <n/a>; state=17
 1(8) DEBUG: <core> [core/parser/parse_via.c:2639]: parse_via(): end of header reached, state=5
 1(8) DEBUG: <core> [core/parser/msg_parser.c:555]: parse_headers(): Via found, flags=2
 1(8) DEBUG: <core> [core/parser/msg_parser.c:557]: parse_headers(): this is the first via
 1(8) DEBUG: <core> [core/parser/parse_hname2.c:301]: parse_sip_header_name(): parsed header name [From] type 4
 1(8) DEBUG: <core> [core/parser/parse_hname2.c:301]: parse_sip_header_name(): parsed header name [To] type 3
 1(8) DEBUG: <core> [core/parser/parse_addr_spec.c:884]: parse_addr_spec(): end of header reached, state=9
 1(8) DEBUG: <core> [core/parser/msg_parser.c:172]: get_hdr_field(): <To> [21]; uri=[sip:ue1@10.100.0.10]
 1(8) DEBUG: <core> [core/parser/msg_parser.c:174]: get_hdr_field(): to body (21)[sip:ue1@10.100.0.10
], to tag (0)[]
 1(8) DEBUG: <core> [core/parser/parse_hname2.c:301]: parse_sip_header_name(): parsed header name [CSeq] type 5
 1(8) DEBUG: <core> [core/parser/msg_parser.c:152]: get_hdr_field(): cseq <CSeq>: <21> <REGISTER>
 1(8) DEBUG: <core> [core/parser/parse_hname2.c:301]: parse_sip_header_name(): parsed header name [Call-ID] type 6
 1(8) DEBUG: <core> [core/receive.c:389]: receive_msg(): --- received sip message - request - call-id: [nTHHgpW~gc] - cseq: [21 REGISTER]
 1(8) DEBUG: <core> [core/receive.c:261]: ksr_evrt_pre_routing(): event route core:pre-routing not defined
 1(8) DEBUG: <core> [core/receive.c:471]: receive_msg(): preparing to run routing scripts...
 1(8) DEBUG: sanity [sanity.c:247]: check_ruri_sip_version(): check_ruri_sip_version entered
 1(8) DEBUG: sanity [sanity.c:270]: check_ruri_sip_version(): check_ruri_sip_version passed
 1(8) DEBUG: sanity [sanity.c:277]: check_ruri_scheme(): check_ruri_scheme entered
 1(8) DEBUG: sanity [sanity.c:297]: check_ruri_scheme(): check_ruri_scheme passed
 1(8) DEBUG: sanity [sanity.c:318]: check_required_headers(): check_required_headers entered
 1(8) DEBUG: <core> [core/parser/parse_hname2.c:301]: parse_sip_header_name(): parsed header name [Max-Forwards] type 8
 1(8) DEBUG: <core> [core/parser/parse_hname2.c:301]: parse_sip_header_name(): parsed header name [Supported] type 17
 1(8) DEBUG: <core> [core/parser/parse_hname2.c:301]: parse_sip_header_name(): parsed header name [Accept] type 23
 1(8) DEBUG: <core> [core/parser/parse_hname2.c:301]: parse_sip_header_name(): parsed header name [Accept] type 23
 1(8) DEBUG: <core> [core/parser/parse_hname2.c:301]: parse_sip_header_name(): parsed header name [Accept] type 23
 1(8) DEBUG: <core> [core/parser/parse_hname2.c:301]: parse_sip_header_name(): parsed header name [Contact] type 7
 1(8) DEBUG: <core> [core/parser/parse_hname2.c:301]: parse_sip_header_name(): parsed header name [Expires] type 14
 1(8) DEBUG: <core> [core/parser/parse_hname2.c:301]: parse_sip_header_name(): parsed header name [User-Agent] type 28
 1(8) DEBUG: <core> [core/parser/msg_parser.c:91]: get_hdr_field(): found end of header
 1(8) DEBUG: sanity [sanity.c:340]: check_required_headers(): check_required_headers passed
 1(8) DEBUG: sanity [sanity.c:506]: check_cseq_method(): check_cseq_method entered
 1(8) DEBUG: sanity [sanity.c:539]: check_cseq_method(): check_cseq_method passed
 1(8) DEBUG: sanity [sanity.c:548]: check_cseq_value(): check_cseq_value entered
 1(8) DEBUG: sanity [sanity.c:576]: check_cseq_value(): check_cseq_value passed
 1(8) DEBUG: sanity [sanity.c:585]: check_cl(): check_cl entered
 1(8) WARNING: sanity [sanity.c:612]: check_cl(): content length header missing in request
 1(8) DEBUG: sanity [sanity.c:622]: check_expires_value(): check_expires_value entered
 1(8) DEBUG: sanity [sanity.c:657]: check_expires_value(): check_expires_value passed
 1(8) DEBUG: sanity [sanity.c:758]: check_parse_uris(): check_parse_uris entered
 1(8) DEBUG: sanity [sanity.c:762]: check_parse_uris(): parsing ruri
 1(8) DEBUG: sanity [sanity.c:776]: check_parse_uris(): looking up From header
 1(8) DEBUG: <core> [core/parser/parse_addr_spec.c:185]: parse_to_param(): add param: tag=XIOopR5Ue
 1(8) DEBUG: <core> [core/parser/parse_addr_spec.c:884]: parse_addr_spec(): end of header reached, state=29
 1(8) DEBUG: sanity [sanity.c:791]: check_parse_uris(): looking up To header
 1(8) DEBUG: sanity [sanity.c:838]: check_parse_uris(): check_parse_uris passed
 1(8) DEBUG: sanity [sanity_mod.c:254]: w_sanity_check(): sanity checks result: 1
 1(8) DEBUG: maxfwd [mf_funcs.c:74]: is_maxfwd_present(): value = 70 
 1(8) DEBUG: tm [t_lookup.c:1053]: t_check_msg(): msg (0x72459b2c10a0) id=1/8 global id=0/0 T start=0xffffffffffffffff
 1(8) DEBUG: tm [t_lookup.c:497]: t_lookup_request(): start searching: hash=8730, isACK=0
 1(8) DEBUG: tm [t_lookup.c:455]: matching_3261(): RFC3261 transaction matching failed - via branch [z9hG4bK.uQxFeJusJ]
 1(8) DEBUG: tm [t_lookup.c:675]: t_lookup_request(): no transaction found
 1(8) DEBUG: tm [t_lookup.c:1122]: t_check_msg(): msg (0x72459b2c10a0) id=1/8 global id=1/8 T end=(nil)
 1(8) DEBUG: siputils [checks.c:120]: has_totag(): no totag
 1(8) DEBUG: registrar [save.c:324]: pack_ci(): set instance[<urn:uuid:4e176e05-7087-00d3-b0dc-bc6cbae559cb>]
 1(8) DEBUG: <core> [core/utils/sruid.c:214]: sruid_nextx(): new sruid is [uloc-6a676f5b-8-1] (1 / 17)
 1(8) DEBUG: registrar [save.c:421]: pack_ci(): generated ruid is: uloc-6a676f5b-8-1
 1(8) DEBUG: <core> [core/utils/sruid.c:214]: sruid_nextx(): new sruid is [uloc-6a676f5b-8-2] (2 / 17)
 1(8) DEBUG: registrar [save.c:421]: pack_ci(): generated ruid is: uloc-6a676f5b-8-2
 1(8) DEBUG: registrar [reply.c:334]: build_contact(): created Contact HF: Contact: <sip:ue1@10.100.0.2:19401;transport=udp>;expires=60;received="sip:10.100.0.2:19401";+sip.instance="<urn:uuid:4e176e05-7087-00d3-b0dc-bc6cbae559cb>"

 1(8) DEBUG: sl [sl.c:310]: send_reply(): reply in stateless mode (sl)
 1(8) DEBUG: <core> [core/receive.c:126]: sip_check_fline(): first line indicates a SIP reply
 1(8) INFO: <script>: REGISTER sip:ue1@10.100.0.10 from 10.100.0.2:19401 saved (contact <sip:ue1@10.100.0.2:19401;transport=udp>;+sip.instance="<urn:uuid:4e176e05-7087-00d3-b0dc-bc6cbae559cb>")
 1(8) DEBUG: <core> [core/receive.c:528]: receive_msg(): request-route executed in: 1247 usec
 1(8) DEBUG: <core> [core/usr_avp.c:637]: destroy_avp_list(): destroying list 0x724596f97f70
 1(8) DEBUG: <core> [core/usr_avp.c:637]: destroy_avp_list(): destroying list (nil)
 1(8) DEBUG: <core> [core/usr_avp.c:637]: destroy_avp_list(): destroying list (nil)
 1(8) DEBUG: <core> [core/usr_avp.c:637]: destroy_avp_list(): destroying list (nil)
 1(8) DEBUG: <core> [core/usr_avp.c:637]: destroy_avp_list(): destroying list (nil)
 1(8) DEBUG: <core> [core/usr_avp.c:637]: destroy_avp_list(): destroying list (nil)
 1(8) DEBUG: <core> [core/xavp.c:541]: xavp_destroy_list(): destroying xavp list (nil)
 1(8) DEBUG: <core> [core/xavp.c:541]: xavp_destroy_list(): destroying xavp list (nil)
 1(8) DEBUG: <core> [core/xavp.c:541]: xavp_destroy_list(): destroying xavp list (nil)
 1(8) DEBUG: <core> [core/receive.c:628]: receive_msg(): cleaning up
 2(9) DEBUG: <core> [core/udp_server.c:517]: udp_rcv_loop(): probing packet received from 10.100.0.2 55315
 4(11) DEBUG: <core> [core/udp_server.c:517]: udp_rcv_loop(): probing packet received from 10.100.0.2 51531
 3(10) DEBUG: <core> [core/udp_server.c:517]: udp_rcv_loop(): probing packet received from 10.100.0.2 55315
 1(8) DEBUG: <core> [core/udp_server.c:517]: udp_rcv_loop(): probing packet received from 10.100.0.2 51531
 2(9) DEBUG: <core> [core/udp_server.c:517]: udp_rcv_loop(): probing packet received from 10.100.0.2 55315
 4(11) DEBUG: <core> [core/udp_server.c:517]: udp_rcv_loop(): probing packet received from 10.100.0.2 51531
 3(10) DEBUG: <core> [core/udp_server.c:517]: udp_rcv_loop(): probing packet received from 10.100.0.2 55315
 1(8) DEBUG: <core> [core/udp_server.c:517]: udp_rcv_loop(): probing packet received from 10.100.0.2 51531
 2(9) DEBUG: <core> [core/udp_server.c:517]: udp_rcv_loop(): probing packet received from 10.100.0.2 55315
 4(11) DEBUG: <core> [core/udp_server.c:517]: udp_rcv_loop(): probing packet received from 10.100.0.2 51531
 3(10) DEBUG: <core> [core/udp_server.c:494]: udp_rcv_loop(): received on udp socket: (112/100/511) [[REGISTER sip:10.100.0.10 SIP/2.0 0D  0A Via: SIP/2.0/UDP 10.45.0.2:5080;branch=z9hG4bK.Pw3FvWGiU;rport 0D  0A Fr]]
 3(10) DEBUG: <core> [core/parser/parse_fline.c:249]: parse_first_line(): first line type 1 (request) flags 1
 3(10) DEBUG: <core> [core/parser/msg_parser.c:679]: parse_msg(): SIP Request:
 3(10) DEBUG: <core> [core/parser/msg_parser.c:680]: parse_msg():  method:  <REGISTER>
 3(10) DEBUG: <core> [core/parser/msg_parser.c:682]: parse_msg():  uri:     <sip:10.100.0.10>
 3(10) DEBUG: <core> [core/parser/msg_parser.c:684]: parse_msg():  version: <SIP/2.0>
 3(10) DEBUG: <core> [core/parser/parse_hname2.c:301]: parse_sip_header_name(): parsed header name [Via] type 1
 3(10) DEBUG: <core> [core/parser/parse_via.c:1300]: parse_via_param(): Found param type 232, <branch> = <z9hG4bK.Pw3FvWGiU>; state=6
 3(10) DEBUG: <core> [core/parser/parse_via.c:1300]: parse_via_param(): Found param type 235, <rport> = <n/a>; state=17
 3(10) DEBUG: <core> [core/parser/parse_via.c:2639]: parse_via(): end of header reached, state=5
 3(10) DEBUG: <core> [core/parser/msg_parser.c:555]: parse_headers(): Via found, flags=2
 3(10) DEBUG: <core> [core/parser/msg_parser.c:557]: parse_headers(): this is the first via
 3(10) DEBUG: <core> [core/parser/parse_hname2.c:301]: parse_sip_header_name(): parsed header name [From] type 4
 3(10) DEBUG: <core> [core/parser/parse_hname2.c:301]: parse_sip_header_name(): parsed header name [To] type 3
 3(10) DEBUG: <core> [core/parser/parse_addr_spec.c:884]: parse_addr_spec(): end of header reached, state=9
 3(10) DEBUG: <core> [core/parser/msg_parser.c:172]: get_hdr_field(): <To> [21]; uri=[sip:ue2@10.100.0.10]
 3(10) DEBUG: <core> [core/parser/msg_parser.c:174]: get_hdr_field(): to body (21)[sip:ue2@10.100.0.10
], to tag (0)[]
 3(10) DEBUG: <core> [core/parser/parse_hname2.c:301]: parse_sip_header_name(): parsed header name [CSeq] type 5
 3(10) DEBUG: <core> [core/parser/msg_parser.c:152]: get_hdr_field(): cseq <CSeq>: <22> <REGISTER>
 3(10) DEBUG: <core> [core/parser/parse_hname2.c:301]: parse_sip_header_name(): parsed header name [Call-ID] type 6
 3(10) DEBUG: <core> [core/receive.c:389]: receive_msg(): --- received sip message - request - call-id: [JwYmbwjr0W] - cseq: [22 REGISTER]
 3(10) DEBUG: <core> [core/receive.c:261]: ksr_evrt_pre_routing(): event route core:pre-routing not defined
 3(10) DEBUG: <core> [core/receive.c:471]: receive_msg(): preparing to run routing scripts...
 3(10) DEBUG: sanity [sanity.c:247]: check_ruri_sip_version(): check_ruri_sip_version entered
 3(10) DEBUG: sanity [sanity.c:270]: check_ruri_sip_version(): check_ruri_sip_version passed
 3(10) DEBUG: sanity [sanity.c:277]: check_ruri_scheme(): check_ruri_scheme entered
 3(10) DEBUG: sanity [sanity.c:297]: check_ruri_scheme(): check_ruri_scheme passed
 3(10) DEBUG: sanity [sanity.c:318]: check_required_headers(): check_required_headers entered
 3(10) DEBUG: <core> [core/parser/parse_hname2.c:301]: parse_sip_header_name(): parsed header name [Max-Forwards] type 8
 3(10) DEBUG: <core> [core/parser/parse_hname2.c:301]: parse_sip_header_name(): parsed header name [Supported] type 17
 3(10) DEBUG: <core> [core/parser/parse_hname2.c:301]: parse_sip_header_name(): parsed header name [Accept] type 23
 3(10) DEBUG: <core> [core/parser/parse_hname2.c:301]: parse_sip_header_name(): parsed header name [Accept] type 23
 3(10) DEBUG: <core> [core/parser/parse_hname2.c:301]: parse_sip_header_name(): parsed header name [Accept] type 23
 3(10) DEBUG: <core> [core/parser/parse_hname2.c:301]: parse_sip_header_name(): parsed header name [Contact] type 7
 3(10) DEBUG: <core> [core/parser/parse_hname2.c:301]: parse_sip_header_name(): parsed header name [Expires] type 14
 3(10) DEBUG: <core> [core/parser/parse_hname2.c:301]: parse_sip_header_name(): parsed header name [User-Agent] type 28
 3(10) DEBUG: <core> [core/parser/msg_parser.c:91]: get_hdr_field(): found end of header
 3(10) DEBUG: sanity [sanity.c:340]: check_required_headers(): check_required_headers passed
 3(10) DEBUG: sanity [sanity.c:506]: check_cseq_method(): check_cseq_method entered
 3(10) DEBUG: sanity [sanity.c:539]: check_cseq_method(): check_cseq_method passed
 3(10) DEBUG: sanity [sanity.c:548]: check_cseq_value(): check_cseq_value entered
 3(10) DEBUG: sanity [sanity.c:576]: check_cseq_value(): check_cseq_value passed
 3(10) DEBUG: sanity [sanity.c:585]: check_cl(): check_cl entered
 3(10) WARNING: sanity [sanity.c:612]: check_cl(): content length header missing in request
 3(10) DEBUG: sanity [sanity.c:622]: check_expires_value(): check_expires_value entered
 3(10) DEBUG: sanity [sanity.c:657]: check_expires_value(): check_expires_value passed
 3(10) DEBUG: sanity [sanity.c:758]: check_parse_uris(): check_parse_uris entered
 3(10) DEBUG: sanity [sanity.c:762]: check_parse_uris(): parsing ruri
 3(10) DEBUG: sanity [sanity.c:776]: check_parse_uris(): looking up From header
 3(10) DEBUG: <core> [core/parser/parse_addr_spec.c:185]: parse_to_param(): add param: tag=IvitQuvQA
 3(10) DEBUG: <core> [core/parser/parse_addr_spec.c:884]: parse_addr_spec(): end of header reached, state=29
 3(10) DEBUG: sanity [sanity.c:791]: check_parse_uris(): looking up To header
 3(10) DEBUG: sanity [sanity.c:838]: check_parse_uris(): check_parse_uris passed
 3(10) DEBUG: sanity [sanity_mod.c:254]: w_sanity_check(): sanity checks result: 1
 3(10) DEBUG: maxfwd [mf_funcs.c:74]: is_maxfwd_present(): value = 70 
 3(10) DEBUG: tm [t_lookup.c:1053]: t_check_msg(): msg (0x72459b2c10a0) id=2/10 global id=1/10 T start=(nil)
 3(10) DEBUG: tm [t_lookup.c:497]: t_lookup_request(): start searching: hash=24512, isACK=0
 3(10) DEBUG: tm [t_lookup.c:455]: matching_3261(): RFC3261 transaction matching failed - via branch [z9hG4bK.Pw3FvWGiU]
 3(10) DEBUG: tm [t_lookup.c:675]: t_lookup_request(): no transaction found
 3(10) DEBUG: tm [t_lookup.c:1122]: t_check_msg(): msg (0x72459b2c10a0) id=2/10 global id=2/10 T end=(nil)
 3(10) DEBUG: siputils [checks.c:120]: has_totag(): no totag
 3(10) DEBUG: <core> [core/msg_translator.c:162]: check_via_address(): (10.100.0.2, 10.45.0.2, 0)
 3(10) DEBUG: registrar [save.c:324]: pack_ci(): set instance[<urn:uuid:ea809930-a962-002e-b380-b83f5809eb96>]
 3(10) DEBUG: <core> [core/utils/sruid.c:214]: sruid_nextx(): new sruid is [uloc-6a676f5b-a-3] (3 / 17)
 3(10) DEBUG: registrar [save.c:421]: pack_ci(): generated ruid is: uloc-6a676f5b-a-3
 3(10) DEBUG: <core> [core/utils/sruid.c:214]: sruid_nextx(): new sruid is [uloc-6a676f5b-a-4] (4 / 17)
 3(10) DEBUG: registrar [save.c:421]: pack_ci(): generated ruid is: uloc-6a676f5b-a-4
 3(10) DEBUG: registrar [reply.c:334]: build_contact(): created Contact HF: Contact: <sip:ue2@10.100.0.2:5080;transport=udp>;expires=60;received="sip:10.100.0.2:5080";+sip.instance="<urn:uuid:ea809930-a962-002e-b380-b83f5809eb96>"

 3(10) DEBUG: sl [sl.c:310]: send_reply(): reply in stateless mode (sl)
 3(10) DEBUG: <core> [core/receive.c:126]: sip_check_fline(): first line indicates a SIP reply
 3(10) INFO: <script>: REGISTER sip:ue2@10.100.0.10 from 10.100.0.2:5080 saved (contact <sip:ue2@10.100.0.2:5080;transport=udp>;+sip.instance="<urn:uuid:ea809930-a962-002e-b380-b83f5809eb96>")
 3(10) DEBUG: <core> [core/receive.c:528]: receive_msg(): request-route executed in: 1013 usec
 3(10) DEBUG: <core> [core/usr_avp.c:637]: destroy_avp_list(): destroying list 0x724596f97f70
 3(10) DEBUG: <core> [core/usr_avp.c:637]: destroy_avp_list(): destroying list (nil)
 3(10) DEBUG: <core> [core/usr_avp.c:637]: destroy_avp_list(): destroying list (nil)
 3(10) DEBUG: <core> [core/usr_avp.c:637]: destroy_avp_list(): destroying list (nil)
 3(10) DEBUG: <core> [core/usr_avp.c:637]: destroy_avp_list(): destroying list (nil)
 3(10) DEBUG: <core> [core/usr_avp.c:637]: destroy_avp_list(): destroying list (nil)
 3(10) DEBUG: <core> [core/xavp.c:541]: xavp_destroy_list(): destroying xavp list (nil)
 3(10) DEBUG: <core> [core/xavp.c:541]: xavp_destroy_list(): destroying xavp list (nil)
 3(10) DEBUG: <core> [core/xavp.c:541]: xavp_destroy_list(): destroying xavp list (nil)
 3(10) DEBUG: <core> [core/receive.c:628]: receive_msg(): cleaning up
 1(8) DEBUG: <core> [core/udp_server.c:494]: udp_rcv_loop(): received on udp socket: (112/100/512) [[REGISTER sip:10.100.0.10 SIP/2.0 0D  0A Via: SIP/2.0/UDP 10.45.0.3:5080;branch=z9hG4bK.SMc8WHkea;rport 0D  0A Fr]]
 1(8) DEBUG: <core> [core/parser/parse_fline.c:249]: parse_first_line(): first line type 1 (request) flags 1
 1(8) DEBUG: <core> [core/parser/msg_parser.c:679]: parse_msg(): SIP Request:
 1(8) DEBUG: <core> [core/parser/msg_parser.c:680]: parse_msg():  method:  <REGISTER>
 1(8) DEBUG: <core> [core/parser/msg_parser.c:682]: parse_msg():  uri:     <sip:10.100.0.10>
 1(8) DEBUG: <core> [core/parser/msg_parser.c:684]: parse_msg():  version: <SIP/2.0>
 1(8) DEBUG: <core> [core/parser/parse_hname2.c:301]: parse_sip_header_name(): parsed header name [Via] type 1
 1(8) DEBUG: <core> [core/parser/parse_via.c:1300]: parse_via_param(): Found param type 232, <branch> = <z9hG4bK.SMc8WHkea>; state=6
 1(8) DEBUG: <core> [core/parser/parse_via.c:1300]: parse_via_param(): Found param type 235, <rport> = <n/a>; state=17
 1(8) DEBUG: <core> [core/parser/parse_via.c:2639]: parse_via(): end of header reached, state=5
 1(8) DEBUG: <core> [core/parser/msg_parser.c:555]: parse_headers(): Via found, flags=2
 1(8) DEBUG: <core> [core/parser/msg_parser.c:557]: parse_headers(): this is the first via
 1(8) DEBUG: <core> [core/parser/parse_hname2.c:301]: parse_sip_header_name(): parsed header name [From] type 4
 1(8) DEBUG: <core> [core/parser/parse_hname2.c:301]: parse_sip_header_name(): parsed header name [To] type 3
 1(8) DEBUG: <core> [core/parser/parse_addr_spec.c:884]: parse_addr_spec(): end of header reached, state=9
 1(8) DEBUG: <core> [core/parser/msg_parser.c:172]: get_hdr_field(): <To> [21]; uri=[sip:ue1@10.100.0.10]
 1(8) DEBUG: <core> [core/parser/msg_parser.c:174]: get_hdr_field(): to body (21)[sip:ue1@10.100.0.10
], to tag (0)[]
 1(8) DEBUG: <core> [core/parser/parse_hname2.c:301]: parse_sip_header_name(): parsed header name [CSeq] type 5
 1(8) DEBUG: <core> [core/parser/msg_parser.c:152]: get_hdr_field(): cseq <CSeq>: <22> <REGISTER>
 1(8) DEBUG: <core> [core/parser/parse_hname2.c:301]: parse_sip_header_name(): parsed header name [Call-ID] type 6
 1(8) DEBUG: <core> [core/receive.c:389]: receive_msg(): --- received sip message - request - call-id: [nTHHgpW~gc] - cseq: [22 REGISTER]
 1(8) DEBUG: <core> [core/receive.c:261]: ksr_evrt_pre_routing(): event route core:pre-routing not defined
 1(8) DEBUG: <core> [core/receive.c:471]: receive_msg(): preparing to run routing scripts...
 1(8) DEBUG: sanity [sanity.c:247]: check_ruri_sip_version(): check_ruri_sip_version entered
 1(8) DEBUG: sanity [sanity.c:270]: check_ruri_sip_version(): check_ruri_sip_version passed
 1(8) DEBUG: sanity [sanity.c:277]: check_ruri_scheme(): check_ruri_scheme entered
 1(8) DEBUG: sanity [sanity.c:297]: check_ruri_scheme(): check_ruri_scheme passed
 1(8) DEBUG: sanity [sanity.c:318]: check_required_headers(): check_required_headers entered
 1(8) DEBUG: <core> [core/parser/parse_hname2.c:301]: parse_sip_header_name(): parsed header name [Max-Forwards] type 8
 1(8) DEBUG: <core> [core/parser/parse_hname2.c:301]: parse_sip_header_name(): parsed header name [Supported] type 17
 1(8) DEBUG: <core> [core/parser/parse_hname2.c:301]: parse_sip_header_name(): parsed header name [Accept] type 23
 1(8) DEBUG: <core> [core/parser/parse_hname2.c:301]: parse_sip_header_name(): parsed header name [Accept] type 23
 1(8) DEBUG: <core> [core/parser/parse_hname2.c:301]: parse_sip_header_name(): parsed header name [Accept] type 23
 1(8) DEBUG: <core> [core/parser/parse_hname2.c:301]: parse_sip_header_name(): parsed header name [Contact] type 7
 1(8) DEBUG: <core> [core/parser/parse_hname2.c:301]: parse_sip_header_name(): parsed header name [Expires] type 14
 1(8) DEBUG: <core> [core/parser/parse_hname2.c:301]: parse_sip_header_name(): parsed header name [User-Agent] type 28
 1(8) DEBUG: <core> [core/parser/msg_parser.c:91]: get_hdr_field(): found end of header
 1(8) DEBUG: sanity [sanity.c:340]: check_required_headers(): check_required_headers passed
 1(8) DEBUG: sanity [sanity.c:506]: check_cseq_method(): check_cseq_method entered
 1(8) DEBUG: sanity [sanity.c:539]: check_cseq_method(): check_cseq_method passed
 1(8) DEBUG: sanity [sanity.c:548]: check_cseq_value(): check_cseq_value entered
 1(8) DEBUG: sanity [sanity.c:576]: check_cseq_value(): check_cseq_value passed
 1(8) DEBUG: sanity [sanity.c:585]: check_cl(): check_cl entered
 1(8) WARNING: sanity [sanity.c:612]: check_cl(): content length header missing in request
 1(8) DEBUG: sanity [sanity.c:622]: check_expires_value(): check_expires_value entered
 1(8) DEBUG: sanity [sanity.c:657]: check_expires_value(): check_expires_value passed
 1(8) DEBUG: sanity [sanity.c:758]: check_parse_uris(): check_parse_uris entered
 1(8) DEBUG: sanity [sanity.c:762]: check_parse_uris(): parsing ruri
 1(8) DEBUG: sanity [sanity.c:776]: check_parse_uris(): looking up From header
 1(8) DEBUG: <core> [core/parser/parse_addr_spec.c:185]: parse_to_param(): add param: tag=XIOopR5Ue
 1(8) DEBUG: <core> [core/parser/parse_addr_spec.c:884]: parse_addr_spec(): end of header reached, state=29
 1(8) DEBUG: sanity [sanity.c:791]: check_parse_uris(): looking up To header
 1(8) DEBUG: sanity [sanity.c:838]: check_parse_uris(): check_parse_uris passed
 1(8) DEBUG: sanity [sanity_mod.c:254]: w_sanity_check(): sanity checks result: 1
 1(8) DEBUG: maxfwd [mf_funcs.c:74]: is_maxfwd_present(): value = 70 
 1(8) DEBUG: tm [t_lookup.c:1053]: t_check_msg(): msg (0x72459b2c10a0) id=2/8 global id=1/8 T start=(nil)
 1(8) DEBUG: tm [t_lookup.c:497]: t_lookup_request(): start searching: hash=8727, isACK=0
 1(8) DEBUG: tm [t_lookup.c:455]: matching_3261(): RFC3261 transaction matching failed - via branch [z9hG4bK.SMc8WHkea]
 1(8) DEBUG: tm [t_lookup.c:675]: t_lookup_request(): no transaction found
 1(8) DEBUG: tm [t_lookup.c:1122]: t_check_msg(): msg (0x72459b2c10a0) id=2/8 global id=2/8 T end=(nil)
 1(8) DEBUG: siputils [checks.c:120]: has_totag(): no totag
 1(8) DEBUG: registrar [save.c:324]: pack_ci(): set instance[<urn:uuid:4e176e05-7087-00d3-b0dc-bc6cbae559cb>]
 1(8) DEBUG: <core> [core/utils/sruid.c:214]: sruid_nextx(): new sruid is [uloc-6a676f5b-8-3] (3 / 17)
 1(8) DEBUG: registrar [save.c:421]: pack_ci(): generated ruid is: uloc-6a676f5b-8-3
 1(8) DEBUG: <core> [core/utils/sruid.c:214]: sruid_nextx(): new sruid is [uloc-6a676f5b-8-4] (4 / 17)
 1(8) DEBUG: registrar [save.c:421]: pack_ci(): generated ruid is: uloc-6a676f5b-8-4
 1(8) DEBUG: registrar [reply.c:334]: build_contact(): created Contact HF: Contact: <sip:ue1@10.100.0.2:19401;transport=udp>;expires=60;received="sip:10.100.0.2:19401";+sip.instance="<urn:uuid:4e176e05-7087-00d3-b0dc-bc6cbae559cb>"

 1(8) DEBUG: sl [sl.c:310]: send_reply(): reply in stateless mode (sl)
 1(8) DEBUG: <core> [core/receive.c:126]: sip_check_fline(): first line indicates a SIP reply
 1(8) INFO: <script>: REGISTER sip:ue1@10.100.0.10 from 10.100.0.2:19401 saved (contact <sip:ue1@10.100.0.2:19401;transport=udp>;+sip.instance="<urn:uuid:4e176e05-7087-00d3-b0dc-bc6cbae559cb>")
 1(8) DEBUG: <core> [core/receive.c:528]: receive_msg(): request-route executed in: 670 usec
 1(8) DEBUG: <core> [core/usr_avp.c:637]: destroy_avp_list(): destroying list 0x724596f97f70
 1(8) DEBUG: <core> [core/usr_avp.c:637]: destroy_avp_list(): destroying list (nil)
 1(8) DEBUG: <core> [core/usr_avp.c:637]: destroy_avp_list(): destroying list (nil)
 1(8) DEBUG: <core> [core/usr_avp.c:637]: destroy_avp_list(): destroying list (nil)
 1(8) DEBUG: <core> [core/usr_avp.c:637]: destroy_avp_list(): destroying list (nil)
 1(8) DEBUG: <core> [core/usr_avp.c:637]: destroy_avp_list(): destroying list (nil)
 1(8) DEBUG: <core> [core/xavp.c:541]: xavp_destroy_list(): destroying xavp list (nil)
 1(8) DEBUG: <core> [core/xavp.c:541]: xavp_destroy_list(): destroying xavp list (nil)
 1(8) DEBUG: <core> [core/xavp.c:541]: xavp_destroy_list(): destroying xavp list (nil)
 1(8) DEBUG: <core> [core/receive.c:628]: receive_msg(): cleaning up
 2(9) DEBUG: <core> [core/udp_server.c:517]: udp_rcv_loop(): probing packet received from 10.100.0.2 55315
 4(11) DEBUG: <core> [core/udp_server.c:517]: udp_rcv_loop(): probing packet received from 10.100.0.2 51531
 3(10) DEBUG: <core> [core/udp_server.c:517]: udp_rcv_loop(): probing packet received from 10.100.0.2 55315
 1(8) DEBUG: <core> [core/udp_server.c:517]: udp_rcv_loop(): probing packet received from 10.100.0.2 51531
 2(9) DEBUG: <core> [core/udp_server.c:517]: udp_rcv_loop(): probing packet received from 10.100.0.2 55315
 4(11) DEBUG: <core> [core/udp_server.c:517]: udp_rcv_loop(): probing packet received from 10.100.0.2 51531
 3(10) DEBUG: <core> [core/udp_server.c:517]: udp_rcv_loop(): probing packet received from 10.100.0.2 55315
 1(8) DEBUG: <core> [core/udp_server.c:517]: udp_rcv_loop(): probing packet received from 10.100.0.2 51531
 2(9) DEBUG: <core> [core/udp_server.c:517]: udp_rcv_loop(): probing packet received from 10.100.0.2 55315
 4(11) DEBUG: <core> [core/udp_server.c:517]: udp_rcv_loop(): probing packet received from 10.100.0.2 51531
 3(10) DEBUG: <core> [core/udp_server.c:494]: udp_rcv_loop(): received on udp socket: (112/100/511) [[REGISTER sip:10.100.0.10 SIP/2.0 0D  0A Via: SIP/2.0/UDP 10.45.0.2:5080;branch=z9hG4bK.vZ8~Mxrww;rport 0D  0A Fr]]
 3(10) DEBUG: <core> [core/parser/parse_fline.c:249]: parse_first_line(): first line type 1 (request) flags 1
 3(10) DEBUG: <core> [core/parser/msg_parser.c:679]: parse_msg(): SIP Request:
 3(10) DEBUG: <core> [core/parser/msg_parser.c:680]: parse_msg():  method:  <REGISTER>
 3(10) DEBUG: <core> [core/parser/msg_parser.c:682]: parse_msg():  uri:     <sip:10.100.0.10>
 3(10) DEBUG: <core> [core/parser/msg_parser.c:684]: parse_msg():  version: <SIP/2.0>
 3(10) DEBUG: <core> [core/parser/parse_hname2.c:301]: parse_sip_header_name(): parsed header name [Via] type 1
 3(10) DEBUG: <core> [core/parser/parse_via.c:1300]: parse_via_param(): Found param type 232, <branch> = <z9hG4bK.vZ8~Mxrww>; state=6
 3(10) DEBUG: <core> [core/parser/parse_via.c:1300]: parse_via_param(): Found param type 235, <rport> = <n/a>; state=17
 3(10) DEBUG: <core> [core/parser/parse_via.c:2639]: parse_via(): end of header reached, state=5
 3(10) DEBUG: <core> [core/parser/msg_parser.c:555]: parse_headers(): Via found, flags=2
 3(10) DEBUG: <core> [core/parser/msg_parser.c:557]: parse_headers(): this is the first via
 3(10) DEBUG: <core> [core/parser/parse_hname2.c:301]: parse_sip_header_name(): parsed header name [From] type 4
 3(10) DEBUG: <core> [core/parser/parse_hname2.c:301]: parse_sip_header_name(): parsed header name [To] type 3
 3(10) DEBUG: <core> [core/parser/parse_addr_spec.c:884]: parse_addr_spec(): end of header reached, state=9
 3(10) DEBUG: <core> [core/parser/msg_parser.c:172]: get_hdr_field(): <To> [21]; uri=[sip:ue2@10.100.0.10]
 3(10) DEBUG: <core> [core/parser/msg_parser.c:174]: get_hdr_field(): to body (21)[sip:ue2@10.100.0.10
], to tag (0)[]
 3(10) DEBUG: <core> [core/parser/parse_hname2.c:301]: parse_sip_header_name(): parsed header name [CSeq] type 5
 3(10) DEBUG: <core> [core/parser/msg_parser.c:152]: get_hdr_field(): cseq <CSeq>: <23> <REGISTER>
 3(10) DEBUG: <core> [core/parser/parse_hname2.c:301]: parse_sip_header_name(): parsed header name [Call-ID] type 6
 3(10) DEBUG: <core> [core/receive.c:389]: receive_msg(): --- received sip message - request - call-id: [JwYmbwjr0W] - cseq: [23 REGISTER]
 3(10) DEBUG: <core> [core/receive.c:261]: ksr_evrt_pre_routing(): event route core:pre-routing not defined
 3(10) DEBUG: <core> [core/receive.c:471]: receive_msg(): preparing to run routing scripts...
 3(10) DEBUG: sanity [sanity.c:247]: check_ruri_sip_version(): check_ruri_sip_version entered
 3(10) DEBUG: sanity [sanity.c:270]: check_ruri_sip_version(): check_ruri_sip_version passed
 3(10) DEBUG: sanity [sanity.c:277]: check_ruri_scheme(): check_ruri_scheme entered
 3(10) DEBUG: sanity [sanity.c:297]: check_ruri_scheme(): check_ruri_scheme passed
 3(10) DEBUG: sanity [sanity.c:318]: check_required_headers(): check_required_headers entered
 3(10) DEBUG: <core> [core/parser/parse_hname2.c:301]: parse_sip_header_name(): parsed header name [Max-Forwards] type 8
 3(10) DEBUG: <core> [core/parser/parse_hname2.c:301]: parse_sip_header_name(): parsed header name [Supported] type 17
 3(10) DEBUG: <core> [core/parser/parse_hname2.c:301]: parse_sip_header_name(): parsed header name [Accept] type 23
 3(10) DEBUG: <core> [core/parser/parse_hname2.c:301]: parse_sip_header_name(): parsed header name [Accept] type 23
 3(10) DEBUG: <core> [core/parser/parse_hname2.c:301]: parse_sip_header_name(): parsed header name [Accept] type 23
 3(10) DEBUG: <core> [core/parser/parse_hname2.c:301]: parse_sip_header_name(): parsed header name [Contact] type 7
 3(10) DEBUG: <core> [core/parser/parse_hname2.c:301]: parse_sip_header_name(): parsed header name [Expires] type 14
 3(10) DEBUG: <core> [core/parser/parse_hname2.c:301]: parse_sip_header_name(): parsed header name [User-Agent] type 28
 3(10) DEBUG: <core> [core/parser/msg_parser.c:91]: get_hdr_field(): found end of header
 3(10) DEBUG: sanity [sanity.c:340]: check_required_headers(): check_required_headers passed
 3(10) DEBUG: sanity [sanity.c:506]: check_cseq_method(): check_cseq_method entered
 3(10) DEBUG: sanity [sanity.c:539]: check_cseq_method(): check_cseq_method passed
 3(10) DEBUG: sanity [sanity.c:548]: check_cseq_value(): check_cseq_value entered
 3(10) DEBUG: sanity [sanity.c:576]: check_cseq_value(): check_cseq_value passed
 3(10) DEBUG: sanity [sanity.c:585]: check_cl(): check_cl entered
 3(10) WARNING: sanity [sanity.c:612]: check_cl(): content length header missing in request
 3(10) DEBUG: sanity [sanity.c:622]: check_expires_value(): check_expires_value entered
 3(10) DEBUG: sanity [sanity.c:657]: check_expires_value(): check_expires_value passed
 3(10) DEBUG: sanity [sanity.c:758]: check_parse_uris(): check_parse_uris entered
 3(10) DEBUG: sanity [sanity.c:762]: check_parse_uris(): parsing ruri
 3(10) DEBUG: sanity [sanity.c:776]: check_parse_uris(): looking up From header
 3(10) DEBUG: <core> [core/parser/parse_addr_spec.c:185]: parse_to_param(): add param: tag=IvitQuvQA
 3(10) DEBUG: <core> [core/parser/parse_addr_spec.c:884]: parse_addr_spec(): end of header reached, state=29
 3(10) DEBUG: sanity [sanity.c:791]: check_parse_uris(): looking up To header
 3(10) DEBUG: sanity [sanity.c:838]: check_parse_uris(): check_parse_uris passed
 3(10) DEBUG: sanity [sanity_mod.c:254]: w_sanity_check(): sanity checks result: 1
 3(10) DEBUG: maxfwd [mf_funcs.c:74]: is_maxfwd_present(): value = 70 
 3(10) DEBUG: tm [t_lookup.c:1053]: t_check_msg(): msg (0x72459b2c10a0) id=3/10 global id=2/10 T start=(nil)
 3(10) DEBUG: tm [t_lookup.c:497]: t_lookup_request(): start searching: hash=24513, isACK=0
 3(10) DEBUG: tm [t_lookup.c:455]: matching_3261(): RFC3261 transaction matching failed - via branch [z9hG4bK.vZ8~Mxrww]
 3(10) DEBUG: tm [t_lookup.c:675]: t_lookup_request(): no transaction found
 3(10) DEBUG: tm [t_lookup.c:1122]: t_check_msg(): msg (0x72459b2c10a0) id=3/10 global id=3/10 T end=(nil)
 3(10) DEBUG: siputils [checks.c:120]: has_totag(): no totag
 3(10) DEBUG: <core> [core/msg_translator.c:162]: check_via_address(): (10.100.0.2, 10.45.0.2, 0)
 3(10) DEBUG: registrar [save.c:324]: pack_ci(): set instance[<urn:uuid:ea809930-a962-002e-b380-b83f5809eb96>]
 3(10) DEBUG: <core> [core/utils/sruid.c:214]: sruid_nextx(): new sruid is [uloc-6a676f5b-a-5] (5 / 17)
 3(10) DEBUG: registrar [save.c:421]: pack_ci(): generated ruid is: uloc-6a676f5b-a-5
 3(10) DEBUG: <core> [core/utils/sruid.c:214]: sruid_nextx(): new sruid is [uloc-6a676f5b-a-6] (6 / 17)
 3(10) DEBUG: registrar [save.c:421]: pack_ci(): generated ruid is: uloc-6a676f5b-a-6
 3(10) DEBUG: registrar [reply.c:334]: build_contact(): created Contact HF: Contact: <sip:ue2@10.100.0.2:5080;transport=udp>;expires=60;received="sip:10.100.0.2:5080";+sip.instance="<urn:uuid:ea809930-a962-002e-b380-b83f5809eb96>"

 3(10) DEBUG: sl [sl.c:310]: send_reply(): reply in stateless mode (sl)
 3(10) DEBUG: <core> [core/receive.c:126]: sip_check_fline(): first line indicates a SIP reply
 3(10) INFO: <script>: REGISTER sip:ue2@10.100.0.10 from 10.100.0.2:5080 saved (contact <sip:ue2@10.100.0.2:5080;transport=udp>;+sip.instance="<urn:uuid:ea809930-a962-002e-b380-b83f5809eb96>")
 3(10) DEBUG: <core> [core/receive.c:528]: receive_msg(): request-route executed in: 803 usec
 3(10) DEBUG: <core> [core/usr_avp.c:637]: destroy_avp_list(): destroying list 0x724596f97f70
 3(10) DEBUG: <core> [core/usr_avp.c:637]: destroy_avp_list(): destroying list (nil)
 3(10) DEBUG: <core> [core/usr_avp.c:637]: destroy_avp_list(): destroying list (nil)
 3(10) DEBUG: <core> [core/usr_avp.c:637]: destroy_avp_list(): destroying list (nil)
 3(10) DEBUG: <core> [core/usr_avp.c:637]: destroy_avp_list(): destroying list (nil)
 3(10) DEBUG: <core> [core/usr_avp.c:637]: destroy_avp_list(): destroying list (nil)
 3(10) DEBUG: <core> [core/xavp.c:541]: xavp_destroy_list(): destroying xavp list (nil)
 3(10) DEBUG: <core> [core/xavp.c:541]: xavp_destroy_list(): destroying xavp list (nil)
 3(10) DEBUG: <core> [core/xavp.c:541]: xavp_destroy_list(): destroying xavp list (nil)
 3(10) DEBUG: <core> [core/receive.c:628]: receive_msg(): cleaning up
 3(10) DEBUG: <core> [core/udp_server.c:494]: udp_rcv_loop(): received on udp socket: (112/100/512) [[REGISTER sip:10.100.0.10 SIP/2.0 0D  0A Via: SIP/2.0/UDP 10.45.0.3:5080;branch=z9hG4bK.lxsM4ZpaI;rport 0D  0A Fr]]
 3(10) DEBUG: <core> [core/parser/parse_fline.c:249]: parse_first_line(): first line type 1 (request) flags 1
 3(10) DEBUG: <core> [core/parser/msg_parser.c:679]: parse_msg(): SIP Request:
 3(10) DEBUG: <core> [core/parser/msg_parser.c:680]: parse_msg():  method:  <REGISTER>
 3(10) DEBUG: <core> [core/parser/msg_parser.c:682]: parse_msg():  uri:     <sip:10.100.0.10>
 3(10) DEBUG: <core> [core/parser/msg_parser.c:684]: parse_msg():  version: <SIP/2.0>
 3(10) DEBUG: <core> [core/parser/parse_hname2.c:301]: parse_sip_header_name(): parsed header name [Via] type 1
 3(10) DEBUG: <core> [core/parser/parse_via.c:1300]: parse_via_param(): Found param type 232, <branch> = <z9hG4bK.lxsM4ZpaI>; state=6
 3(10) DEBUG: <core> [core/parser/parse_via.c:1300]: parse_via_param(): Found param type 235, <rport> = <n/a>; state=17
 3(10) DEBUG: <core> [core/parser/parse_via.c:2639]: parse_via(): end of header reached, state=5
 3(10) DEBUG: <core> [core/parser/msg_parser.c:555]: parse_headers(): Via found, flags=2
 3(10) DEBUG: <core> [core/parser/msg_parser.c:557]: parse_headers(): this is the first via
 3(10) DEBUG: <core> [core/parser/parse_hname2.c:301]: parse_sip_header_name(): parsed header name [From] type 4
 3(10) DEBUG: <core> [core/parser/parse_hname2.c:301]: parse_sip_header_name(): parsed header name [To] type 3
 3(10) DEBUG: <core> [core/parser/parse_addr_spec.c:884]: parse_addr_spec(): end of header reached, state=9
 3(10) DEBUG: <core> [core/parser/msg_parser.c:172]: get_hdr_field(): <To> [21]; uri=[sip:ue1@10.100.0.10]
 3(10) DEBUG: <core> [core/parser/msg_parser.c:174]: get_hdr_field(): to body (21)[sip:ue1@10.100.0.10
], to tag (0)[]
 3(10) DEBUG: <core> [core/parser/parse_hname2.c:301]: parse_sip_header_name(): parsed header name [CSeq] type 5
 3(10) DEBUG: <core> [core/parser/msg_parser.c:152]: get_hdr_field(): cseq <CSeq>: <23> <REGISTER>
 3(10) DEBUG: <core> [core/parser/parse_hname2.c:301]: parse_sip_header_name(): parsed header name [Call-ID] type 6
 3(10) DEBUG: <core> [core/receive.c:389]: receive_msg(): --- received sip message - request - call-id: [nTHHgpW~gc] - cseq: [23 REGISTER]
 3(10) DEBUG: <core> [core/receive.c:261]: ksr_evrt_pre_routing(): event route core:pre-routing not defined
 3(10) DEBUG: <core> [core/receive.c:471]: receive_msg(): preparing to run routing scripts...
 3(10) DEBUG: sanity [sanity.c:247]: check_ruri_sip_version(): check_ruri_sip_version entered
 3(10) DEBUG: sanity [sanity.c:270]: check_ruri_sip_version(): check_ruri_sip_version passed
 3(10) DEBUG: sanity [sanity.c:277]: check_ruri_scheme(): check_ruri_scheme entered
 3(10) DEBUG: sanity [sanity.c:297]: check_ruri_scheme(): check_ruri_scheme passed
 3(10) DEBUG: sanity [sanity.c:318]: check_required_headers(): check_required_headers entered
 3(10) DEBUG: <core> [core/parser/parse_hname2.c:301]: parse_sip_header_name(): parsed header name [Max-Forwards] type 8
 3(10) DEBUG: <core> [core/parser/parse_hname2.c:301]: parse_sip_header_name(): parsed header name [Supported] type 17
 3(10) DEBUG: <core> [core/parser/parse_hname2.c:301]: parse_sip_header_name(): parsed header name [Accept] type 23
 3(10) DEBUG: <core> [core/parser/parse_hname2.c:301]: parse_sip_header_name(): parsed header name [Accept] type 23
 3(10) DEBUG: <core> [core/parser/parse_hname2.c:301]: parse_sip_header_name(): parsed header name [Accept] type 23
 3(10) DEBUG: <core> [core/parser/parse_hname2.c:301]: parse_sip_header_name(): parsed header name [Contact] type 7
 3(10) DEBUG: <core> [core/parser/parse_hname2.c:301]: parse_sip_header_name(): parsed header name [Expires] type 14
 3(10) DEBUG: <core> [core/parser/parse_hname2.c:301]: parse_sip_header_name(): parsed header name [User-Agent] type 28
 3(10) DEBUG: <core> [core/parser/msg_parser.c:91]: get_hdr_field(): found end of header
 3(10) DEBUG: sanity [sanity.c:340]: check_required_headers(): check_required_headers passed
 3(10) DEBUG: sanity [sanity.c:506]: check_cseq_method(): check_cseq_method entered
 3(10) DEBUG: sanity [sanity.c:539]: check_cseq_method(): check_cseq_method passed
 3(10) DEBUG: sanity [sanity.c:548]: check_cseq_value(): check_cseq_value entered
 3(10) DEBUG: sanity [sanity.c:576]: check_cseq_value(): check_cseq_value passed
 3(10) DEBUG: sanity [sanity.c:585]: check_cl(): check_cl entered
 3(10) WARNING: sanity [sanity.c:612]: check_cl(): content length header missing in request
 3(10) DEBUG: sanity [sanity.c:622]: check_expires_value(): check_expires_value entered
 3(10) DEBUG: sanity [sanity.c:657]: check_expires_value(): check_expires_value passed
 3(10) DEBUG: sanity [sanity.c:758]: check_parse_uris(): check_parse_uris entered
 3(10) DEBUG: sanity [sanity.c:762]: check_parse_uris(): parsing ruri
 3(10) DEBUG: sanity [sanity.c:776]: check_parse_uris(): looking up From header
 3(10) DEBUG: <core> [core/parser/parse_addr_spec.c:185]: parse_to_param(): add param: tag=XIOopR5Ue
 3(10) DEBUG: <core> [core/parser/parse_addr_spec.c:884]: parse_addr_spec(): end of header reached, state=29
 3(10) DEBUG: sanity [sanity.c:791]: check_parse_uris(): looking up To header
 3(10) DEBUG: sanity [sanity.c:838]: check_parse_uris(): check_parse_uris passed
 3(10) DEBUG: sanity [sanity_mod.c:254]: w_sanity_check(): sanity checks result: 1
 3(10) DEBUG: maxfwd [mf_funcs.c:74]: is_maxfwd_present(): value = 70 
 3(10) DEBUG: tm [t_lookup.c:1053]: t_check_msg(): msg (0x72459b2c10a0) id=4/10 global id=3/10 T start=(nil)
 3(10) DEBUG: tm [t_lookup.c:497]: t_lookup_request(): start searching: hash=8728, isACK=0
 3(10) DEBUG: tm [t_lookup.c:455]: matching_3261(): RFC3261 transaction matching failed - via branch [z9hG4bK.lxsM4ZpaI]
 3(10) DEBUG: tm [t_lookup.c:675]: t_lookup_request(): no transaction found
 3(10) DEBUG: tm [t_lookup.c:1122]: t_check_msg(): msg (0x72459b2c10a0) id=4/10 global id=4/10 T end=(nil)
 3(10) DEBUG: siputils [checks.c:120]: has_totag(): no totag
 3(10) DEBUG: registrar [save.c:324]: pack_ci(): set instance[<urn:uuid:4e176e05-7087-00d3-b0dc-bc6cbae559cb>]
 3(10) DEBUG: <core> [core/utils/sruid.c:214]: sruid_nextx(): new sruid is [uloc-6a676f5b-a-7] (7 / 17)
 3(10) DEBUG: registrar [save.c:421]: pack_ci(): generated ruid is: uloc-6a676f5b-a-7
 3(10) DEBUG: <core> [core/utils/sruid.c:214]: sruid_nextx(): new sruid is [uloc-6a676f5b-a-8] (8 / 17)
 3(10) DEBUG: registrar [save.c:421]: pack_ci(): generated ruid is: uloc-6a676f5b-a-8
 3(10) DEBUG: registrar [reply.c:334]: build_contact(): created Contact HF: Contact: <sip:ue1@10.100.0.2:19401;transport=udp>;expires=60;received="sip:10.100.0.2:19401";+sip.instance="<urn:uuid:4e176e05-7087-00d3-b0dc-bc6cbae559cb>"

 3(10) DEBUG: sl [sl.c:310]: send_reply(): reply in stateless mode (sl)
 3(10) DEBUG: <core> [core/receive.c:126]: sip_check_fline(): first line indicates a SIP reply
 3(10) INFO: <script>: REGISTER sip:ue1@10.100.0.10 from 10.100.0.2:19401 saved (contact <sip:ue1@10.100.0.2:19401;transport=udp>;+sip.instance="<urn:uuid:4e176e05-7087-00d3-b0dc-bc6cbae559cb>")
 3(10) DEBUG: <core> [core/receive.c:528]: receive_msg(): request-route executed in: 795 usec
 3(10) DEBUG: <core> [core/usr_avp.c:637]: destroy_avp_list(): destroying list 0x724596f97f70
 3(10) DEBUG: <core> [core/usr_avp.c:637]: destroy_avp_list(): destroying list (nil)
 3(10) DEBUG: <core> [core/usr_avp.c:637]: destroy_avp_list(): destroying list (nil)
 3(10) DEBUG: <core> [core/usr_avp.c:637]: destroy_avp_list(): destroying list (nil)
 3(10) DEBUG: <core> [core/usr_avp.c:637]: destroy_avp_list(): destroying list (nil)
 3(10) DEBUG: <core> [core/usr_avp.c:637]: destroy_avp_list(): destroying list (nil)
 3(10) DEBUG: <core> [core/xavp.c:541]: xavp_destroy_list(): destroying xavp list (nil)
 3(10) DEBUG: <core> [core/xavp.c:541]: xavp_destroy_list(): destroying xavp list (nil)
 3(10) DEBUG: <core> [core/xavp.c:541]: xavp_destroy_list(): destroying xavp list (nil)
 3(10) DEBUG: <core> [core/receive.c:628]: receive_msg(): cleaning up
 2(9) DEBUG: <core> [core/udp_server.c:517]: udp_rcv_loop(): probing packet received from 10.100.0.2 55315
 4(11) DEBUG: <core> [core/udp_server.c:517]: udp_rcv_loop(): probing packet received from 10.100.0.2 51531
 1(8) DEBUG: <core> [core/udp_server.c:494]: udp_rcv_loop(): received on udp socket: (112/100/1084) [[INVITE sip:ue1@10.100.0.10 SIP/2.0 0D  0A Via: SIP/2.0/UDP 10.45.0.2:5080;branch=z9hG4bK.c65lsq4qe;rport 0D  0A ]]
 1(8) DEBUG: <core> [core/parser/parse_fline.c:249]: parse_first_line(): first line type 1 (request) flags 1
 1(8) DEBUG: <core> [core/parser/msg_parser.c:679]: parse_msg(): SIP Request:
 1(8) DEBUG: <core> [core/parser/msg_parser.c:680]: parse_msg():  method:  <INVITE>
 1(8) DEBUG: <core> [core/parser/msg_parser.c:682]: parse_msg():  uri:     <sip:ue1@10.100.0.10>
 1(8) DEBUG: <core> [core/parser/msg_parser.c:684]: parse_msg():  version: <SIP/2.0>
 1(8) DEBUG: <core> [core/parser/parse_hname2.c:301]: parse_sip_header_name(): parsed header name [Via] type 1
 1(8) DEBUG: <core> [core/parser/parse_via.c:1300]: parse_via_param(): Found param type 232, <branch> = <z9hG4bK.c65lsq4qe>; state=6
 1(8) DEBUG: <core> [core/parser/parse_via.c:1300]: parse_via_param(): Found param type 235, <rport> = <n/a>; state=17
 1(8) DEBUG: <core> [core/parser/parse_via.c:2639]: parse_via(): end of header reached, state=5
 1(8) DEBUG: <core> [core/parser/msg_parser.c:555]: parse_headers(): Via found, flags=2
 1(8) DEBUG: <core> [core/parser/msg_parser.c:557]: parse_headers(): this is the first via
 1(8) DEBUG: <core> [core/parser/parse_hname2.c:301]: parse_sip_header_name(): parsed header name [From] type 4
 1(8) DEBUG: <core> [core/parser/parse_hname2.c:301]: parse_sip_header_name(): parsed header name [To] type 3
 1(8) DEBUG: <core> [core/parser/parse_addr_spec.c:884]: parse_addr_spec(): end of header reached, state=9
 1(8) DEBUG: <core> [core/parser/msg_parser.c:172]: get_hdr_field(): <To> [21]; uri=[sip:ue1@10.100.0.10]
 1(8) DEBUG: <core> [core/parser/msg_parser.c:174]: get_hdr_field(): to body (21)[sip:ue1@10.100.0.10
], to tag (0)[]
 1(8) DEBUG: <core> [core/parser/parse_hname2.c:301]: parse_sip_header_name(): parsed header name [CSeq] type 5
 1(8) DEBUG: <core> [core/parser/msg_parser.c:152]: get_hdr_field(): cseq <CSeq>: <20> <INVITE>
 1(8) DEBUG: <core> [core/parser/parse_hname2.c:301]: parse_sip_header_name(): parsed header name [Call-ID] type 6
 1(8) DEBUG: <core> [core/receive.c:389]: receive_msg(): --- received sip message - request - call-id: [JNqMVM2aVT] - cseq: [20 INVITE]
 1(8) DEBUG: <core> [core/receive.c:261]: ksr_evrt_pre_routing(): event route core:pre-routing not defined
 1(8) DEBUG: <core> [core/receive.c:471]: receive_msg(): preparing to run routing scripts...
 1(8) DEBUG: sanity [sanity.c:247]: check_ruri_sip_version(): check_ruri_sip_version entered
 1(8) DEBUG: sanity [sanity.c:270]: check_ruri_sip_version(): check_ruri_sip_version passed
 1(8) DEBUG: sanity [sanity.c:277]: check_ruri_scheme(): check_ruri_scheme entered
 1(8) DEBUG: sanity [sanity.c:297]: check_ruri_scheme(): check_ruri_scheme passed
 1(8) DEBUG: sanity [sanity.c:318]: check_required_headers(): check_required_headers entered
 1(8) DEBUG: <core> [core/parser/parse_hname2.c:301]: parse_sip_header_name(): parsed header name [Max-Forwards] type 8
 1(8) DEBUG: <core> [core/parser/parse_hname2.c:301]: parse_sip_header_name(): parsed header name [Supported] type 17
 1(8) DEBUG: <core> [core/parser/parse_hname2.c:301]: parse_sip_header_name(): parsed header name [Allow] type 21
 1(8) DEBUG: <core> [core/parser/parse_hname2.c:301]: parse_sip_header_name(): parsed header name [Content-Type] type 11
 1(8) DEBUG: <core> [core/parser/parse_hname2.c:301]: parse_sip_header_name(): parsed header name [Content-Length] type 12
 1(8) DEBUG: <core> [core/parser/msg_parser.c:187]: get_hdr_field(): content_length=485
 1(8) DEBUG: <core> [core/parser/parse_hname2.c:301]: parse_sip_header_name(): parsed header name [Contact] type 7
 1(8) DEBUG: <core> [core/parser/parse_hname2.c:301]: parse_sip_header_name(): parsed header name [User-Agent] type 28
 1(8) DEBUG: <core> [core/parser/msg_parser.c:91]: get_hdr_field(): found end of header
 1(8) DEBUG: sanity [sanity.c:340]: check_required_headers(): check_required_headers passed
 1(8) DEBUG: sanity [sanity.c:506]: check_cseq_method(): check_cseq_method entered
 1(8) DEBUG: sanity [sanity.c:539]: check_cseq_method(): check_cseq_method passed
 1(8) DEBUG: sanity [sanity.c:548]: check_cseq_value(): check_cseq_value entered
 1(8) DEBUG: sanity [sanity.c:576]: check_cseq_value(): check_cseq_value passed
 1(8) DEBUG: sanity [sanity.c:585]: check_cl(): check_cl entered
 1(8) DEBUG: sanity [sanity.c:610]: check_cl(): check_cl passed
 1(8) DEBUG: sanity [sanity.c:622]: check_expires_value(): check_expires_value entered
 1(8) DEBUG: sanity [sanity.c:659]: check_expires_value(): no expires header found
 1(8) DEBUG: sanity [sanity.c:758]: check_parse_uris(): check_parse_uris entered
 1(8) DEBUG: sanity [sanity.c:762]: check_parse_uris(): parsing ruri
 1(8) DEBUG: sanity [sanity.c:776]: check_parse_uris(): looking up From header
 1(8) DEBUG: <core> [core/parser/parse_addr_spec.c:185]: parse_to_param(): add param: tag=B2~6TLN5w
 1(8) DEBUG: <core> [core/parser/parse_addr_spec.c:884]: parse_addr_spec(): end of header reached, state=29
 1(8) DEBUG: sanity [sanity.c:791]: check_parse_uris(): looking up To header
 1(8) DEBUG: sanity [sanity.c:838]: check_parse_uris(): check_parse_uris passed
 1(8) DEBUG: sanity [sanity_mod.c:254]: w_sanity_check(): sanity checks result: 1
 1(8) DEBUG: maxfwd [mf_funcs.c:74]: is_maxfwd_present(): value = 70 
 1(8) DEBUG: tm [t_lookup.c:1053]: t_check_msg(): msg (0x72459b2c10a0) id=3/8 global id=2/8 T start=(nil)
 1(8) DEBUG: tm [t_lookup.c:497]: t_lookup_request(): start searching: hash=54247, isACK=0
 1(8) DEBUG: tm [t_lookup.c:455]: matching_3261(): RFC3261 transaction matching failed - via branch [z9hG4bK.c65lsq4qe]
 1(8) DEBUG: tm [t_lookup.c:675]: t_lookup_request(): no transaction found
 1(8) DEBUG: tm [t_lookup.c:1122]: t_check_msg(): msg (0x72459b2c10a0) id=3/8 global id=3/8 T end=(nil)
 1(8) DEBUG: rr [loose.c:1293]: is_direction(): param ftag not found
 1(8) DEBUG: rr [record.c:479]: record_route(): inserted record route (r2: 1 - plen: 0)
 1(8) DEBUG: siputils [checks.c:120]: has_totag(): no totag
 1(8) DEBUG: registrar [lookup.c:345]: lookup_helper(): contact for [ue1] found by address
 1(8) DEBUG: <core> [core/parser/sdp/sdp_helpr_funcs.c:682]: extract_sess_version(): oline(33): >o=ue2 3113 544 IN IP4 10.45.0.2
<
 1(8) DEBUG: <core> [core/parser/sdp/sdp_helpr_funcs.c:711]: extract_sess_version(): end 3: >544<
 1(8) DEBUG: <core> [core/parser/sdp/sdp_helpr_funcs.c:566]: extract_mediaip(): located IP address [10.45.0.2] in `o=' field
 1(8) DEBUG: <core> [core/parser/sdp/sdp_helpr_funcs.c:566]: extract_mediaip(): located IP address [10.45.0.2] in `c=' field
 1(8) DEBUG: <core> [core/parser/sdp/sdp.c:599]: parse_sdp_session(): ignoring unknown type in a= line: `a=rtcp-fb:* trr-int ...'
 1(8) DEBUG: <core> [core/parser/sdp/sdp.c:599]: parse_sdp_session(): ignoring unknown type in a= line: `a=rtcp-fb:* ccm tmmb...'
 1(8) DEBUG: rtpengine [rtpengine_funcs.c:144]: check_content_type(): type <application/sdp> found valid
 1(8) DEBUG: rtpengine [rtpengine.c:1861]: build_rtpp_socks(): same rtpengines list version: 1 (1785163611)
 1(8) DEBUG: rtpengine [rtpengine.c:3305]: select_rtpp_node_old(): rtpengine hash table lookup failed to find node for calllen=10 callid=JNqMVM2aVT viabranch=
 1(8) DEBUG: rtpengine [rtpengine.c:3196]: select_rtpp_node_new(): sum is = 54
 1(8) INFO: rtpengine [rtpengine.c:2929]: rtpp_test(): rtpengine instance <udp:10.100.0.11:22222> found, support for it re-enabled
 1(8) DEBUG: rtpengine [rtpengine.c:2720]: rtpp_function_call(): proxy reply: d3:sdp560:v=0
o=ue2 3113 544 IN IP4 10.100.0.11
s=Talk
c=IN IP4 10.100.0.11
t=0 0
a=rtcp-xr:rcvr-rtt=all:10000 stat-summary=loss,dup,jitt,TTL voip-metrics
m=audio 30000 RTP/AVP 96 97 98 0 8 101 99 100
a=rtcp-fb:* trr-int 1000
a=rtcp-fb:* ccm tmmbr
a=rtpmap:96 opus/48000/2
a=fmtp:96 useinbandfec=1
a=rtpmap:97 speex/16000
a=fmtp:97 vbr=on
a=rtpmap:98 speex/8000
a=fmtp:98 vbr=on
a=rtpmap:0 PCMU/8000
a=rtpmap:8 PCMA/8000
a=rtpmap:101 telephone-event/48000
a=rtpmap:99 telephone-event/16000
a=rtpmap:100 telephone-event/8000
a=sendrecv
a=rtcp:30001
6:result2:oke
 1(8) DEBUG: rtpengine [rtpengine.c:2813]: rtpp_function_call(): rtpengine hash table insert node=udp:10.100.0.11:22222 for calllen=10 callid=JNqMVM2aVT viabranch=
 1(8) DEBUG: tm [t_lookup.c:1346]: t_newtran(): msg (0x72459b2c10a0) id=3/8 global id=3/8 T start=(nil)
 1(8) DEBUG: tm [t_lookup.c:497]: t_lookup_request(): start searching: hash=54247, isACK=0
 1(8) DEBUG: tm [t_lookup.c:455]: matching_3261(): RFC3261 transaction matching failed - via branch [z9hG4bK.c65lsq4qe]
 1(8) DEBUG: tm [t_lookup.c:675]: t_lookup_request(): no transaction found
 1(8) DEBUG: <core> [core/crypto/md5utils.c:67]: MD5StringArray(): MD5 calculated: 899082810d3a6f1a4acae7d0497bb92c
 1(8) DEBUG: tm [t_funcs.c:325]: t_relay_to(): new INVITE
 1(8) DEBUG: tm [t_reply.c:637]: _reply_light(): reply sent out - buf=0x72459b2c2118: SIP/2.0 100 trying -... shmem=0x724596f9c928: SIP/2.0 100 trying -
 1(8) DEBUG: tm [t_reply.c:648]: _reply_light(): finished
 1(8) DEBUG: <core> [core/msg_translator.c:1799]: check_boundaries(): no multi-part body
 1(8) DEBUG: <core> [core/msg_translator.c:432]: clen_builder(): content-length: 560 (560)
 1(8) DEBUG: tm [t_funcs.c:373]: t_relay_to(): new transaction forwarded
 1(8) DEBUG: <core> [core/receive.c:528]: receive_msg(): request-route executed in: 10725 usec
 1(8) DEBUG: <core> [core/usr_avp.c:637]: destroy_avp_list(): destroying list (nil)
 1(8) DEBUG: <core> [core/usr_avp.c:637]: destroy_avp_list(): destroying list (nil)
 1(8) DEBUG: <core> [core/usr_avp.c:637]: destroy_avp_list(): destroying list (nil)
 1(8) DEBUG: <core> [core/usr_avp.c:637]: destroy_avp_list(): destroying list (nil)
 1(8) DEBUG: <core> [core/usr_avp.c:637]: destroy_avp_list(): destroying list (nil)
 1(8) DEBUG: <core> [core/usr_avp.c:637]: destroy_avp_list(): destroying list (nil)
 1(8) DEBUG: <core> [core/xavp.c:541]: xavp_destroy_list(): destroying xavp list (nil)
 1(8) DEBUG: <core> [core/xavp.c:541]: xavp_destroy_list(): destroying xavp list (nil)
 1(8) DEBUG: <core> [core/xavp.c:541]: xavp_destroy_list(): destroying xavp list (nil)
 1(8) DEBUG: <core> [core/receive.c:628]: receive_msg(): cleaning up
 1(8) DEBUG: <core> [core/parser/sdp/sdp.c:863]: free_sdp(): _sdp = 0x72459b2c1288
 1(8) DEBUG: <core> [core/parser/sdp/sdp.c:865]: free_sdp(): sdp = 0x72459b2a8550
 1(8) DEBUG: <core> [core/parser/sdp/sdp.c:867]: free_sdp(): session = 0x72459b2a85f8
 3(10) DEBUG: <core> [core/udp_server.c:494]: udp_rcv_loop(): received on udp socket: (106/100/301) [[SIP/2.0 100 Trying 0D  0A Via: SIP/2.0/UDP 10.100.0.10;branch=z9hG4bK7e3d.899082810d3a6f1a4acae7d0497bb92c]]
 3(10) DEBUG: <core> [core/parser/parse_fline.c:249]: parse_first_line(): first line type 2 (reply(status)) flags 1
 3(10) DEBUG: <core> [core/parser/msg_parser.c:689]: parse_msg(): SIP Reply  (status):
 3(10) DEBUG: <core> [core/parser/msg_parser.c:690]: parse_msg():  version: <SIP/2.0>
 3(10) DEBUG: <core> [core/parser/msg_parser.c:692]: parse_msg():  status:  <100>
 3(10) DEBUG: <core> [core/parser/msg_parser.c:694]: parse_msg():  reason:  <Trying>
 3(10) DEBUG: <core> [core/parser/parse_hname2.c:301]: parse_sip_header_name(): parsed header name [Via] type 1
 3(10) DEBUG: <core> [core/parser/parse_via.c:1300]: parse_via_param(): Found param type 232, <branch> = <z9hG4bK7e3d.899082810d3a6f1a4acae7d0497bb92c.0>; state=16
 3(10) DEBUG: <core> [core/parser/parse_via.c:2639]: parse_via(): end of header reached, state=5
 3(10) DEBUG: <core> [core/parser/msg_parser.c:555]: parse_headers(): Via found, flags=2
 3(10) DEBUG: <core> [core/parser/msg_parser.c:557]: parse_headers(): this is the first via
 3(10) DEBUG: <core> [core/parser/parse_hname2.c:301]: parse_sip_header_name(): parsed header name [Via] type 1
 3(10) DEBUG: <core> [core/parser/parse_via.c:1300]: parse_via_param(): Found param type 234, <received> = <10.100.0.2>; state=6
 3(10) DEBUG: <core> [core/parser/parse_via.c:1300]: parse_via_param(): Found param type 232, <branch> = <z9hG4bK.c65lsq4qe>; state=6
 3(10) DEBUG: <core> [core/parser/parse_via.c:1300]: parse_via_param(): Found param type 235, <rport> = <5080>; state=16
 3(10) DEBUG: <core> [core/parser/parse_via.c:2639]: parse_via(): end of header reached, state=5
 3(10) DEBUG: <core> [core/parser/msg_parser.c:555]: parse_headers(): Via found, flags=78
 3(10) DEBUG: <core> [core/parser/msg_parser.c:568]: parse_headers(): this is the second via
 3(10) DEBUG: <core> [core/parser/parse_hname2.c:301]: parse_sip_header_name(): parsed header name [From] type 4
 3(10) DEBUG: <core> [core/parser/parse_hname2.c:301]: parse_sip_header_name(): parsed header name [To] type 3
 3(10) DEBUG: <core> [core/parser/parse_addr_spec.c:884]: parse_addr_spec(): end of header reached, state=9
 3(10) DEBUG: <core> [core/parser/msg_parser.c:172]: get_hdr_field(): <To> [21]; uri=[sip:ue1@10.100.0.10]
 3(10) DEBUG: <core> [core/parser/msg_parser.c:174]: get_hdr_field(): to body (21)[sip:ue1@10.100.0.10
], to tag (0)[]
 3(10) DEBUG: <core> [core/parser/parse_hname2.c:301]: parse_sip_header_name(): parsed header name [Call-ID] type 6
 3(10) DEBUG: <core> [core/parser/parse_hname2.c:301]: parse_sip_header_name(): parsed header name [CSeq] type 5
 3(10) DEBUG: <core> [core/parser/msg_parser.c:152]: get_hdr_field(): cseq <CSeq>: <20> <INVITE>
 3(10) DEBUG: <core> [core/receive.c:389]: receive_msg(): --- received sip message - reply - call-id: [JNqMVM2aVT] - cseq: [20 INVITE]
 3(10) DEBUG: <core> [core/receive.c:261]: ksr_evrt_pre_routing(): event route core:pre-routing not defined
 3(10) DEBUG: tm [t_lookup.c:1053]: t_check_msg(): msg (0x72459b2c10a0) id=5/10 global id=4/10 T start=(nil)
 3(10) DEBUG: tm [t_lookup.c:912]: t_reply_matching(): t_reply_matching: hash 54247 label 0 branch 0
 3(10) DEBUG: tm [t_lookup.c:986]: t_reply_matching(): reply (0x72459b2c10a0) matched an active transaction (T=0x724596f992f0)!
 3(10) DEBUG: tm [t_lookup.c:1122]: t_check_msg(): msg (0x72459b2c10a0) id=5/10 global id=5/10 T end=0x724596f992f0
 3(10) DEBUG: tm [t_reply.c:2363]: reply_received(): transaction found - T:0x724596f992f0 branch:0
 3(10) DEBUG: tm [t_reply.c:2376]: reply_received(): original status uas=100, uac[0]=0 local=0 is_invite=1)
 3(10) DEBUG: tm [t_reply.c:1363]: t_should_relay_response(): ->>>>>>>>> T_code=100, new_code=100
 3(10) DEBUG: tm [t_reply.c:1613]: t_should_relay_response(): rps provisional - uas status: 100
 3(10) DEBUG: tm [t_reply.c:1924]: relay_reply(): reply status=5 branch=0, save=0, relay=-1 icode=0 msg status=100
 3(10) DEBUG: <core> [core/receive.c:617]: receive_msg(): reply-route executed in: 1390 usec
 3(10) DEBUG: <core> [core/usr_avp.c:637]: destroy_avp_list(): destroying list (nil)
 3(10) DEBUG: <core> [core/usr_avp.c:637]: destroy_avp_list(): destroying list (nil)
 3(10) DEBUG: <core> [core/usr_avp.c:637]: destroy_avp_list(): destroying list (nil)
 3(10) DEBUG: <core> [core/usr_avp.c:637]: destroy_avp_list(): destroying list (nil)
 3(10) DEBUG: <core> [core/usr_avp.c:637]: destroy_avp_list(): destroying list (nil)
 3(10) DEBUG: <core> [core/usr_avp.c:637]: destroy_avp_list(): destroying list (nil)
 3(10) DEBUG: <core> [core/xavp.c:541]: xavp_destroy_list(): destroying xavp list (nil)
 3(10) DEBUG: <core> [core/xavp.c:541]: xavp_destroy_list(): destroying xavp list (nil)
 3(10) DEBUG: <core> [core/xavp.c:541]: xavp_destroy_list(): destroying xavp list (nil)
 3(10) DEBUG: <core> [core/receive.c:628]: receive_msg(): cleaning up
 2(9) DEBUG: <core> [core/udp_server.c:494]: udp_rcv_loop(): received on udp socket: (106/100/437) [[SIP/2.0 180 Ringing 0D  0A Via: SIP/2.0/UDP 10.100.0.10;branch=z9hG4bK7e3d.899082810d3a6f1a4acae7d0497bb92]]
 2(9) DEBUG: <core> [core/parser/parse_fline.c:249]: parse_first_line(): first line type 2 (reply(status)) flags 1
 2(9) DEBUG: <core> [core/parser/msg_parser.c:689]: parse_msg(): SIP Reply  (status):
 2(9) DEBUG: <core> [core/parser/msg_parser.c:690]: parse_msg():  version: <SIP/2.0>
 2(9) DEBUG: <core> [core/parser/msg_parser.c:692]: parse_msg():  status:  <180>
 2(9) DEBUG: <core> [core/parser/msg_parser.c:694]: parse_msg():  reason:  <Ringing>
 2(9) DEBUG: <core> [core/parser/parse_hname2.c:301]: parse_sip_header_name(): parsed header name [Via] type 1
 2(9) DEBUG: <core> [core/parser/parse_via.c:1300]: parse_via_param(): Found param type 232, <branch> = <z9hG4bK7e3d.899082810d3a6f1a4acae7d0497bb92c.0>; state=16
 2(9) DEBUG: <core> [core/parser/parse_via.c:2639]: parse_via(): end of header reached, state=5
 2(9) DEBUG: <core> [core/parser/msg_parser.c:555]: parse_headers(): Via found, flags=2
 2(9) DEBUG: <core> [core/parser/msg_parser.c:557]: parse_headers(): this is the first via
 2(9) DEBUG: <core> [core/parser/parse_hname2.c:301]: parse_sip_header_name(): parsed header name [Via] type 1
 2(9) DEBUG: <core> [core/parser/parse_via.c:1300]: parse_via_param(): Found param type 234, <received> = <10.100.0.2>; state=6
 2(9) DEBUG: <core> [core/parser/parse_via.c:1300]: parse_via_param(): Found param type 232, <branch> = <z9hG4bK.c65lsq4qe>; state=6
 2(9) DEBUG: <core> [core/parser/parse_via.c:1300]: parse_via_param(): Found param type 235, <rport> = <5080>; state=16
 2(9) DEBUG: <core> [core/parser/parse_via.c:2639]: parse_via(): end of header reached, state=5
 2(9) DEBUG: <core> [core/parser/msg_parser.c:555]: parse_headers(): Via found, flags=78
 2(9) DEBUG: <core> [core/parser/msg_parser.c:568]: parse_headers(): this is the second via
 2(9) DEBUG: <core> [core/parser/parse_hname2.c:301]: parse_sip_header_name(): parsed header name [From] type 4
 2(9) DEBUG: <core> [core/parser/parse_hname2.c:301]: parse_sip_header_name(): parsed header name [To] type 3
 2(9) DEBUG: <core> [core/parser/parse_addr_spec.c:185]: parse_to_param(): add param: tag=k33fg9E
 2(9) DEBUG: <core> [core/parser/parse_addr_spec.c:884]: parse_addr_spec(): end of header reached, state=29
 2(9) DEBUG: <core> [core/parser/msg_parser.c:172]: get_hdr_field(): <To> [35]; uri=[sip:ue1@10.100.0.10]
 2(9) DEBUG: <core> [core/parser/msg_parser.c:174]: get_hdr_field(): to body (21)[<sip:ue1@10.100.0.10>], to tag (7)[k33fg9E]
 2(9) DEBUG: <core> [core/parser/parse_hname2.c:301]: parse_sip_header_name(): parsed header name [Call-ID] type 6
 2(9) DEBUG: <core> [core/parser/parse_hname2.c:301]: parse_sip_header_name(): parsed header name [CSeq] type 5
 2(9) DEBUG: <core> [core/parser/msg_parser.c:152]: get_hdr_field(): cseq <CSeq>: <20> <INVITE>
 2(9) DEBUG: <core> [core/receive.c:389]: receive_msg(): --- received sip message - reply - call-id: [JNqMVM2aVT] - cseq: [20 INVITE]
 2(9) DEBUG: <core> [core/receive.c:261]: ksr_evrt_pre_routing(): event route core:pre-routing not defined
 2(9) DEBUG: <core> [core/parser/parse_hname2.c:301]: parse_sip_header_name(): parsed header name [User-Agent] type 28
 2(9) DEBUG: <core> [core/parser/parse_hname2.c:301]: parse_sip_header_name(): parsed header name [Supported] type 17
 2(9) DEBUG: <core> [core/parser/parse_hname2.c:301]: parse_sip_header_name(): parsed header name [Record-route] type 10
 2(9) DEBUG: <core> [core/parser/msg_parser.c:91]: get_hdr_field(): found end of header
 2(9) DEBUG: tm [t_lookup.c:1053]: t_check_msg(): msg (0x72459b2c10a0) id=2/9 global id=1/9 T start=(nil)
 2(9) DEBUG: tm [t_lookup.c:912]: t_reply_matching(): t_reply_matching: hash 54247 label 0 branch 0
 2(9) DEBUG: tm [t_lookup.c:986]: t_reply_matching(): reply (0x72459b2c10a0) matched an active transaction (T=0x724596f992f0)!
 2(9) DEBUG: tm [t_lookup.c:1122]: t_check_msg(): msg (0x72459b2c10a0) id=2/9 global id=2/9 T end=0x724596f992f0
 2(9) DEBUG: tm [t_reply.c:2363]: reply_received(): transaction found - T:0x724596f992f0 branch:0
 2(9) DEBUG: tm [t_reply.c:2376]: reply_received(): original status uas=100, uac[0]=100 local=0 is_invite=1)
 2(9) DEBUG: tm [t_reply.c:1363]: t_should_relay_response(): ->>>>>>>>> T_code=100, new_code=180
 2(9) DEBUG: tm [t_reply.c:1613]: t_should_relay_response(): rps provisional - uas status: 100
 2(9) DEBUG: tm [t_reply.c:1924]: relay_reply(): reply status=5 branch=0, save=0, relay=0 icode=0 msg status=180
 2(9) DEBUG: <core> [core/msg_translator.c:2340]: generate_res_buf_from_sip_res(): old size: 437, new size: 353
 2(9) DEBUG: <core> [core/msg_translator.c:2357]: generate_res_buf_from_sip_res(): copied size: orig:105, new: 21, rest: 332 msg=
SIP/2.0 180 Ringing
Via: SIP/2.0/UDP 10.45.0.2:5080;received=10.100.0.2;branch=z9hG4bK.c65lsq4qe;rport=5080
From: <sip:ue2@10.100.0.10>;tag=B2~6TLN5w
To: <sip:ue1@10.100.0.10>;tag=k33fg9E
Call-ID: JNqMVM2aVT
CSeq: 20 INVITE
User-Agent: Linphonec/4.4.21
Supported: replaces, outbound, gruu
Record-route: <sip:10.100.0.10;lr=on;ftag=B2~6TLN5w>


 2(9) DEBUG: tm [t_reply.c:2126]: relay_reply(): reply buffer sent out
 2(9) DEBUG: <core> [core/receive.c:617]: receive_msg(): reply-route executed in: 957 usec
 2(9) DEBUG: <core> [core/usr_avp.c:637]: destroy_avp_list(): destroying list (nil)
 2(9) DEBUG: <core> [core/usr_avp.c:637]: destroy_avp_list(): destroying list (nil)
 2(9) DEBUG: <core> [core/usr_avp.c:637]: destroy_avp_list(): destroying list (nil)
 2(9) DEBUG: <core> [core/usr_avp.c:637]: destroy_avp_list(): destroying list (nil)
 2(9) DEBUG: <core> [core/usr_avp.c:637]: destroy_avp_list(): destroying list (nil)
 2(9) DEBUG: <core> [core/usr_avp.c:637]: destroy_avp_list(): destroying list (nil)
 2(9) DEBUG: <core> [core/xavp.c:541]: xavp_destroy_list(): destroying xavp list (nil)
 2(9) DEBUG: <core> [core/xavp.c:541]: xavp_destroy_list(): destroying xavp list (nil)
 2(9) DEBUG: <core> [core/xavp.c:541]: xavp_destroy_list(): destroying xavp list (nil)
 2(9) DEBUG: <core> [core/receive.c:628]: receive_msg(): cleaning up
 4(11) DEBUG: <core> [core/udp_server.c:494]: udp_rcv_loop(): received on udp socket: (112/100/1224) [[SIP/2.0 200 Ok 0D  0A Via: SIP/2.0/UDP 10.100.0.10;branch=z9hG4bK7e3d.899082810d3a6f1a4acae7d0497bb92c.0 0D  0A ]]
 4(11) DEBUG: <core> [core/parser/parse_fline.c:249]: parse_first_line(): first line type 2 (reply(status)) flags 1
 4(11) DEBUG: <core> [core/parser/msg_parser.c:689]: parse_msg(): SIP Reply  (status):
 4(11) DEBUG: <core> [core/parser/msg_parser.c:690]: parse_msg():  version: <SIP/2.0>
 4(11) DEBUG: <core> [core/parser/msg_parser.c:692]: parse_msg():  status:  <200>
 4(11) DEBUG: <core> [core/parser/msg_parser.c:694]: parse_msg():  reason:  <Ok>
 4(11) DEBUG: <core> [core/parser/parse_hname2.c:301]: parse_sip_header_name(): parsed header name [Via] type 1
 4(11) DEBUG: <core> [core/parser/parse_via.c:1300]: parse_via_param(): Found param type 232, <branch> = <z9hG4bK7e3d.899082810d3a6f1a4acae7d0497bb92c.0>; state=16
 4(11) DEBUG: <core> [core/parser/parse_via.c:2639]: parse_via(): end of header reached, state=5
 4(11) DEBUG: <core> [core/parser/msg_parser.c:555]: parse_headers(): Via found, flags=2
 4(11) DEBUG: <core> [core/parser/msg_parser.c:557]: parse_headers(): this is the first via
 4(11) DEBUG: <core> [core/parser/parse_hname2.c:301]: parse_sip_header_name(): parsed header name [Via] type 1
 4(11) DEBUG: <core> [core/parser/parse_via.c:1300]: parse_via_param(): Found param type 234, <received> = <10.100.0.2>; state=6
 4(11) DEBUG: <core> [core/parser/parse_via.c:1300]: parse_via_param(): Found param type 232, <branch> = <z9hG4bK.c65lsq4qe>; state=6
 4(11) DEBUG: <core> [core/parser/parse_via.c:1300]: parse_via_param(): Found param type 235, <rport> = <5080>; state=16
 4(11) DEBUG: <core> [core/parser/parse_via.c:2639]: parse_via(): end of header reached, state=5
 4(11) DEBUG: <core> [core/parser/msg_parser.c:555]: parse_headers(): Via found, flags=78
 4(11) DEBUG: <core> [core/parser/msg_parser.c:568]: parse_headers(): this is the second via
 4(11) DEBUG: <core> [core/parser/parse_hname2.c:301]: parse_sip_header_name(): parsed header name [From] type 4
 4(11) DEBUG: <core> [core/parser/parse_hname2.c:301]: parse_sip_header_name(): parsed header name [To] type 3
 4(11) DEBUG: <core> [core/parser/parse_addr_spec.c:185]: parse_to_param(): add param: tag=k33fg9E
 4(11) DEBUG: <core> [core/parser/parse_addr_spec.c:884]: parse_addr_spec(): end of header reached, state=29
 4(11) DEBUG: <core> [core/parser/msg_parser.c:172]: get_hdr_field(): <To> [35]; uri=[sip:ue1@10.100.0.10]
 4(11) DEBUG: <core> [core/parser/msg_parser.c:174]: get_hdr_field(): to body (21)[<sip:ue1@10.100.0.10>], to tag (7)[k33fg9E]
 4(11) DEBUG: <core> [core/parser/parse_hname2.c:301]: parse_sip_header_name(): parsed header name [Call-ID] type 6
 4(11) DEBUG: <core> [core/parser/parse_hname2.c:301]: parse_sip_header_name(): parsed header name [CSeq] type 5
 4(11) DEBUG: <core> [core/parser/msg_parser.c:152]: get_hdr_field(): cseq <CSeq>: <20> <INVITE>
 4(11) DEBUG: <core> [core/receive.c:389]: receive_msg(): --- received sip message - reply - call-id: [JNqMVM2aVT] - cseq: [20 INVITE]
 4(11) DEBUG: <core> [core/receive.c:261]: ksr_evrt_pre_routing(): event route core:pre-routing not defined
 4(11) DEBUG: <core> [core/parser/parse_hname2.c:301]: parse_sip_header_name(): parsed header name [User-Agent] type 28
 4(11) DEBUG: <core> [core/parser/parse_hname2.c:301]: parse_sip_header_name(): parsed header name [Supported] type 17
 4(11) DEBUG: <core> [core/parser/parse_hname2.c:301]: parse_sip_header_name(): parsed header name [Allow] type 21
 4(11) DEBUG: <core> [core/parser/parse_hname2.c:301]: parse_sip_header_name(): parsed header name [Contact] type 7
 4(11) DEBUG: <core> [core/parser/parse_hname2.c:301]: parse_sip_header_name(): parsed header name [Content-Type] type 11
 4(11) DEBUG: <core> [core/parser/parse_hname2.c:301]: parse_sip_header_name(): parsed header name [Content-Length] type 12
 4(11) DEBUG: <core> [core/parser/msg_parser.c:187]: get_hdr_field(): content_length=484
 4(11) DEBUG: textops [textops.c:4144]: has_body_helper(): content type is 196611
 4(11) DEBUG: <core> [core/parser/parse_hname2.c:301]: parse_sip_header_name(): parsed header name [Record-route] type 10
 4(11) DEBUG: <core> [core/parser/msg_parser.c:91]: get_hdr_field(): found end of header
 4(11) DEBUG: <core> [core/parser/sdp/sdp_helpr_funcs.c:682]: extract_sess_version(): oline(32): >o=ue1 1732 63 IN IP4 10.45.0.3
<
 4(11) DEBUG: <core> [core/parser/sdp/sdp_helpr_funcs.c:711]: extract_sess_version(): end 2: >63<
 4(11) DEBUG: <core> [core/parser/sdp/sdp_helpr_funcs.c:566]: extract_mediaip(): located IP address [10.45.0.3] in `o=' field
 4(11) DEBUG: <core> [core/parser/sdp/sdp_helpr_funcs.c:566]: extract_mediaip(): located IP address [10.45.0.3] in `c=' field
 4(11) DEBUG: <core> [core/parser/sdp/sdp.c:599]: parse_sdp_session(): ignoring unknown type in a= line: `a=rtcp-fb:* trr-int ...'
 4(11) DEBUG: <core> [core/parser/sdp/sdp.c:599]: parse_sdp_session(): ignoring unknown type in a= line: `a=rtcp-fb:* ccm tmmb...'
 4(11) DEBUG: <core> [core/parser/parse_addr_spec.c:185]: parse_to_param(): add param: tag=B2~6TLN5w
 4(11) DEBUG: <core> [core/parser/parse_addr_spec.c:884]: parse_addr_spec(): end of header reached, state=29
 4(11) DEBUG: rtpengine [rtpengine_funcs.c:144]: check_content_type(): type <application/sdp> found valid
 4(11) DEBUG: rtpengine [rtpengine.c:1861]: build_rtpp_socks(): same rtpengines list version: 1 (1785163611)
 4(11) DEBUG: rtpengine [rtpengine.c:3309]: select_rtpp_node_old(): rtpengine hash table lookup find node=udp:10.100.0.11:22222 for calllen=10 callid=JNqMVM2aVT viabranch=
 4(11) DEBUG: rtpengine [rtpengine.c:2720]: rtpp_function_call(): proxy reply: d3:sdp559:v=0
o=ue1 1732 63 IN IP4 10.100.0.11
s=Talk
c=IN IP4 10.100.0.11
t=0 0
a=rtcp-xr:rcvr-rtt=all:10000 stat-summary=loss,dup,jitt,TTL voip-metrics
m=audio 30010 RTP/AVP 96 97 98 0 8 101 99 100
a=rtcp-fb:* trr-int 1000
a=rtcp-fb:* ccm tmmbr
a=rtpmap:96 opus/48000/2
a=fmtp:96 useinbandfec=1
a=rtpmap:97 speex/16000
a=fmtp:97 vbr=on
a=rtpmap:98 speex/8000
a=fmtp:98 vbr=on
a=rtpmap:0 PCMU/8000
a=rtpmap:8 PCMA/8000
a=rtpmap:101 telephone-event/48000
a=rtpmap:99 telephone-event/16000
a=rtpmap:100 telephone-event/8000
a=sendrecv
a=rtcp:30011
6:result2:oke
 4(11) DEBUG: tm [t_lookup.c:1053]: t_check_msg(): msg (0x72459b2c10a0) id=2/11 global id=1/11 T start=(nil)
 4(11) DEBUG: tm [t_lookup.c:912]: t_reply_matching(): t_reply_matching: hash 54247 label 0 branch 0
 4(11) DEBUG: tm [t_lookup.c:986]: t_reply_matching(): reply (0x72459b2c10a0) matched an active transaction (T=0x724596f992f0)!
 4(11) DEBUG: tm [t_lookup.c:1122]: t_check_msg(): msg (0x72459b2c10a0) id=2/11 global id=2/11 T end=0x724596f992f0
 4(11) DEBUG: tm [t_reply.c:2363]: reply_received(): transaction found - T:0x724596f992f0 branch:0
 4(11) DEBUG: tm [t_reply.c:2376]: reply_received(): original status uas=180, uac[0]=180 local=0 is_invite=1)
 4(11) DEBUG: tm [t_reply.c:1363]: t_should_relay_response(): ->>>>>>>>> T_code=180, new_code=200
 4(11) DEBUG: tm [t_reply.c:1610]: t_should_relay_response(): rps completed - uas status: 180
 4(11) DEBUG: tm [t_reply.c:1924]: relay_reply(): reply status=4 branch=0, save=0, relay=0 icode=0 msg status=200
 4(11) DEBUG: <core> [core/msg_translator.c:432]: clen_builder(): content-length: 559 (559)
 4(11) DEBUG: <core> [core/msg_translator.c:2340]: generate_res_buf_from_sip_res(): old size: 1224, new size: 1215
 4(11) DEBUG: <core> [core/msg_translator.c:2357]: generate_res_buf_from_sip_res(): copied size: orig:1224, new: 1215, rest: 0 msg=
SIP/2.0 200 Ok
Via: SIP/2.0/UDP 10.45.0.2:5080;received=10.100.0.2;branch=z9hG4bK.c65lsq4qe;rport=5080
From: <sip:ue2@10.100.0.10>;tag=B2~6TLN5w
To: <sip:ue1@10.100.0.10>;tag=k33fg9E
Call-ID: JNqMVM2aVT
CSeq: 20 INVITE
User-Agent: Linphonec/4.4.21
Supported: replaces, outbound, gruu
Allow: INVITE, ACK, CANCEL, OPTIONS, BYE, REFER, NOTIFY, MESSAGE, SUBSCRIBE, INFO, PRACK, UPDATE
Contact: <sip:ue1@10.100.0.2:19401;transport=udp>;expires=60;received="sip:10.100.0.2:19401";+sip.instance="<urn:uuid:4e176e05-7087-00d3-b0dc-bc6cbae559cb>"
Content-Type: application/sdp
Content-Length: 559
Record-route: <sip:10.100.0.10;lr=on;ftag=B2~6TLN5w>

v=0
o=ue1 1732 63 IN IP4 10.100.0.11
s=Talk
c=IN IP4 10.100.0.11
t=0 0
a=rtcp-xr:rcvr-rtt=all:10000 stat-summary=loss,dup,jitt,TTL voip-metrics
m=audio 30010 RTP/AVP 96 97 98 0 8 101 99 100
a=rtcp-fb:* trr-int 1000
a=rtcp-fb:* ccm tmmbr
a=rtpmap:96 opus/48000/2
a=fmtp:96 useinbandfec=1
a=rtpmap:97 speex/16000
a=fmtp:97 vbr=on
a=rtpmap:98 speex/8000
a=fmtp:98 vbr=on
a=rtpmap:0 PCMU/8000
a=rtpmap:8 PCMA/8000
a=rtpmap:101 telephone-event/48000
a=rtpmap:99 telephone-event/16000
a=rtpmap:100 telephone-event/8000
a=sendrecv
a=rtcp:30011

 4(11) DEBUG: tm [t_reply.c:2126]: relay_reply(): reply buffer sent out
 4(11) DEBUG: tm [t_funcs.c:120]: put_on_wait(): put T [0x724596f992f0] on wait
 4(11) DEBUG: tm [t_reply.c:1763]: cleanup_uac_timers(): RETR/FR timers reset
 4(11) DEBUG: <core> [core/receive.c:617]: receive_msg(): reply-route executed in: 7330 usec
 4(11) DEBUG: <core> [core/usr_avp.c:637]: destroy_avp_list(): destroying list (nil)
 4(11) DEBUG: <core> [core/usr_avp.c:637]: destroy_avp_list(): destroying list (nil)
 4(11) DEBUG: <core> [core/usr_avp.c:637]: destroy_avp_list(): destroying list (nil)
 4(11) DEBUG: <core> [core/usr_avp.c:637]: destroy_avp_list(): destroying list (nil)
 4(11) DEBUG: <core> [core/usr_avp.c:637]: destroy_avp_list(): destroying list (nil)
 4(11) DEBUG: <core> [core/usr_avp.c:637]: destroy_avp_list(): destroying list (nil)
 4(11) DEBUG: <core> [core/xavp.c:541]: xavp_destroy_list(): destroying xavp list (nil)
 4(11) DEBUG: <core> [core/xavp.c:541]: xavp_destroy_list(): destroying xavp list (nil)
 4(11) DEBUG: <core> [core/xavp.c:541]: xavp_destroy_list(): destroying xavp list (nil)
 4(11) DEBUG: <core> [core/receive.c:628]: receive_msg(): cleaning up
 4(11) DEBUG: <core> [core/parser/sdp/sdp.c:863]: free_sdp(): _sdp = 0x72459b2c1288
 4(11) DEBUG: <core> [core/parser/sdp/sdp.c:865]: free_sdp(): sdp = 0x72459b2aea88
 4(11) DEBUG: <core> [core/parser/sdp/sdp.c:867]: free_sdp(): session = 0x72459b2aeb30
 1(8) DEBUG: <core> [core/udp_server.c:494]: udp_rcv_loop(): received on udp socket: (106/100/330) [[ACK sip:ue1@10.100.0.2:19401;transport=udp SIP/2.0 0D  0A Via: SIP/2.0/UDP 10.45.0.2:5080;rport;branch=z9h]]
 1(8) DEBUG: <core> [core/parser/parse_fline.c:249]: parse_first_line(): first line type 1 (request) flags 1
 1(8) DEBUG: <core> [core/parser/msg_parser.c:679]: parse_msg(): SIP Request:
 1(8) DEBUG: <core> [core/parser/msg_parser.c:680]: parse_msg():  method:  <ACK>
 1(8) DEBUG: <core> [core/parser/msg_parser.c:682]: parse_msg():  uri:     <sip:ue1@10.100.0.2:19401;transport=udp>
 1(8) DEBUG: <core> [core/parser/msg_parser.c:684]: parse_msg():  version: <SIP/2.0>
 1(8) DEBUG: <core> [core/parser/parse_hname2.c:301]: parse_sip_header_name(): parsed header name [Via] type 1
 1(8) DEBUG: <core> [core/parser/parse_via.c:1300]: parse_via_param(): Found param type 235, <rport> = <n/a>; state=6
 1(8) DEBUG: <core> [core/parser/parse_via.c:1300]: parse_via_param(): Found param type 232, <branch> = <z9hG4bK.gZcjT7EOL>; state=16
 1(8) DEBUG: <core> [core/parser/parse_via.c:2639]: parse_via(): end of header reached, state=5
 1(8) DEBUG: <core> [core/parser/msg_parser.c:555]: parse_headers(): Via found, flags=2
 1(8) DEBUG: <core> [core/parser/msg_parser.c:557]: parse_headers(): this is the first via
 1(8) DEBUG: <core> [core/parser/parse_hname2.c:301]: parse_sip_header_name(): parsed header name [From] type 4
 1(8) DEBUG: <core> [core/parser/parse_hname2.c:301]: parse_sip_header_name(): parsed header name [To] type 3
 1(8) DEBUG: <core> [core/parser/parse_addr_spec.c:185]: parse_to_param(): add param: tag=k33fg9E
 1(8) DEBUG: <core> [core/parser/parse_addr_spec.c:884]: parse_addr_spec(): end of header reached, state=29
 1(8) DEBUG: <core> [core/parser/msg_parser.c:172]: get_hdr_field(): <To> [35]; uri=[sip:ue1@10.100.0.10]
 1(8) DEBUG: <core> [core/parser/msg_parser.c:174]: get_hdr_field(): to body (21)[<sip:ue1@10.100.0.10>], to tag (7)[k33fg9E]
 1(8) DEBUG: <core> [core/parser/parse_hname2.c:301]: parse_sip_header_name(): parsed header name [CSeq] type 5
 1(8) DEBUG: <core> [core/parser/msg_parser.c:152]: get_hdr_field(): cseq <CSeq>: <20> <ACK>
 1(8) DEBUG: <core> [core/parser/parse_hname2.c:301]: parse_sip_header_name(): parsed header name [Call-ID] type 6
 1(8) DEBUG: <core> [core/receive.c:389]: receive_msg(): --- received sip message - request - call-id: [JNqMVM2aVT] - cseq: [20 ACK]
 1(8) DEBUG: <core> [core/receive.c:261]: ksr_evrt_pre_routing(): event route core:pre-routing not defined
 1(8) DEBUG: <core> [core/receive.c:471]: receive_msg(): preparing to run routing scripts...
 1(8) DEBUG: sl [sl_funcs.c:447]: sl_filter_ACK(): too late to be a local ACK!
 1(8) DEBUG: sanity [sanity.c:247]: check_ruri_sip_version(): check_ruri_sip_version entered
 1(8) DEBUG: sanity [sanity.c:270]: check_ruri_sip_version(): check_ruri_sip_version passed
 1(8) DEBUG: sanity [sanity.c:277]: check_ruri_scheme(): check_ruri_scheme entered
 1(8) DEBUG: sanity [sanity.c:297]: check_ruri_scheme(): check_ruri_scheme passed
 1(8) DEBUG: sanity [sanity.c:318]: check_required_headers(): check_required_headers entered
 1(8) DEBUG: <core> [core/parser/parse_hname2.c:301]: parse_sip_header_name(): parsed header name [Max-Forwards] type 8
 1(8) DEBUG: <core> [core/parser/parse_hname2.c:301]: parse_sip_header_name(): parsed header name [Route] type 9
 1(8) DEBUG: <core> [core/parser/parse_hname2.c:301]: parse_sip_header_name(): parsed header name [User-Agent] type 28
 1(8) DEBUG: <core> [core/parser/msg_parser.c:91]: get_hdr_field(): found end of header
 1(8) DEBUG: sanity [sanity.c:340]: check_required_headers(): check_required_headers passed
 1(8) DEBUG: sanity [sanity.c:506]: check_cseq_method(): check_cseq_method entered
 1(8) DEBUG: sanity [sanity.c:539]: check_cseq_method(): check_cseq_method passed
 1(8) DEBUG: sanity [sanity.c:548]: check_cseq_value(): check_cseq_value entered
 1(8) DEBUG: sanity [sanity.c:576]: check_cseq_value(): check_cseq_value passed
 1(8) DEBUG: sanity [sanity.c:585]: check_cl(): check_cl entered
 1(8) WARNING: sanity [sanity.c:612]: check_cl(): content length header missing in request
 1(8) DEBUG: sanity [sanity.c:622]: check_expires_value(): check_expires_value entered
 1(8) DEBUG: sanity [sanity.c:659]: check_expires_value(): no expires header found
 1(8) DEBUG: sanity [sanity.c:758]: check_parse_uris(): check_parse_uris entered
 1(8) DEBUG: sanity [sanity.c:762]: check_parse_uris(): parsing ruri
 1(8) DEBUG: sanity [sanity.c:776]: check_parse_uris(): looking up From header
 1(8) DEBUG: <core> [core/parser/parse_addr_spec.c:185]: parse_to_param(): add param: tag=B2~6TLN5w
 1(8) DEBUG: <core> [core/parser/parse_addr_spec.c:884]: parse_addr_spec(): end of header reached, state=29
 1(8) DEBUG: sanity [sanity.c:791]: check_parse_uris(): looking up To header
 1(8) DEBUG: sanity [sanity.c:838]: check_parse_uris(): check_parse_uris passed
 1(8) DEBUG: sanity [sanity_mod.c:254]: w_sanity_check(): sanity checks result: 1
 1(8) DEBUG: maxfwd [mf_funcs.c:74]: is_maxfwd_present(): value = 70 
 1(8) DEBUG: <core> [core/socket_info.c:702]: grep_sock_info(): checking if host==us: 11==11 && [10.100.0.10] == [10.100.0.10]
 1(8) DEBUG: <core> [core/socket_info.c:709]: grep_sock_info(): checking if port 5060 (advertise 0) matches port 5060
 1(8) DEBUG: <core> [core/forward.c:429]: check_self(): host (0:10.100.0.10:5060) == me
 1(8) DEBUG: rr [loose.c:1102]: redo_route_params(): Topmost route URI: 'sip:10.100.0.10;lr=on;ftag=B2~6TLN5w' is me
 1(8) DEBUG: rr [record.c:479]: record_route(): inserted record route (r2: 1 - plen: 0)
 1(8) DEBUG: siputils [checks.c:123]: has_totag(): totag found
 1(8) DEBUG: rr [loose.c:85]: is_preloaded(): is_preloaded: No
 1(8) DEBUG: <core> [core/socket_info.c:702]: grep_sock_info(): checking if host==us: 10==11 && [10.100.0.2] == [10.100.0.10]
 1(8) DEBUG: <core> [core/socket_info.c:709]: grep_sock_info(): checking if port 5060 (advertise 0) matches port 19401
 1(8) DEBUG: <core> [core/socket_info.c:702]: grep_sock_info(): checking if host==us: 10==7 && [10.100.0.2] == [0.0.0.0]
 1(8) DEBUG: <core> [core/socket_info.c:709]: grep_sock_info(): checking if port 5060 (advertise 0) matches port 19401
 1(8) DEBUG: <core> [core/name_alias.h:62]: grep_aliases(): matching (0:10.100.0.2:19401) vs. (1:614bd75d2f47:5060)
 1(8) DEBUG: <core> [core/name_alias.h:62]: grep_aliases(): matching (0:10.100.0.2:19401) vs. (0:kamailio:0)
 1(8) DEBUG: <core> [core/forward.c:431]: check_self(): host (0:10.100.0.2:19401) != me
 1(8) DEBUG: <core> [core/socket_info.c:702]: grep_sock_info(): checking if host==us: 11==11 && [10.100.0.10] == [10.100.0.10]
 1(8) DEBUG: <core> [core/socket_info.c:709]: grep_sock_info(): checking if port 5060 (advertise 0) matches port 5060
 1(8) DEBUG: <core> [core/forward.c:429]: check_self(): host (0:10.100.0.10:5060) == me
 1(8) DEBUG: rr [loose.c:855]: after_loose(): Topmost route URI: 'sip:10.100.0.10;lr=on;ftag=B2~6TLN5w' is me
 1(8) DEBUG: <core> [core/parser/msg_parser.c:91]: get_hdr_field(): found end of header
 1(8) DEBUG: rr [loose.c:181]: find_next_route(): No next Route HF found
 1(8) DEBUG: rr [loose.c:886]: after_loose(): No next URI found
 1(8) DEBUG: tm [t_lookup.c:1346]: t_newtran(): msg (0x72459b2c10a0) id=4/8 global id=3/8 T start=0xffffffffffffffff
 1(8) DEBUG: tm [t_lookup.c:497]: t_lookup_request(): start searching: hash=54247, isACK=1
 1(8) DEBUG: tm [t_lookup.c:455]: matching_3261(): RFC3261 transaction matching failed - via branch [z9hG4bK.gZcjT7EOL]
 1(8) DEBUG: tm [t_lookup.c:675]: t_lookup_request(): no transaction found
 1(8) DEBUG: tm [t_funcs.c:283]: t_relay_to(): forwarding ACK statelessly
 1(8) DEBUG: <core> [core/crypto/md5utils.c:67]: MD5StringArray(): MD5 calculated: c33f3de2cdf52dbd0a20a5770f785f20
 1(8) DEBUG: <core> [core/forward.c:175]: get_out_socket(): socket determined: 0x72459b276078
 1(8) DEBUG: <core> [core/msg_translator.c:1799]: check_boundaries(): no multi-part body
 1(8) DEBUG: <core> [core/forward.c:577]: forward_request(): Sending:
ACK sip:ue1@10.100.0.2:19401;transport=udp SIP/2.0
Record-Route: <sip:10.100.0.10;lr=on;ftag=B2~6TLN5w>
Via: SIP/2.0/UDP 10.100.0.10;branch=z9hG4bK7e3d.c33f3de2cdf52dbd0a20a5770f785f20.0
Via: SIP/2.0/UDP 10.45.0.2:5080;received=10.100.0.2;rport=5080;branch=z9hG4bK.gZcjT7EOL
From: <sip:ue2@10.100.0.10>;tag=B2~6TLN5w
To: <sip:ue1@10.100.0.10>;tag=k33fg9E
CSeq: 20 ACK
Call-ID: JNqMVM2aVT
Max-Forwards: 69
User-Agent: Linphonec/4.4.21

.
 1(8) DEBUG: <core> [core/forward.c:578]: forward_request(): orig. len=330, new_len=446, proto=1
 1(8) DEBUG: <core> [core/receive.c:528]: receive_msg(): request-route executed in: 2894 usec
 1(8) DEBUG: <core> [core/usr_avp.c:637]: destroy_avp_list(): destroying list (nil)
 1(8) DEBUG: <core> [core/usr_avp.c:637]: destroy_avp_list(): destroying list (nil)
 1(8) DEBUG: <core> [core/usr_avp.c:637]: destroy_avp_list(): destroying list (nil)
 1(8) DEBUG: <core> [core/usr_avp.c:637]: destroy_avp_list(): destroying list (nil)
 1(8) DEBUG: <core> [core/usr_avp.c:637]: destroy_avp_list(): destroying list (nil)
 1(8) DEBUG: <core> [core/usr_avp.c:637]: destroy_avp_list(): destroying list (nil)
 1(8) DEBUG: <core> [core/xavp.c:541]: xavp_destroy_list(): destroying xavp list (nil)
 1(8) DEBUG: <core> [core/xavp.c:541]: xavp_destroy_list(): destroying xavp list (nil)
 1(8) DEBUG: <core> [core/xavp.c:541]: xavp_destroy_list(): destroying xavp list (nil)
 1(8) DEBUG: <core> [core/receive.c:628]: receive_msg(): cleaning up
10(17) DEBUG: tm [timer.c:646]: wait_handler(): finished transaction: 0x724596f992f0 (p:0x724596f1c370/n:0x724596f1c370)
10(17) DEBUG: tm [h_table.c:132]: free_cell_helper(): freeing transaction 0x724596f992f0 from timer.c:655
 3(10) DEBUG: <core> [core/udp_server.c:517]: udp_rcv_loop(): probing packet received from 10.100.0.2 55315
 2(9) DEBUG: <core> [core/udp_server.c:517]: udp_rcv_loop(): probing packet received from 10.100.0.2 51531
 4(11) DEBUG: <core> [core/udp_server.c:517]: udp_rcv_loop(): probing packet received from 10.100.0.2 51531
 1(8) DEBUG: <core> [core/udp_server.c:517]: udp_rcv_loop(): probing packet received from 10.100.0.2 55315
 3(10) DEBUG: <core> [core/udp_server.c:494]: udp_rcv_loop(): received on udp socket: (106/100/330) [[BYE sip:ue1@10.100.0.2:19401;transport=udp SIP/2.0 0D  0A Via: SIP/2.0/UDP 10.45.0.2:5080;branch=z9hG4bK.V]]
 3(10) DEBUG: <core> [core/parser/parse_fline.c:249]: parse_first_line(): first line type 1 (request) flags 1
 3(10) DEBUG: <core> [core/parser/msg_parser.c:679]: parse_msg(): SIP Request:
 3(10) DEBUG: <core> [core/parser/msg_parser.c:680]: parse_msg():  method:  <BYE>
 3(10) DEBUG: <core> [core/parser/msg_parser.c:682]: parse_msg():  uri:     <sip:ue1@10.100.0.2:19401;transport=udp>
 3(10) DEBUG: <core> [core/parser/msg_parser.c:684]: parse_msg():  version: <SIP/2.0>
 3(10) DEBUG: <core> [core/parser/parse_hname2.c:301]: parse_sip_header_name(): parsed header name [Via] type 1
 3(10) DEBUG: <core> [core/parser/parse_via.c:1300]: parse_via_param(): Found param type 232, <branch> = <z9hG4bK.VkVYfuyAC>; state=6
 3(10) DEBUG: <core> [core/parser/parse_via.c:1300]: parse_via_param(): Found param type 235, <rport> = <n/a>; state=17
 3(10) DEBUG: <core> [core/parser/parse_via.c:2639]: parse_via(): end of header reached, state=5
 3(10) DEBUG: <core> [core/parser/msg_parser.c:555]: parse_headers(): Via found, flags=2
 3(10) DEBUG: <core> [core/parser/msg_parser.c:557]: parse_headers(): this is the first via
 3(10) DEBUG: <core> [core/parser/parse_hname2.c:301]: parse_sip_header_name(): parsed header name [From] type 4
 3(10) DEBUG: <core> [core/parser/parse_hname2.c:301]: parse_sip_header_name(): parsed header name [To] type 3
 3(10) DEBUG: <core> [core/parser/parse_addr_spec.c:185]: parse_to_param(): add param: tag=k33fg9E
 3(10) DEBUG: <core> [core/parser/parse_addr_spec.c:884]: parse_addr_spec(): end of header reached, state=29
 3(10) DEBUG: <core> [core/parser/msg_parser.c:172]: get_hdr_field(): <To> [35]; uri=[sip:ue1@10.100.0.10]
 3(10) DEBUG: <core> [core/parser/msg_parser.c:174]: get_hdr_field(): to body (21)[<sip:ue1@10.100.0.10>], to tag (7)[k33fg9E]
 3(10) DEBUG: <core> [core/parser/parse_hname2.c:301]: parse_sip_header_name(): parsed header name [CSeq] type 5
 3(10) DEBUG: <core> [core/parser/msg_parser.c:152]: get_hdr_field(): cseq <CSeq>: <21> <BYE>
 3(10) DEBUG: <core> [core/parser/parse_hname2.c:301]: parse_sip_header_name(): parsed header name [Call-ID] type 6
 3(10) DEBUG: <core> [core/receive.c:389]: receive_msg(): --- received sip message - request - call-id: [JNqMVM2aVT] - cseq: [21 BYE]
 3(10) DEBUG: <core> [core/receive.c:261]: ksr_evrt_pre_routing(): event route core:pre-routing not defined
 3(10) DEBUG: <core> [core/receive.c:471]: receive_msg(): preparing to run routing scripts...
 3(10) DEBUG: sanity [sanity.c:247]: check_ruri_sip_version(): check_ruri_sip_version entered
 3(10) DEBUG: sanity [sanity.c:270]: check_ruri_sip_version(): check_ruri_sip_version passed
 3(10) DEBUG: sanity [sanity.c:277]: check_ruri_scheme(): check_ruri_scheme entered
 3(10) DEBUG: sanity [sanity.c:297]: check_ruri_scheme(): check_ruri_scheme passed
 3(10) DEBUG: sanity [sanity.c:318]: check_required_headers(): check_required_headers entered
 3(10) DEBUG: <core> [core/parser/parse_hname2.c:301]: parse_sip_header_name(): parsed header name [Max-Forwards] type 8
 3(10) DEBUG: <core> [core/parser/parse_hname2.c:301]: parse_sip_header_name(): parsed header name [Route] type 9
 3(10) DEBUG: <core> [core/parser/parse_hname2.c:301]: parse_sip_header_name(): parsed header name [User-Agent] type 28
 3(10) DEBUG: <core> [core/parser/msg_parser.c:91]: get_hdr_field(): found end of header
 3(10) DEBUG: sanity [sanity.c:340]: check_required_headers(): check_required_headers passed
 3(10) DEBUG: sanity [sanity.c:506]: check_cseq_method(): check_cseq_method entered
 3(10) DEBUG: sanity [sanity.c:539]: check_cseq_method(): check_cseq_method passed
 3(10) DEBUG: sanity [sanity.c:548]: check_cseq_value(): check_cseq_value entered
 3(10) DEBUG: sanity [sanity.c:576]: check_cseq_value(): check_cseq_value passed
 3(10) DEBUG: sanity [sanity.c:585]: check_cl(): check_cl entered
 3(10) WARNING: sanity [sanity.c:612]: check_cl(): content length header missing in request
 3(10) DEBUG: sanity [sanity.c:622]: check_expires_value(): check_expires_value entered
 3(10) DEBUG: sanity [sanity.c:659]: check_expires_value(): no expires header found
 3(10) DEBUG: sanity [sanity.c:758]: check_parse_uris(): check_parse_uris entered
 3(10) DEBUG: sanity [sanity.c:762]: check_parse_uris(): parsing ruri
 3(10) DEBUG: sanity [sanity.c:776]: check_parse_uris(): looking up From header
 3(10) DEBUG: <core> [core/parser/parse_addr_spec.c:185]: parse_to_param(): add param: tag=B2~6TLN5w
 3(10) DEBUG: <core> [core/parser/parse_addr_spec.c:884]: parse_addr_spec(): end of header reached, state=29
 3(10) DEBUG: sanity [sanity.c:791]: check_parse_uris(): looking up To header
 3(10) DEBUG: sanity [sanity.c:838]: check_parse_uris(): check_parse_uris passed
 3(10) DEBUG: sanity [sanity_mod.c:254]: w_sanity_check(): sanity checks result: 1
 3(10) DEBUG: maxfwd [mf_funcs.c:74]: is_maxfwd_present(): value = 70 
 3(10) DEBUG: tm [t_lookup.c:1053]: t_check_msg(): msg (0x72459b2c10a0) id=6/10 global id=5/10 T start=0xffffffffffffffff
 3(10) DEBUG: tm [t_lookup.c:497]: t_lookup_request(): start searching: hash=54248, isACK=0
 3(10) DEBUG: tm [t_lookup.c:455]: matching_3261(): RFC3261 transaction matching failed - via branch [z9hG4bK.VkVYfuyAC]
 3(10) DEBUG: tm [t_lookup.c:675]: t_lookup_request(): no transaction found
 3(10) DEBUG: tm [t_lookup.c:1122]: t_check_msg(): msg (0x72459b2c10a0) id=6/10 global id=6/10 T end=(nil)
 3(10) DEBUG: <core> [core/socket_info.c:702]: grep_sock_info(): checking if host==us: 11==11 && [10.100.0.10] == [10.100.0.10]
 3(10) DEBUG: <core> [core/socket_info.c:709]: grep_sock_info(): checking if port 5060 (advertise 0) matches port 5060
 3(10) DEBUG: <core> [core/forward.c:429]: check_self(): host (0:10.100.0.10:5060) == me
 3(10) DEBUG: rr [loose.c:1102]: redo_route_params(): Topmost route URI: 'sip:10.100.0.10;lr=on;ftag=B2~6TLN5w' is me
 3(10) DEBUG: rr [record.c:479]: record_route(): inserted record route (r2: 1 - plen: 0)
 3(10) DEBUG: siputils [checks.c:123]: has_totag(): totag found
 3(10) DEBUG: rr [loose.c:85]: is_preloaded(): is_preloaded: No
 3(10) DEBUG: <core> [core/socket_info.c:702]: grep_sock_info(): checking if host==us: 10==11 && [10.100.0.2] == [10.100.0.10]
 3(10) DEBUG: <core> [core/socket_info.c:709]: grep_sock_info(): checking if port 5060 (advertise 0) matches port 19401
 3(10) DEBUG: <core> [core/socket_info.c:702]: grep_sock_info(): checking if host==us: 10==7 && [10.100.0.2] == [0.0.0.0]
 3(10) DEBUG: <core> [core/socket_info.c:709]: grep_sock_info(): checking if port 5060 (advertise 0) matches port 19401
 3(10) DEBUG: <core> [core/name_alias.h:62]: grep_aliases(): matching (0:10.100.0.2:19401) vs. (1:614bd75d2f47:5060)
 3(10) DEBUG: <core> [core/name_alias.h:62]: grep_aliases(): matching (0:10.100.0.2:19401) vs. (0:kamailio:0)
 3(10) DEBUG: <core> [core/forward.c:431]: check_self(): host (0:10.100.0.2:19401) != me
 3(10) DEBUG: <core> [core/socket_info.c:702]: grep_sock_info(): checking if host==us: 11==11 && [10.100.0.10] == [10.100.0.10]
 3(10) DEBUG: <core> [core/socket_info.c:709]: grep_sock_info(): checking if port 5060 (advertise 0) matches port 5060
 3(10) DEBUG: <core> [core/forward.c:429]: check_self(): host (0:10.100.0.10:5060) == me
 3(10) DEBUG: rr [loose.c:855]: after_loose(): Topmost route URI: 'sip:10.100.0.10;lr=on;ftag=B2~6TLN5w' is me
 3(10) DEBUG: <core> [core/parser/msg_parser.c:91]: get_hdr_field(): found end of header
 3(10) DEBUG: rr [loose.c:181]: find_next_route(): No next Route HF found
 3(10) DEBUG: rr [loose.c:886]: after_loose(): No next URI found
 3(10) DEBUG: rtpengine [rtpengine.c:1861]: build_rtpp_socks(): same rtpengines list version: 1 (1785163611)
 3(10) DEBUG: rtpengine [rtpengine.c:3309]: select_rtpp_node_old(): rtpengine hash table lookup find node=udp:10.100.0.11:22222 for calllen=10 callid=JNqMVM2aVT viabranch=
 3(10) DEBUG: rtpengine [rtpengine.c:2720]: rtpp_function_call(): proxy reply: d7:createdi1785163735e10:created_usi537835e11:last signali1785163737e4:SSRCd10:1076915222d11:average MOSd3:MOSi43e15:round-trip timei67671e19:round-trip time legi67552e6:jitteri24e11:packet lossi0e7:samplesi11ee10:lowest MOSd3:MOSi43e15:round-trip timei56780e19:round-trip time legi56780e6:jitteri28e11:packet lossi0e11:reported ati1785163740ee11:highest MOSd3:MOSi43e15:round-trip timei56780e19:round-trip time legi56780e6:jitteri28e11:packet lossi0e11:reported ati1785163740ee15:MOS progressiond8:intervali1e7:entriesld3:MOSi43e15:round-trip timei56780e19:round-trip time legi56780e6:jitteri28e11:packet lossi0e11:reported ati1785163740eed3:MOSi43e15:round-trip timei65100e19:round-trip time legi65001e6:jitteri25e11:packet lossi0e11:reported ati1785163742eed3:MOSi43e15:round-trip timei37775e19:round-trip time legi37661e6:jitteri14e11:packet lossi0e11:reported ati1785163745eed3:MOSi43e15:round-trip timei71069e19:round-trip time legi70969e6:jitteri12e11:packet lossi0e11:reported ati1785163746eed3:MOSi43e15:round-trip timei59884e19:round-trip time legi59738e6:jitteri18e11:packet lossi0e11:reported ati1785163748eed3:MOSi43e15:round-trip timei31428e19:round-trip time legi31297e6:jitteri12e11:packet lossi0e11:reported ati1785163750eed3:MOSi43e15:round-trip timei57542e19:round-trip time legi57463e6:jitteri17e11:packet lossi0e11:reported ati1785163751eed3:MOSi43e15:round-trip timei48564e19:round-trip time legi48434e6:jitteri16e11:packet lossi0e11:reported ati1785163752eed3:MOSi43e15:round-trip timei111635e19:round-trip time legi111505e6:jitteri46e11:packet lossi0e11:reported ati1785163754eed3:MOSi43e15:round-trip timei64100e19:round-trip time legi63930e6:jitteri45e11:packet lossi0e11:reported ati1785163755eed3:MOSi43e15:round-trip timei140508e19:round-trip time legi140298e6:jitteri35e11:packet lossi0e11:reported ati1785163757eeeee9:396293339d11:average MOSd3:MOSi43e15:round-trip timei71157e19:round-trip time legi71046e6:jitteri22e11:packet lossi0e7:samplesi10ee10:lowest MOSd3:MOSi43e15:round-trip timei44839e19:round-trip time legi44839e6:jitteri25e11:packet lossi0e11:reported ati1785163741ee11:highest MOSd3:MOSi43e15:round-trip timei44839e19:round-trip time legi44839e6:jitteri25e11:packet lossi0e11:reported ati1785163741ee15:MOS progressiond8:intervali1e7:entriesld3:MOSi43e15:round-trip timei44839e19:round-trip time legi44839e6:jitteri25e11:packet lossi0e11:reported ati1785163741eed3:MOSi43e15:round-trip timei57902e19:round-trip time legi57808e6:jitteri19e11:packet lossi0e11:reported ati1785163743eed3:MOSi43e15:round-trip timei59349e19:round-trip time legi59255e6:jitteri15e11:packet lossi0e11:reported ati1785163744eed3:MOSi43e15:round-trip timei82914e19:round-trip time legi82785e6:jitteri17e11:packet lossi0e11:reported ati1785163746eed3:MOSi43e15:round-trip timei69860e19:round-trip time legi69742e6:jitteri14e11:packet lossi0e11:reported ati1785163747eed3:MOSi43e15:round-trip timei48916e19:round-trip time legi48777e6:jitteri14e11:packet lossi0e11:reported ati1785163748eed3:MOSi43e15:round-trip timei77851e19:round-trip time legi77741e6:jitteri18e11:packet lossi0e11:reported ati1785163750eed3:MOSi43e15:round-trip timei55992e19:round-trip time legi55883e6:jitteri16e11:packet lossi0e11:reported ati1785163752eed3:MOSi43e15:round-trip timei83985e19:round-trip time legi83876e6:jitteri45e11:packet lossi0e11:reported ati1785163754eed3:MOSi43e15:round-trip timei129965e19:round-trip time legi129755e6:jitteri45e11:packet lossi0e11:reported ati1785163757eeeeee4:tagsd9:B2~6TLN5wd3:tag9:B2~6TLN5w7:createdi1785163735e16:in dialogue with7:k33fg9E6:mediasld5:indexi1e4:type5:audio8:protocol7:RTP/AVP7:streamsld10:local porti30010e13:local address11:10.100.0.116:family4:IPv48:endpointd6:family4:IPv47:address10:10.100.0.24:porti7078ee19:advertised endpointd6:family4:IPv47:address9:10.45.0.24:porti7078ee11:last packeti1785163758e5:flagsl3:RTP6:filled9:confirmed10:kernelized17:no kernel supporte4:SSRCi1076915222e5:statsd7:packetsi885e5:bytesi43372e6:errorsi0eeed10:local porti30011e13:local address11:10.100.0.116:family4:IPv48:endpointd6:family4:IPv47:address10:10.100.0.24:porti7079ee19:advertised endpointd6:family4:IPv47:address9:10.45.0.24:porti7079ee11:last packeti1785163757e5:flagsl4:RTCP6:filled9:confirmed10:kernelized17:no kernel supporte4:SSRCi1076915222e5:statsd7:packetsi20e5:bytesi2896e6:errorsi0eeee5:flagsl11:initialized4:send4:recveeee7:k33fg9Ed3:tag7:k33fg9E7:createdi1785163735e16:in dialogue with9:B2~6TLN5w6:mediasld5:indexi1e4:type5:audio8:protocol7:RTP/AVP7:streamsld10:local porti30000e13:local address11:10.100.0.116:family4:IPv48:endpointd6:family4:IPv47:address10:10.100.0.24:porti7078ee19:advertised endpointd6:family4:IPv47:address9:10.45.0.34:porti7078ee11:last packeti1785163758e5:flagsl3:RTP6:filled9:confirmed10:kernelized17:no kernel supporte4:SSRCi396293339e5:statsd7:packetsi892e5:bytesi43677e6:errorsi0eeed10:local porti30001e13:local address11:10.100.0.116:family4:IPv48:endpointd6:family4:IPv47:address10:10.100.0.24:porti7079ee19:advertised endpointd6:family4:IPv47:address9:10.45.0.34:porti7079ee11:last packeti1785163757e5:flagsl4:RTCP6:filled9:confirmed10:kernelized17:no kernel supporte4:SSRCi396293339e5:statsd7:packetsi20e5:bytesi2704e6:errorsi0eeee5:flagsl11:initialized4:send4:recv15:ICE controllingeeeee6:totalsd3:RTPd7:packetsi1777e5:bytesi87049e6:errorsi0ee4:RTCPd7:packetsi40e5:bytesi5600e6:errorsi0eee6:result2:oke
 3(10) DEBUG: rtpengine [rtpengine.c:2830]: rtpp_function_call(): rtpengine hash table remove entry for callen=10 callid=JNqMVM2aVT viabranch=
 3(10) DEBUG: tm [t_lookup.c:1346]: t_newtran(): msg (0x72459b2c10a0) id=6/10 global id=6/10 T start=(nil)
 3(10) DEBUG: tm [t_lookup.c:497]: t_lookup_request(): start searching: hash=54248, isACK=0
 3(10) DEBUG: tm [t_lookup.c:455]: matching_3261(): RFC3261 transaction matching failed - via branch [z9hG4bK.VkVYfuyAC]
 3(10) DEBUG: tm [t_lookup.c:675]: t_lookup_request(): no transaction found
 3(10) DEBUG: <core> [core/crypto/md5utils.c:67]: MD5StringArray(): MD5 calculated: bfc67581e3b1cf750159cbee2c3a7dd4
 3(10) DEBUG: <core> [core/forward.c:175]: get_out_socket(): socket determined: 0x72459b276078
 3(10) DEBUG: <core> [core/msg_translator.c:1799]: check_boundaries(): no multi-part body
 3(10) DEBUG: tm [t_funcs.c:373]: t_relay_to(): new transaction forwarded
 3(10) DEBUG: <core> [core/receive.c:528]: receive_msg(): request-route executed in: 6935 usec
 3(10) DEBUG: <core> [core/usr_avp.c:637]: destroy_avp_list(): destroying list (nil)
 3(10) DEBUG: <core> [core/usr_avp.c:637]: destroy_avp_list(): destroying list (nil)
 3(10) DEBUG: <core> [core/usr_avp.c:637]: destroy_avp_list(): destroying list (nil)
 3(10) DEBUG: <core> [core/usr_avp.c:637]: destroy_avp_list(): destroying list (nil)
 3(10) DEBUG: <core> [core/usr_avp.c:637]: destroy_avp_list(): destroying list (nil)
 3(10) DEBUG: <core> [core/usr_avp.c:637]: destroy_avp_list(): destroying list (nil)
 3(10) DEBUG: <core> [core/xavp.c:541]: xavp_destroy_list(): destroying xavp list (nil)
 3(10) DEBUG: <core> [core/xavp.c:541]: xavp_destroy_list(): destroying xavp list (nil)
 3(10) DEBUG: <core> [core/xavp.c:541]: xavp_destroy_list(): destroying xavp list (nil)
 3(10) DEBUG: <core> [core/receive.c:628]: receive_msg(): cleaning up
 2(9) DEBUG: <core> [core/udp_server.c:494]: udp_rcv_loop(): received on udp socket: (112/100/429) [[SIP/2.0 200 Ok 0D  0A Via: SIP/2.0/UDP 10.100.0.10;branch=z9hG4bK8e3d.bfc67581e3b1cf750159cbee2c3a7dd4.0 0D  0A ]]
 2(9) DEBUG: <core> [core/parser/parse_fline.c:249]: parse_first_line(): first line type 2 (reply(status)) flags 1
 2(9) DEBUG: <core> [core/parser/msg_parser.c:689]: parse_msg(): SIP Reply  (status):
 2(9) DEBUG: <core> [core/parser/msg_parser.c:690]: parse_msg():  version: <SIP/2.0>
 2(9) DEBUG: <core> [core/parser/msg_parser.c:692]: parse_msg():  status:  <200>
 2(9) DEBUG: <core> [core/parser/msg_parser.c:694]: parse_msg():  reason:  <Ok>
 2(9) DEBUG: <core> [core/parser/parse_hname2.c:301]: parse_sip_header_name(): parsed header name [Via] type 1
 2(9) DEBUG: <core> [core/parser/parse_via.c:1300]: parse_via_param(): Found param type 232, <branch> = <z9hG4bK8e3d.bfc67581e3b1cf750159cbee2c3a7dd4.0>; state=16
 2(9) DEBUG: <core> [core/parser/parse_via.c:2639]: parse_via(): end of header reached, state=5
 2(9) DEBUG: <core> [core/parser/msg_parser.c:555]: parse_headers(): Via found, flags=2
 2(9) DEBUG: <core> [core/parser/msg_parser.c:557]: parse_headers(): this is the first via
 2(9) DEBUG: <core> [core/parser/parse_hname2.c:301]: parse_sip_header_name(): parsed header name [Via] type 1
 2(9) DEBUG: <core> [core/parser/parse_via.c:1300]: parse_via_param(): Found param type 234, <received> = <10.100.0.2>; state=6
 2(9) DEBUG: <core> [core/parser/parse_via.c:1300]: parse_via_param(): Found param type 232, <branch> = <z9hG4bK.VkVYfuyAC>; state=6
 2(9) DEBUG: <core> [core/parser/parse_via.c:1300]: parse_via_param(): Found param type 235, <rport> = <5080>; state=16
 2(9) DEBUG: <core> [core/parser/parse_via.c:2639]: parse_via(): end of header reached, state=5
 2(9) DEBUG: <core> [core/parser/msg_parser.c:555]: parse_headers(): Via found, flags=78
 2(9) DEBUG: <core> [core/parser/msg_parser.c:568]: parse_headers(): this is the second via
 2(9) DEBUG: <core> [core/parser/parse_hname2.c:301]: parse_sip_header_name(): parsed header name [From] type 4
 2(9) DEBUG: <core> [core/parser/parse_hname2.c:301]: parse_sip_header_name(): parsed header name [To] type 3
 2(9) DEBUG: <core> [core/parser/parse_addr_spec.c:185]: parse_to_param(): add param: tag=k33fg9E
 2(9) DEBUG: <core> [core/parser/parse_addr_spec.c:884]: parse_addr_spec(): end of header reached, state=29
 2(9) DEBUG: <core> [core/parser/msg_parser.c:172]: get_hdr_field(): <To> [35]; uri=[sip:ue1@10.100.0.10]
 2(9) DEBUG: <core> [core/parser/msg_parser.c:174]: get_hdr_field(): to body (21)[<sip:ue1@10.100.0.10>], to tag (7)[k33fg9E]
 2(9) DEBUG: <core> [core/parser/parse_hname2.c:301]: parse_sip_header_name(): parsed header name [Call-ID] type 6
 2(9) DEBUG: <core> [core/parser/parse_hname2.c:301]: parse_sip_header_name(): parsed header name [CSeq] type 5
 2(9) DEBUG: <core> [core/parser/msg_parser.c:152]: get_hdr_field(): cseq <CSeq>: <21> <BYE>
 2(9) DEBUG: <core> [core/receive.c:389]: receive_msg(): --- received sip message - reply - call-id: [JNqMVM2aVT] - cseq: [21 BYE]
 2(9) DEBUG: <core> [core/receive.c:261]: ksr_evrt_pre_routing(): event route core:pre-routing not defined
 2(9) DEBUG: <core> [core/parser/parse_hname2.c:301]: parse_sip_header_name(): parsed header name [User-Agent] type 28
 2(9) DEBUG: <core> [core/parser/parse_hname2.c:301]: parse_sip_header_name(): parsed header name [Supported] type 17
 2(9) DEBUG: <core> [core/parser/parse_hname2.c:301]: parse_sip_header_name(): parsed header name [Record-route] type 10
 2(9) DEBUG: <core> [core/parser/msg_parser.c:91]: get_hdr_field(): found end of header
 2(9) DEBUG: tm [t_lookup.c:1053]: t_check_msg(): msg (0x72459b2c10a0) id=3/9 global id=2/9 T start=0xffffffffffffffff
 2(9) DEBUG: tm [t_lookup.c:912]: t_reply_matching(): t_reply_matching: hash 54248 label 0 branch 0
 2(9) DEBUG: tm [t_lookup.c:986]: t_reply_matching(): reply (0x72459b2c10a0) matched an active transaction (T=0x724596f992f0)!
 2(9) DEBUG: tm [t_lookup.c:1122]: t_check_msg(): msg (0x72459b2c10a0) id=3/9 global id=3/9 T end=0x724596f992f0
 2(9) DEBUG: tm [t_reply.c:2363]: reply_received(): transaction found - T:0x724596f992f0 branch:0
 2(9) DEBUG: tm [t_reply.c:2376]: reply_received(): original status uas=0, uac[0]=0 local=0 is_invite=0)
 2(9) DEBUG: tm [t_reply.c:1363]: t_should_relay_response(): ->>>>>>>>> T_code=0, new_code=200
 2(9) DEBUG: tm [t_reply.c:1610]: t_should_relay_response(): rps completed - uas status: 0
 2(9) DEBUG: tm [t_reply.c:1924]: relay_reply(): reply status=4 branch=0, save=0, relay=0 icode=0 msg status=200
 2(9) DEBUG: <core> [core/msg_translator.c:2340]: generate_res_buf_from_sip_res(): old size: 429, new size: 345
 2(9) DEBUG: <core> [core/msg_translator.c:2357]: generate_res_buf_from_sip_res(): copied size: orig:100, new: 16, rest: 329 msg=
SIP/2.0 200 Ok
Via: SIP/2.0/UDP 10.45.0.2:5080;received=10.100.0.2;branch=z9hG4bK.VkVYfuyAC;rport=5080
From: <sip:ue2@10.100.0.10>;tag=B2~6TLN5w
To: <sip:ue1@10.100.0.10>;tag=k33fg9E
Call-ID: JNqMVM2aVT
CSeq: 21 BYE
User-Agent: Linphonec/4.4.21
Supported: replaces, outbound, gruu
Record-route: <sip:10.100.0.10;lr=on;ftag=B2~6TLN5w>


 2(9) DEBUG: tm [t_reply.c:2126]: relay_reply(): reply buffer sent out
 2(9) DEBUG: tm [t_funcs.c:120]: put_on_wait(): put T [0x724596f992f0] on wait
 2(9) DEBUG: tm [t_reply.c:1763]: cleanup_uac_timers(): RETR/FR timers reset
 2(9) DEBUG: <core> [core/receive.c:617]: receive_msg(): reply-route executed in: 414 usec
 2(9) DEBUG: <core> [core/usr_avp.c:637]: destroy_avp_list(): destroying list (nil)
 2(9) DEBUG: <core> [core/usr_avp.c:637]: destroy_avp_list(): destroying list (nil)
 2(9) DEBUG: <core> [core/usr_avp.c:637]: destroy_avp_list(): destroying list (nil)
 2(9) DEBUG: <core> [core/usr_avp.c:637]: destroy_avp_list(): destroying list (nil)
 2(9) DEBUG: <core> [core/usr_avp.c:637]: destroy_avp_list(): destroying list (nil)
 2(9) DEBUG: <core> [core/usr_avp.c:637]: destroy_avp_list(): destroying list (nil)
 2(9) DEBUG: <core> [core/xavp.c:541]: xavp_destroy_list(): destroying xavp list (nil)
 2(9) DEBUG: <core> [core/xavp.c:541]: xavp_destroy_list(): destroying xavp list (nil)
 2(9) DEBUG: <core> [core/xavp.c:541]: xavp_destroy_list(): destroying xavp list (nil)
 2(9) DEBUG: <core> [core/receive.c:628]: receive_msg(): cleaning up
