 0(1) DEBUG: <core> [core/cfg.y:1964]: yyparse(): loading module tm.so
 0(1) DEBUG: <core> [core/sr_module.c:516]: ksr_locate_module(): found module to load </usr/lib/x86_64-linux-gnu/kamailio/modules/tm.so>
 0(1) DEBUG: <core> [core/sr_module.c:566]: load_module(): trying to load </usr/lib/x86_64-linux-gnu/kamailio/modules/tm.so>
 0(1) DEBUG: <core> [core/kemi.c:3376]: sr_kemi_modules_add(): adding core module
 0(1) DEBUG: <core> [core/kemi.c:3380]: sr_kemi_modules_add(): adding pv module
 0(1) DEBUG: <core> [core/kemi.c:3384]: sr_kemi_modules_add(): adding hdr module
 0(1) DEBUG: <core> [core/kemi.c:3398]: sr_kemi_modules_add(): adding module: tm
 0(1) DEBUG: <core> [core/cfg.lex:2039]: pp_define(): defining id: MOD_tm
 0(1) DEBUG: <core> [core/cfg.y:1964]: yyparse(): loading module tmx.so
 0(1) DEBUG: <core> [core/sr_module.c:516]: ksr_locate_module(): found module to load </usr/lib/x86_64-linux-gnu/kamailio/modules/tmx.so>
 0(1) DEBUG: <core> [core/sr_module.c:566]: load_module(): trying to load </usr/lib/x86_64-linux-gnu/kamailio/modules/tmx.so>
 0(1) DEBUG: <core> [core/kemi.c:3398]: sr_kemi_modules_add(): adding module: tmx
 0(1) DEBUG: <core> [core/sr_module.c:291]: register_module(): register PV from: tmx
 0(1) DEBUG: <core> [core/cfg.lex:2039]: pp_define(): defining id: MOD_tmx
 0(1) DEBUG: <core> [core/cfg.y:1964]: yyparse(): loading module sl.so
 0(1) DEBUG: <core> [core/sr_module.c:516]: ksr_locate_module(): found module to load </usr/lib/x86_64-linux-gnu/kamailio/modules/sl.so>
 0(1) DEBUG: <core> [core/sr_module.c:566]: load_module(): trying to load </usr/lib/x86_64-linux-gnu/kamailio/modules/sl.so>
 0(1) DEBUG: <core> [core/kemi.c:3398]: sr_kemi_modules_add(): adding module: sl
 0(1) DEBUG: <core> [core/sr_module.c:291]: register_module(): register PV from: sl
 0(1) DEBUG: <core> [core/cfg.lex:2039]: pp_define(): defining id: MOD_sl
 0(1) DEBUG: <core> [core/cfg.y:1964]: yyparse(): loading module rr.so
 0(1) DEBUG: <core> [core/sr_module.c:516]: ksr_locate_module(): found module to load </usr/lib/x86_64-linux-gnu/kamailio/modules/rr.so>
 0(1) DEBUG: <core> [core/sr_module.c:566]: load_module(): trying to load </usr/lib/x86_64-linux-gnu/kamailio/modules/rr.so>
 0(1) DEBUG: <core> [core/kemi.c:3398]: sr_kemi_modules_add(): adding module: rr
 0(1) DEBUG: <core> [core/sr_module.c:291]: register_module(): register PV from: rr
 0(1) DEBUG: <core> [core/cfg.lex:2039]: pp_define(): defining id: MOD_rr
 0(1) DEBUG: <core> [core/cfg.y:1964]: yyparse(): loading module pv.so
 0(1) DEBUG: <core> [core/sr_module.c:516]: ksr_locate_module(): found module to load </usr/lib/x86_64-linux-gnu/kamailio/modules/pv.so>
 0(1) DEBUG: <core> [core/sr_module.c:566]: load_module(): trying to load </usr/lib/x86_64-linux-gnu/kamailio/modules/pv.so>
 0(1) DEBUG: <core> [core/kemi.c:3398]: sr_kemi_modules_add(): adding module: pvx
 0(1) DEBUG: <core> [core/sr_module.c:291]: register_module(): register PV from: pv
 0(1) DEBUG: <core> [core/cfg.lex:2039]: pp_define(): defining id: MOD_pv
 0(1) DEBUG: <core> [core/cfg.y:1964]: yyparse(): loading module maxfwd.so
 0(1) DEBUG: <core> [core/sr_module.c:516]: ksr_locate_module(): found module to load </usr/lib/x86_64-linux-gnu/kamailio/modules/maxfwd.so>
 0(1) DEBUG: <core> [core/sr_module.c:566]: load_module(): trying to load </usr/lib/x86_64-linux-gnu/kamailio/modules/maxfwd.so>
 0(1) DEBUG: <core> [core/kemi.c:3398]: sr_kemi_modules_add(): adding module: maxfwd
 0(1) DEBUG: <core> [core/cfg.lex:2039]: pp_define(): defining id: MOD_maxfwd
 0(1) DEBUG: <core> [core/cfg.y:1964]: yyparse(): loading module usrloc.so
 0(1) DEBUG: <core> [core/sr_module.c:516]: ksr_locate_module(): found module to load </usr/lib/x86_64-linux-gnu/kamailio/modules/usrloc.so>
 0(1) DEBUG: <core> [core/sr_module.c:566]: load_module(): trying to load </usr/lib/x86_64-linux-gnu/kamailio/modules/usrloc.so>
 0(1) DEBUG: <core> [core/cfg.lex:2039]: pp_define(): defining id: MOD_usrloc
 0(1) DEBUG: <core> [core/cfg.y:1964]: yyparse(): loading module registrar.so
 0(1) DEBUG: <core> [core/sr_module.c:516]: ksr_locate_module(): found module to load </usr/lib/x86_64-linux-gnu/kamailio/modules/registrar.so>
 0(1) DEBUG: <core> [core/sr_module.c:566]: load_module(): trying to load </usr/lib/x86_64-linux-gnu/kamailio/modules/registrar.so>
 0(1) DEBUG: <core> [core/kemi.c:3398]: sr_kemi_modules_add(): adding module: registrar
 0(1) DEBUG: <core> [core/sr_module.c:291]: register_module(): register PV from: registrar
 0(1) DEBUG: <core> [core/cfg.lex:2039]: pp_define(): defining id: MOD_registrar
 0(1) DEBUG: <core> [core/cfg.y:1964]: yyparse(): loading module textops.so
 0(1) DEBUG: <core> [core/sr_module.c:516]: ksr_locate_module(): found module to load </usr/lib/x86_64-linux-gnu/kamailio/modules/textops.so>
 0(1) DEBUG: <core> [core/sr_module.c:566]: load_module(): trying to load </usr/lib/x86_64-linux-gnu/kamailio/modules/textops.so>
 0(1) DEBUG: <core> [core/kemi.c:3398]: sr_kemi_modules_add(): adding module: textops
 0(1) DEBUG: <core> [core/cfg.lex:2039]: pp_define(): defining id: MOD_textops
 0(1) DEBUG: <core> [core/cfg.y:1964]: yyparse(): loading module siputils.so
 0(1) DEBUG: <core> [core/sr_module.c:516]: ksr_locate_module(): found module to load </usr/lib/x86_64-linux-gnu/kamailio/modules/siputils.so>
 0(1) DEBUG: <core> [core/sr_module.c:566]: load_module(): trying to load </usr/lib/x86_64-linux-gnu/kamailio/modules/siputils.so>
 0(1) DEBUG: <core> [core/kemi.c:3398]: sr_kemi_modules_add(): adding module: siputils
 0(1) DEBUG: <core> [core/sr_module.c:291]: register_module(): register PV from: siputils
 0(1) DEBUG: <core> [core/cfg.lex:2039]: pp_define(): defining id: MOD_siputils
 0(1) DEBUG: <core> [core/cfg.y:1964]: yyparse(): loading module xlog.so
 0(1) DEBUG: <core> [core/sr_module.c:516]: ksr_locate_module(): found module to load </usr/lib/x86_64-linux-gnu/kamailio/modules/xlog.so>
 0(1) DEBUG: <core> [core/sr_module.c:566]: load_module(): trying to load </usr/lib/x86_64-linux-gnu/kamailio/modules/xlog.so>
 0(1) DEBUG: <core> [core/kemi.c:3398]: sr_kemi_modules_add(): adding module: xlog
 0(1) DEBUG: <core> [core/sr_module.c:291]: register_module(): register PV from: xlog
 0(1) DEBUG: <core> [core/cfg.lex:2039]: pp_define(): defining id: MOD_xlog
 0(1) DEBUG: <core> [core/cfg.y:1964]: yyparse(): loading module sanity.so
 0(1) DEBUG: <core> [core/sr_module.c:516]: ksr_locate_module(): found module to load </usr/lib/x86_64-linux-gnu/kamailio/modules/sanity.so>
 0(1) DEBUG: <core> [core/sr_module.c:566]: load_module(): trying to load </usr/lib/x86_64-linux-gnu/kamailio/modules/sanity.so>
 0(1) DEBUG: <core> [core/kemi.c:3398]: sr_kemi_modules_add(): adding module: sanity
 0(1) DEBUG: <core> [core/cfg.lex:2039]: pp_define(): defining id: MOD_sanity
 0(1) DEBUG: <core> [core/cfg.y:1964]: yyparse(): loading module ctl.so
 0(1) DEBUG: <core> [core/sr_module.c:516]: ksr_locate_module(): found module to load </usr/lib/x86_64-linux-gnu/kamailio/modules/ctl.so>
 0(1) DEBUG: <core> [core/sr_module.c:566]: load_module(): trying to load </usr/lib/x86_64-linux-gnu/kamailio/modules/ctl.so>
 0(1) DEBUG: <core> [core/cfg.lex:2039]: pp_define(): defining id: MOD_ctl
 0(1) DEBUG: <core> [core/cfg.y:1964]: yyparse(): loading module rtpengine.so
 0(1) DEBUG: <core> [core/sr_module.c:516]: ksr_locate_module(): found module to load </usr/lib/x86_64-linux-gnu/kamailio/modules/rtpengine.so>
 0(1) DEBUG: <core> [core/sr_module.c:566]: load_module(): trying to load </usr/lib/x86_64-linux-gnu/kamailio/modules/rtpengine.so>
 0(1) DEBUG: <core> [core/kemi.c:3398]: sr_kemi_modules_add(): adding module: rtpengine
 0(1) DEBUG: <core> [core/sr_module.c:291]: register_module(): register PV from: rtpengine
 0(1) DEBUG: <core> [core/cfg.lex:2039]: pp_define(): defining id: MOD_rtpengine
 0(1) DEBUG: <core> [core/cfg.y:1964]: yyparse(): loading module nathelper.so
 0(1) DEBUG: <core> [core/sr_module.c:516]: ksr_locate_module(): found module to load </usr/lib/x86_64-linux-gnu/kamailio/modules/nathelper.so>
 0(1) DEBUG: <core> [core/sr_module.c:566]: load_module(): trying to load </usr/lib/x86_64-linux-gnu/kamailio/modules/nathelper.so>
 0(1) DEBUG: <core> [core/kemi.c:3398]: sr_kemi_modules_add(): adding module: nathelper
 0(1) DEBUG: <core> [core/sr_module.c:291]: register_module(): register PV from: nathelper
 0(1) DEBUG: <core> [core/cfg.lex:2039]: pp_define(): defining id: MOD_nathelper
 0(1) DEBUG: <core> [core/mem/shm.c:100]: shm_core_pools_init(): preparing to initialize shm core pools
 0(1) DEBUG: <core> [core/mem/q_malloc.c:199]: qm_malloc_init(): QM_OPTIMIZE=16384, /ROUNDTO=2048
 0(1) DEBUG: <core> [core/mem/q_malloc.c:201]: qm_malloc_init(): QM_HASH_SIZE=2099, qm_block size=235152
 0(1) DEBUG: <core> [core/mem/q_malloc.c:203]: qm_malloc_init(): qm_malloc_init(0x72ec1fe35000, 67108864), start=0x72ec1fe35000
 0(1) DEBUG: <core> [core/mem/q_malloc.c:212]: qm_malloc_init(): size= 67108864, init_overhead=235256
 0(1) DEBUG: <core> [core/modparam.c:112]: set_mod_param_regex(): 'rr' matches module 'rr'
 0(1) DEBUG: <core> [core/sr_module.c:814]: find_param_export(): found <enable_full_lr> in module rr [/usr/lib/x86_64-linux-gnu/kamailio/modules/rr.so]
 0(1) DEBUG: <core> [core/modparam.c:128]: set_mod_param_regex(): found <enable_full_lr> in module rr [/usr/lib/x86_64-linux-gnu/kamailio/modules/rr.so]
 0(1) DEBUG: <core> [core/modparam.c:112]: set_mod_param_regex(): 'rr' matches module 'rr'
 0(1) DEBUG: <core> [core/sr_module.c:814]: find_param_export(): found <append_fromtag> in module rr [/usr/lib/x86_64-linux-gnu/kamailio/modules/rr.so]
 0(1) DEBUG: <core> [core/modparam.c:128]: set_mod_param_regex(): found <append_fromtag> in module rr [/usr/lib/x86_64-linux-gnu/kamailio/modules/rr.so]
 0(1) DEBUG: <core> [core/modparam.c:112]: set_mod_param_regex(): 'usrloc' matches module 'usrloc'
 0(1) DEBUG: <core> [core/sr_module.c:814]: find_param_export(): found <db_mode> in module usrloc [/usr/lib/x86_64-linux-gnu/kamailio/modules/usrloc.so]
 0(1) DEBUG: <core> [core/modparam.c:128]: set_mod_param_regex(): found <db_mode> in module usrloc [/usr/lib/x86_64-linux-gnu/kamailio/modules/usrloc.so]
 0(1) DEBUG: <core> [core/modparam.c:112]: set_mod_param_regex(): 'registrar' matches module 'registrar'
 0(1) DEBUG: <core> [core/sr_module.c:814]: find_param_export(): found <method_filtering> in module registrar [/usr/lib/x86_64-linux-gnu/kamailio/modules/registrar.so]
 0(1) DEBUG: <core> [core/modparam.c:128]: set_mod_param_regex(): found <method_filtering> in module registrar [/usr/lib/x86_64-linux-gnu/kamailio/modules/registrar.so]
 0(1) DEBUG: <core> [core/modparam.c:112]: set_mod_param_regex(): 'registrar' matches module 'registrar'
 0(1) DEBUG: <core> [core/sr_module.c:814]: find_param_export(): found <max_expires> in module registrar [/usr/lib/x86_64-linux-gnu/kamailio/modules/registrar.so]
 0(1) DEBUG: <core> [core/modparam.c:128]: set_mod_param_regex(): found <max_expires> in module registrar [/usr/lib/x86_64-linux-gnu/kamailio/modules/registrar.so]
 0(1) DEBUG: <core> [core/modparam.c:112]: set_mod_param_regex(): 'registrar' matches module 'registrar'
 0(1) DEBUG: <core> [core/sr_module.c:814]: find_param_export(): found <gruu_enabled> in module registrar [/usr/lib/x86_64-linux-gnu/kamailio/modules/registrar.so]
 0(1) DEBUG: <core> [core/modparam.c:128]: set_mod_param_regex(): found <gruu_enabled> in module registrar [/usr/lib/x86_64-linux-gnu/kamailio/modules/registrar.so]
 0(1) DEBUG: <core> [core/modparam.c:112]: set_mod_param_regex(): 'registrar' matches module 'registrar'
 0(1) DEBUG: <core> [core/sr_module.c:814]: find_param_export(): found <received_avp> in module registrar [/usr/lib/x86_64-linux-gnu/kamailio/modules/registrar.so]
 0(1) DEBUG: <core> [core/modparam.c:128]: set_mod_param_regex(): found <received_avp> in module registrar [/usr/lib/x86_64-linux-gnu/kamailio/modules/registrar.so]
 0(1) DEBUG: <core> [core/modparam.c:112]: set_mod_param_regex(): 'nathelper' matches module 'nathelper'
 0(1) DEBUG: <core> [core/sr_module.c:814]: find_param_export(): found <received_avp> in module nathelper [/usr/lib/x86_64-linux-gnu/kamailio/modules/nathelper.so]
 0(1) DEBUG: <core> [core/modparam.c:128]: set_mod_param_regex(): found <received_avp> in module nathelper [/usr/lib/x86_64-linux-gnu/kamailio/modules/nathelper.so]
 0(1) DEBUG: <core> [core/modparam.c:112]: set_mod_param_regex(): 'rtpengine' matches module 'rtpengine'
 0(1) DEBUG: <core> [core/sr_module.c:814]: find_param_export(): found <rtpengine_sock> in module rtpengine [/usr/lib/x86_64-linux-gnu/kamailio/modules/rtpengine.so]
 0(1) DEBUG: <core> [core/modparam.c:128]: set_mod_param_regex(): found <rtpengine_sock> in module rtpengine [/usr/lib/x86_64-linux-gnu/kamailio/modules/rtpengine.so]
 0(1) DEBUG: <core> [core/modparam.c:112]: set_mod_param_regex(): 'rtpengine' matches module 'rtpengine'
 0(1) DEBUG: <core> [core/sr_module.c:814]: find_param_export(): found <rtpengine_tout_ms> in module rtpengine [/usr/lib/x86_64-linux-gnu/kamailio/modules/rtpengine.so]
 0(1) DEBUG: <core> [core/modparam.c:128]: set_mod_param_regex(): found <rtpengine_tout_ms> in module rtpengine [/usr/lib/x86_64-linux-gnu/kamailio/modules/rtpengine.so]
 0(1) DEBUG: <core> [core/modparam.c:112]: set_mod_param_regex(): 'nathelper' matches module 'nathelper'
 0(1) DEBUG: <core> [core/sr_module.c:814]: find_param_export(): found <natping_interval> in module nathelper [/usr/lib/x86_64-linux-gnu/kamailio/modules/nathelper.so]
 0(1) DEBUG: <core> [core/modparam.c:128]: set_mod_param_regex(): found <natping_interval> in module nathelper [/usr/lib/x86_64-linux-gnu/kamailio/modules/nathelper.so]
 0(1) DEBUG: <core> [core/modparam.c:112]: set_mod_param_regex(): 'nathelper' matches module 'nathelper'
 0(1) DEBUG: <core> [core/sr_module.c:814]: find_param_export(): found <sipping_bflag> in module nathelper [/usr/lib/x86_64-linux-gnu/kamailio/modules/nathelper.so]
 0(1) DEBUG: <core> [core/modparam.c:128]: set_mod_param_regex(): found <sipping_bflag> in module nathelper [/usr/lib/x86_64-linux-gnu/kamailio/modules/nathelper.so]
 0(1) DEBUG: <core> [core/route_struct.c:128]: mk_action(): ACTION type5, i/count 0/1: type 1(1)/ data 0x72ec243e0358
 0(1) DEBUG: <core> [core/route_struct.c:128]: mk_action(): ACTION type24, i/count 0/2: type 9(9)/ data (nil)
 0(1) DEBUG: <core> [core/route_struct.c:128]: mk_action(): ACTION type24, i/count 1/2: type 3(3)/ data (nil)
 0(1) DEBUG: <core> [core/sr_module.c:722]: find_mod_export_record(): found export of <is_method> in module textops [/usr/lib/x86_64-linux-gnu/kamailio/modules/textops.so]
 0(1) DEBUG: <core> [core/route_struct.c:128]: mk_action(): ACTION type24, i/count 0/2: type 9(9)/ data (nil)
 0(1) DEBUG: <core> [core/route_struct.c:128]: mk_action(): ACTION type24, i/count 1/2: type 3(3)/ data (nil)
 0(1) DEBUG: <core> [core/sr_module.c:722]: find_mod_export_record(): found export of <t_check_trans> in module tm [/usr/lib/x86_64-linux-gnu/kamailio/modules/tm.so]
 0(1) DEBUG: <core> [core/route_struct.c:128]: mk_action(): ACTION type24, i/count 0/2: type 9(9)/ data (nil)
 0(1) DEBUG: <core> [core/route_struct.c:128]: mk_action(): ACTION type24, i/count 1/2: type 3(3)/ data (nil)
 0(1) DEBUG: <core> [core/sr_module.c:722]: find_mod_export_record(): found export of <t_relay> in module tm [/usr/lib/x86_64-linux-gnu/kamailio/modules/tm.so]
 0(1) DEBUG: <core> [core/route_struct.c:128]: mk_action(): ACTION type16, i/count 0/3: type 22(16)/ data 0x72ec243e1288
 0(1) DEBUG: <core> [core/route_struct.c:128]: mk_action(): ACTION type16, i/count 1/3: type 8(8)/ data 0x72ec243e1aa0
 0(1) DEBUG: <core> [core/route_struct.c:128]: mk_action(): ACTION type16, i/count 2/3: type 0(0)/ data (nil)
 0(1) DEBUG: <core> [core/route_struct.c:128]: mk_action(): ACTION type2, i/count 0/2: type 3(3)/ data 0x1
 0(1) DEBUG: <core> [core/route_struct.c:128]: mk_action(): ACTION type2, i/count 1/2: type 3(3)/ data 0x1
 0(1) DEBUG: <core> [core/route_struct.c:128]: mk_action(): ACTION type16, i/count 0/3: type 22(16)/ data 0x72ec243e08b0
 0(1) DEBUG: <core> [core/route_struct.c:128]: mk_action(): ACTION type16, i/count 1/3: type 8(8)/ data 0x72ec243e1bf0
 0(1) DEBUG: <core> [core/route_struct.c:128]: mk_action(): ACTION type16, i/count 2/3: type 0(0)/ data (nil)
 0(1) DEBUG: <core> [core/route_struct.c:128]: mk_action(): ACTION type24, i/count 0/2: type 9(9)/ data (nil)
 0(1) DEBUG: <core> [core/route_struct.c:128]: mk_action(): ACTION type24, i/count 1/2: type 3(3)/ data (nil)
 0(1) DEBUG: <core> [core/sr_module.c:722]: find_mod_export_record(): found export of <is_method> in module textops [/usr/lib/x86_64-linux-gnu/kamailio/modules/textops.so]
 0(1) DEBUG: <core> [core/route_struct.c:128]: mk_action(): ACTION type24, i/count 0/2: type 9(9)/ data (nil)
 0(1) DEBUG: <core> [core/route_struct.c:128]: mk_action(): ACTION type24, i/count 1/2: type 3(3)/ data (nil)
 0(1) DEBUG: <core> [core/sr_module.c:722]: find_mod_export_record(): found export of <t_precheck_trans> in module tmx [/usr/lib/x86_64-linux-gnu/kamailio/modules/tmx.so]
 0(1) DEBUG: <core> [core/route_struct.c:128]: mk_action(): ACTION type24, i/count 0/2: type 9(9)/ data (nil)
 0(1) DEBUG: <core> [core/route_struct.c:128]: mk_action(): ACTION type24, i/count 1/2: type 3(3)/ data (nil)
 0(1) DEBUG: <core> [core/sr_module.c:722]: find_mod_export_record(): found export of <t_check_trans> in module tm [/usr/lib/x86_64-linux-gnu/kamailio/modules/tm.so]
 0(1) DEBUG: <core> [core/route_struct.c:128]: mk_action(): ACTION type2, i/count 0/2: type 3(3)/ data 0x1
 0(1) DEBUG: <core> [core/route_struct.c:128]: mk_action(): ACTION type2, i/count 1/2: type 3(3)/ data 0x1
 0(1) DEBUG: <core> [core/route_struct.c:128]: mk_action(): ACTION type16, i/count 0/3: type 22(16)/ data 0x72ec243e3408
 0(1) DEBUG: <core> [core/route_struct.c:128]: mk_action(): ACTION type16, i/count 1/3: type 8(8)/ data 0x72ec243e3c20
 0(1) DEBUG: <core> [core/route_struct.c:128]: mk_action(): ACTION type16, i/count 2/3: type 0(0)/ data (nil)
 0(1) DEBUG: <core> [core/route_struct.c:128]: mk_action(): ACTION type24, i/count 0/2: type 9(9)/ data (nil)
 0(1) DEBUG: <core> [core/route_struct.c:128]: mk_action(): ACTION type24, i/count 1/2: type 3(3)/ data (nil)
 0(1) DEBUG: <core> [core/sr_module.c:722]: find_mod_export_record(): found export of <t_check_trans> in module tm [/usr/lib/x86_64-linux-gnu/kamailio/modules/tm.so]
 0(1) DEBUG: <core> [core/route_struct.c:128]: mk_action(): ACTION type16, i/count 0/3: type 22(16)/ data 0x72ec243e2aa0
 0(1) DEBUG: <core> [core/route_struct.c:128]: mk_action(): ACTION type16, i/count 1/3: type 8(8)/ data 0x72ec243e3fa8
 0(1) DEBUG: <core> [core/route_struct.c:128]: mk_action(): ACTION type16, i/count 2/3: type 0(0)/ data (nil)
 0(1) DEBUG: <core> [core/route_struct.c:128]: mk_action(): ACTION type24, i/count 0/2: type 9(9)/ data (nil)
 0(1) DEBUG: <core> [core/route_struct.c:128]: mk_action(): ACTION type24, i/count 1/2: type 3(3)/ data (nil)
 0(1) DEBUG: <core> [core/sr_module.c:722]: find_mod_export_record(): found export of <is_method> in module textops [/usr/lib/x86_64-linux-gnu/kamailio/modules/textops.so]
 0(1) DEBUG: <core> [core/route_struct.c:128]: mk_action(): ACTION type24, i/count 0/2: type 9(9)/ data (nil)
 0(1) DEBUG: <core> [core/route_struct.c:128]: mk_action(): ACTION type24, i/count 1/2: type 3(3)/ data (nil)
 0(1) DEBUG: <core> [core/sr_module.c:722]: find_mod_export_record(): found export of <record_route> in module rr [/usr/lib/x86_64-linux-gnu/kamailio/modules/rr.so]
 0(1) DEBUG: <core> [core/route_struct.c:128]: mk_action(): ACTION type16, i/count 0/3: type 22(16)/ data 0x72ec243e4ee8
 0(1) DEBUG: <core> [core/route_struct.c:128]: mk_action(): ACTION type16, i/count 1/3: type 8(8)/ data 0x72ec243e5700
 0(1) DEBUG: <core> [core/route_struct.c:128]: mk_action(): ACTION type16, i/count 2/3: type 0(0)/ data (nil)
 0(1) DEBUG: <core> [core/route_struct.c:128]: mk_action(): ACTION type5, i/count 0/1: type 1(1)/ data 0x72ec243e59a0
 0(1) DEBUG: <core> [core/route_struct.c:128]: mk_action(): ACTION type5, i/count 0/1: type 1(1)/ data 0x72ec243e5bd8
 0(1) DEBUG: <core> [core/route_struct.c:128]: mk_action(): ACTION type5, i/count 0/1: type 1(1)/ data 0x72ec243e5e10
 0(1) DEBUG: <core> [core/route_struct.c:128]: mk_action(): ACTION type24, i/count 0/2: type 9(9)/ data (nil)
 0(1) DEBUG: <core> [core/route_struct.c:128]: mk_action(): ACTION type24, i/count 1/2: type 3(3)/ data (nil)
 0(1) DEBUG: <core> [core/sr_module.c:722]: find_mod_export_record(): found export of <sanity_check> in module sanity [/usr/lib/x86_64-linux-gnu/kamailio/modules/sanity.so]
 0(1) DEBUG: <core> [core/route_struct.c:128]: mk_action(): ACTION type24, i/count 0/2: type 9(9)/ data (nil)
 0(1) DEBUG: <core> [core/route_struct.c:128]: mk_action(): ACTION type24, i/count 1/2: type 3(3)/ data (nil)
 0(1) DEBUG: <core> [core/sr_module.c:722]: find_mod_export_record(): found export of <xlog> in module xlog [/usr/lib/x86_64-linux-gnu/kamailio/modules/xlog.so]
 0(1) DEBUG: <core> [core/route_struct.c:128]: mk_action(): ACTION type2, i/count 0/2: type 3(3)/ data 0x1
 0(1) DEBUG: <core> [core/route_struct.c:128]: mk_action(): ACTION type2, i/count 1/2: type 3(3)/ data 0x1
 0(1) DEBUG: <core> [core/route_struct.c:128]: mk_action(): ACTION type16, i/count 0/3: type 22(16)/ data 0x72ec243e7b38
 0(1) DEBUG: <core> [core/route_struct.c:128]: mk_action(): ACTION type16, i/count 1/3: type 8(8)/ data 0x72ec243e8350
 0(1) DEBUG: <core> [core/route_struct.c:128]: mk_action(): ACTION type16, i/count 2/3: type 0(0)/ data (nil)
 0(1) DEBUG: <core> [core/route_struct.c:128]: mk_action(): ACTION type24, i/count 0/2: type 9(9)/ data (nil)
 0(1) DEBUG: <core> [core/route_struct.c:128]: mk_action(): ACTION type24, i/count 1/2: type 3(3)/ data (nil)
 0(1) DEBUG: <core> [core/sr_module.c:722]: find_mod_export_record(): found export of <mf_process_maxfwd_header> in module maxfwd [/usr/lib/x86_64-linux-gnu/kamailio/modules/maxfwd.so]
 0(1) DEBUG: <core> [core/route_struct.c:128]: mk_action(): ACTION type24, i/count 0/2: type 9(9)/ data (nil)
 0(1) DEBUG: <core> [core/route_struct.c:128]: mk_action(): ACTION type24, i/count 1/2: type 3(3)/ data (nil)
 0(1) DEBUG: <core> [core/sr_module.c:722]: find_mod_export_record(): found export of <sl_send_reply> in module sl [/usr/lib/x86_64-linux-gnu/kamailio/modules/sl.so]
 0(1) DEBUG: <core> [core/route_struct.c:128]: mk_action(): ACTION type2, i/count 0/2: type 3(3)/ data 0x1
 0(1) DEBUG: <core> [core/route_struct.c:128]: mk_action(): ACTION type2, i/count 1/2: type 3(3)/ data 0x1
 0(1) DEBUG: <core> [core/route_struct.c:128]: mk_action(): ACTION type16, i/count 0/3: type 22(16)/ data 0x72ec243e9c38
 0(1) DEBUG: <core> [core/route_struct.c:128]: mk_action(): ACTION type16, i/count 1/3: type 8(8)/ data 0x72ec243ea368
 0(1) DEBUG: <core> [core/route_struct.c:128]: mk_action(): ACTION type16, i/count 2/3: type 0(0)/ data (nil)
 0(1) DEBUG: <core> [core/route.c:132]: route_add(): mapping routing block (0x5ac685f490c0)[REQINIT] to 1
 0(1) DEBUG: <core> [core/route_struct.c:128]: mk_action(): ACTION type24, i/count 0/2: type 9(9)/ data (nil)
 0(1) DEBUG: <core> [core/route_struct.c:128]: mk_action(): ACTION type24, i/count 1/2: type 3(3)/ data (nil)
 0(1) DEBUG: <core> [core/sr_module.c:722]: find_mod_export_record(): found export of <has_totag> in module siputils [/usr/lib/x86_64-linux-gnu/kamailio/modules/siputils.so]
 0(1) DEBUG: <core> [core/route_struct.c:128]: mk_action(): ACTION type2, i/count 0/2: type 3(3)/ data 0x1
 0(1) DEBUG: <core> [core/route_struct.c:128]: mk_action(): ACTION type2, i/count 1/2: type 3(3)/ data 0x2
 0(1) DEBUG: <core> [core/route_struct.c:128]: mk_action(): ACTION type16, i/count 0/3: type 22(16)/ data 0x72ec243eb640
 0(1) DEBUG: <core> [core/route_struct.c:128]: mk_action(): ACTION type16, i/count 1/3: type 8(8)/ data 0x72ec243ebd70
 0(1) DEBUG: <core> [core/route_struct.c:128]: mk_action(): ACTION type16, i/count 2/3: type 0(0)/ data (nil)
 0(1) DEBUG: <core> [core/route_struct.c:128]: mk_action(): ACTION type24, i/count 0/2: type 9(9)/ data (nil)
 0(1) DEBUG: <core> [core/route_struct.c:128]: mk_action(): ACTION type24, i/count 1/2: type 3(3)/ data (nil)
 0(1) DEBUG: <core> [core/sr_module.c:722]: find_mod_export_record(): found export of <loose_route> in module rr [/usr/lib/x86_64-linux-gnu/kamailio/modules/rr.so]
 0(1) DEBUG: <core> [core/route_struct.c:128]: mk_action(): ACTION type5, i/count 0/1: type 1(1)/ data 0x72ec243ec978
 0(1) DEBUG: <core> [core/route_struct.c:128]: mk_action(): ACTION type2, i/count 0/2: type 3(3)/ data 0x1
 0(1) DEBUG: <core> [core/route_struct.c:128]: mk_action(): ACTION type2, i/count 1/2: type 3(3)/ data 0x1
 0(1) DEBUG: <core> [core/route_struct.c:128]: mk_action(): ACTION type16, i/count 0/3: type 22(16)/ data 0x72ec243ec248
 0(1) DEBUG: <core> [core/route_struct.c:128]: mk_action(): ACTION type16, i/count 1/3: type 8(8)/ data 0x72ec243eca60
 0(1) DEBUG: <core> [core/route_struct.c:128]: mk_action(): ACTION type16, i/count 2/3: type 0(0)/ data (nil)
 0(1) DEBUG: <core> [core/route_struct.c:128]: mk_action(): ACTION type24, i/count 0/2: type 9(9)/ data (nil)
 0(1) DEBUG: <core> [core/route_struct.c:128]: mk_action(): ACTION type24, i/count 1/2: type 3(3)/ data (nil)
 0(1) DEBUG: <core> [core/sr_module.c:722]: find_mod_export_record(): found export of <is_method> in module textops [/usr/lib/x86_64-linux-gnu/kamailio/modules/textops.so]
 0(1) DEBUG: <core> [core/route_struct.c:128]: mk_action(): ACTION type24, i/count 0/2: type 9(9)/ data (nil)
 0(1) DEBUG: <core> [core/route_struct.c:128]: mk_action(): ACTION type24, i/count 1/2: type 3(3)/ data (nil)
 0(1) DEBUG: <core> [core/sr_module.c:722]: find_mod_export_record(): found export of <sl_send_reply> in module sl [/usr/lib/x86_64-linux-gnu/kamailio/modules/sl.so]
 0(1) DEBUG: <core> [core/route_struct.c:128]: mk_action(): ACTION type2, i/count 0/2: type 3(3)/ data 0x1
 0(1) DEBUG: <core> [core/route_struct.c:128]: mk_action(): ACTION type2, i/count 1/2: type 3(3)/ data 0x1
 0(1) DEBUG: <core> [core/route_struct.c:128]: mk_action(): ACTION type16, i/count 0/3: type 22(16)/ data 0x72ec243ed170
 0(1) DEBUG: <core> [core/route_struct.c:128]: mk_action(): ACTION type16, i/count 1/3: type 8(8)/ data 0x72ec243eda98
 0(1) DEBUG: <core> [core/route_struct.c:128]: mk_action(): ACTION type16, i/count 2/3: type 0(0)/ data (nil)
 0(1) DEBUG: <core> [core/route_struct.c:128]: mk_action(): ACTION type24, i/count 0/2: type 9(9)/ data (nil)
 0(1) DEBUG: <core> [core/route_struct.c:128]: mk_action(): ACTION type24, i/count 1/2: type 3(3)/ data (nil)
 0(1) DEBUG: <core> [core/sr_module.c:722]: find_mod_export_record(): found export of <is_method> in module textops [/usr/lib/x86_64-linux-gnu/kamailio/modules/textops.so]
 0(1) DEBUG: <core> [core/route_struct.c:128]: mk_action(): ACTION type2, i/count 0/2: type 3(3)/ data 0x1
 0(1) DEBUG: <core> [core/route_struct.c:128]: mk_action(): ACTION type2, i/count 1/2: type 3(3)/ data 0x1
 0(1) DEBUG: <core> [core/route_struct.c:128]: mk_action(): ACTION type16, i/count 0/3: type 22(16)/ data 0x72ec243ee558
 0(1) DEBUG: <core> [core/route_struct.c:128]: mk_action(): ACTION type16, i/count 1/3: type 8(8)/ data 0x72ec243eed70
 0(1) DEBUG: <core> [core/route_struct.c:128]: mk_action(): ACTION type16, i/count 2/3: type 0(0)/ data (nil)
 0(1) DEBUG: <core> [core/route_struct.c:128]: mk_action(): ACTION type24, i/count 0/2: type 9(9)/ data (nil)
 0(1) DEBUG: <core> [core/route_struct.c:128]: mk_action(): ACTION type24, i/count 1/2: type 3(3)/ data (nil)
 0(1) DEBUG: <core> [core/sr_module.c:722]: find_mod_export_record(): found export of <sl_send_reply> in module sl [/usr/lib/x86_64-linux-gnu/kamailio/modules/sl.so]
 0(1) DEBUG: <core> [core/route_struct.c:128]: mk_action(): ACTION type2, i/count 0/2: type 3(3)/ data 0x1
 0(1) DEBUG: <core> [core/route_struct.c:128]: mk_action(): ACTION type2, i/count 1/2: type 3(3)/ data 0x1
 0(1) DEBUG: <core> [core/route.c:132]: route_add(): mapping routing block (0x5ac685f490c0)[WITHINDLG] to 2
 0(1) DEBUG: <core> [core/route_struct.c:128]: mk_action(): ACTION type24, i/count 0/2: type 9(9)/ data (nil)
 0(1) DEBUG: <core> [core/route_struct.c:128]: mk_action(): ACTION type24, i/count 1/2: type 3(3)/ data (nil)
 0(1) DEBUG: <core> [core/sr_module.c:722]: find_mod_export_record(): found export of <is_method> in module textops [/usr/lib/x86_64-linux-gnu/kamailio/modules/textops.so]
 0(1) DEBUG: <core> [core/route_struct.c:128]: mk_action(): ACTION type2, i/count 0/2: type 3(3)/ data 0x1
 0(1) DEBUG: <core> [core/route_struct.c:128]: mk_action(): ACTION type2, i/count 1/2: type 3(3)/ data 0x2
 0(1) DEBUG: <core> [core/route_struct.c:128]: mk_action(): ACTION type16, i/count 0/3: type 22(16)/ data 0x72ec243f0360
 0(1) DEBUG: <core> [core/route_struct.c:128]: mk_action(): ACTION type16, i/count 1/3: type 8(8)/ data 0x72ec243f0a90
 0(1) DEBUG: <core> [core/route_struct.c:128]: mk_action(): ACTION type16, i/count 2/3: type 0(0)/ data (nil)
 0(1) DEBUG: <core> [core/route_struct.c:128]: mk_action(): ACTION type24, i/count 0/2: type 9(9)/ data (nil)
 0(1) DEBUG: <core> [core/route_struct.c:128]: mk_action(): ACTION type24, i/count 1/2: type 3(3)/ data (nil)
 0(1) DEBUG: <core> [core/sr_module.c:722]: find_mod_export_record(): found export of <nat_uac_test> in module nathelper [/usr/lib/x86_64-linux-gnu/kamailio/modules/nathelper.so]
 0(1) DEBUG: <core> [core/route_struct.c:128]: mk_action(): ACTION type24, i/count 0/2: type 9(9)/ data (nil)
 0(1) DEBUG: <core> [core/route_struct.c:128]: mk_action(): ACTION type24, i/count 1/2: type 3(3)/ data (nil)
 0(1) DEBUG: <core> [core/sr_module.c:722]: find_mod_export_record(): found export of <fix_nated_register> in module nathelper [/usr/lib/x86_64-linux-gnu/kamailio/modules/nathelper.so]
 0(1) DEBUG: <core> [core/route_struct.c:128]: mk_action(): ACTION type16, i/count 0/3: type 22(16)/ data 0x72ec243f1780
 0(1) DEBUG: <core> [core/route_struct.c:128]: mk_action(): ACTION type16, i/count 1/3: type 8(8)/ data 0x72ec243f1f98
 0(1) DEBUG: <core> [core/route_struct.c:128]: mk_action(): ACTION type16, i/count 2/3: type 0(0)/ data (nil)
 0(1) DEBUG: <core> [core/route_struct.c:128]: mk_action(): ACTION type24, i/count 0/2: type 9(9)/ data (nil)
 0(1) DEBUG: <core> [core/route_struct.c:128]: mk_action(): ACTION type24, i/count 1/2: type 3(3)/ data (nil)
 0(1) DEBUG: <core> [core/sr_module.c:722]: find_mod_export_record(): found export of <save> in module registrar [/usr/lib/x86_64-linux-gnu/kamailio/modules/registrar.so]
 0(1) DEBUG: <core> [core/route_struct.c:128]: mk_action(): ACTION type24, i/count 0/2: type 9(9)/ data (nil)
 0(1) DEBUG: <core> [core/route_struct.c:128]: mk_action(): ACTION type24, i/count 1/2: type 3(3)/ data (nil)
 0(1) DEBUG: <core> [core/sr_module.c:722]: find_mod_export_record(): found export of <sl_reply_error> in module sl [/usr/lib/x86_64-linux-gnu/kamailio/modules/sl.so]
 0(1) DEBUG: <core> [core/route_struct.c:128]: mk_action(): ACTION type16, i/count 0/3: type 22(16)/ data 0x72ec243f2d00
 0(1) DEBUG: <core> [core/route_struct.c:128]: mk_action(): ACTION type16, i/count 1/3: type 8(8)/ data 0x72ec243f3518
 0(1) DEBUG: <core> [core/route_struct.c:128]: mk_action(): ACTION type16, i/count 2/3: type 0(0)/ data (nil)
 0(1) DEBUG: <core> [core/route_struct.c:128]: mk_action(): ACTION type24, i/count 0/2: type 9(9)/ data (nil)
 0(1) DEBUG: <core> [core/route_struct.c:128]: mk_action(): ACTION type24, i/count 1/2: type 3(3)/ data (nil)
 0(1) DEBUG: <core> [core/sr_module.c:722]: find_mod_export_record(): found export of <xlog> in module xlog [/usr/lib/x86_64-linux-gnu/kamailio/modules/xlog.so]
 0(1) DEBUG: <core> [core/route_struct.c:128]: mk_action(): ACTION type2, i/count 0/2: type 3(3)/ data 0x1
 0(1) DEBUG: <core> [core/route_struct.c:128]: mk_action(): ACTION type2, i/count 1/2: type 3(3)/ data 0x1
 0(1) DEBUG: <core> [core/route.c:132]: route_add(): mapping routing block (0x5ac685f490c0)[REGISTRAR] to 3
 0(1) DEBUG: <core> [core/route_struct.c:128]: mk_action(): ACTION type24, i/count 0/2: type 9(9)/ data (nil)
 0(1) DEBUG: <core> [core/route_struct.c:128]: mk_action(): ACTION type24, i/count 1/2: type 3(3)/ data (nil)
 0(1) DEBUG: <core> [core/sr_module.c:722]: find_mod_export_record(): found export of <lookup> in module registrar [/usr/lib/x86_64-linux-gnu/kamailio/modules/registrar.so]
 0(1) DEBUG: <core> [core/pvapi.c:335]: pv_cache_add(): PV cache not initialized, doing it now
 0(1) DEBUG: <core> [core/pvapi.c:371]: pv_cache_add(): pvar [$var(rc)] added in cache
 0(1) DEBUG: <core> [core/pvapi.c:371]: pv_cache_add(): pvar [$rc] added in cache
 0(1) DEBUG: <core> [core/route_struct.c:128]: mk_action(): ACTION type63, i/count 0/2: type 21(15)/ data 0x72ec243f5540
 0(1) DEBUG: <core> [core/route_struct.c:128]: mk_action(): ACTION type63, i/count 1/2: type 22(16)/ data 0x72ec243f56b8
 0(1) DEBUG: <core> [core/pvapi.c:398]: pv_cache_lookup(): pvar [$var(rc)] found in cache
 0(1) DEBUG: <core> [core/pvapi.c:398]: pv_cache_lookup(): pvar [$var(rc)] found in cache
 0(1) DEBUG: <core> [core/route_struct.c:128]: mk_action(): ACTION type24, i/count 0/2: type 9(9)/ data (nil)
 0(1) DEBUG: <core> [core/route_struct.c:128]: mk_action(): ACTION type24, i/count 1/2: type 3(3)/ data (nil)
 0(1) DEBUG: <core> [core/sr_module.c:722]: find_mod_export_record(): found export of <t_newtran> in module tm [/usr/lib/x86_64-linux-gnu/kamailio/modules/tm.so]
 0(1) DEBUG: <core> [core/route_struct.c:128]: mk_action(): ACTION type24, i/count 0/2: type 9(9)/ data (nil)
 0(1) DEBUG: <core> [core/route_struct.c:128]: mk_action(): ACTION type24, i/count 1/2: type 3(3)/ data (nil)
 0(1) DEBUG: <core> [core/sr_module.c:722]: find_mod_export_record(): found export of <t_reply> in module tm [/usr/lib/x86_64-linux-gnu/kamailio/modules/tm.so]
 0(1) DEBUG: <core> [core/route_struct.c:128]: mk_action(): ACTION type2, i/count 0/2: type 3(3)/ data 0x1
 0(1) DEBUG: <core> [core/route_struct.c:128]: mk_action(): ACTION type2, i/count 1/2: type 3(3)/ data 0x1
 0(1) DEBUG: <core> [core/route_struct.c:128]: mk_action(): ACTION type16, i/count 0/3: type 22(16)/ data 0x72ec243f8c28
 0(1) DEBUG: <core> [core/route_struct.c:128]: mk_action(): ACTION type16, i/count 1/3: type 8(8)/ data 0x72ec243f9440
 0(1) DEBUG: <core> [core/route_struct.c:128]: mk_action(): ACTION type16, i/count 2/3: type 0(0)/ data (nil)
 0(1) DEBUG: <core> [core/pvapi.c:398]: pv_cache_lookup(): pvar [$var(rc)] found in cache
 0(1) DEBUG: <core> [core/route_struct.c:128]: mk_action(): ACTION type24, i/count 0/2: type 9(9)/ data (nil)
 0(1) DEBUG: <core> [core/route_struct.c:128]: mk_action(): ACTION type24, i/count 1/2: type 3(3)/ data (nil)
 0(1) DEBUG: <core> [core/sr_module.c:722]: find_mod_export_record(): found export of <sl_send_reply> in module sl [/usr/lib/x86_64-linux-gnu/kamailio/modules/sl.so]
 0(1) DEBUG: <core> [core/route_struct.c:128]: mk_action(): ACTION type2, i/count 0/2: type 3(3)/ data 0x1
 0(1) DEBUG: <core> [core/route_struct.c:128]: mk_action(): ACTION type2, i/count 1/2: type 3(3)/ data 0x1
 0(1) DEBUG: <core> [core/route_struct.c:128]: mk_action(): ACTION type16, i/count 0/3: type 22(16)/ data 0x72ec243fb080
 0(1) DEBUG: <core> [core/route_struct.c:128]: mk_action(): ACTION type16, i/count 1/3: type 8(8)/ data 0x72ec243f9d98
 0(1) DEBUG: <core> [core/route_struct.c:128]: mk_action(): ACTION type16, i/count 2/3: type 0(0)/ data (nil)
 0(1) DEBUG: <core> [core/route_struct.c:128]: mk_action(): ACTION type16, i/count 0/3: type 22(16)/ data 0x72ec243f4ba0
 0(1) DEBUG: <core> [core/route_struct.c:128]: mk_action(): ACTION type16, i/count 1/3: type 8(8)/ data 0x72ec243f5de8
 0(1) DEBUG: <core> [core/route_struct.c:128]: mk_action(): ACTION type16, i/count 2/3: type 0(0)/ data (nil)
 0(1) DEBUG: <core> [core/route_struct.c:128]: mk_action(): ACTION type5, i/count 0/1: type 1(1)/ data 0x72ec243fbc18
 0(1) DEBUG: <core> [core/route.c:132]: route_add(): mapping routing block (0x5ac685f490c0)[LOCATION] to 4
 0(1) DEBUG: <core> [core/route_struct.c:128]: mk_action(): ACTION type24, i/count 0/2: type 9(9)/ data (nil)
 0(1) DEBUG: <core> [core/route_struct.c:128]: mk_action(): ACTION type24, i/count 1/2: type 3(3)/ data (nil)
 0(1) DEBUG: <core> [core/sr_module.c:722]: find_mod_export_record(): found export of <is_method> in module textops [/usr/lib/x86_64-linux-gnu/kamailio/modules/textops.so]
 0(1) DEBUG: <core> [core/route_struct.c:128]: mk_action(): ACTION type24, i/count 0/2: type 9(9)/ data (nil)
 0(1) DEBUG: <core> [core/route_struct.c:128]: mk_action(): ACTION type24, i/count 1/2: type 3(3)/ data (nil)
 0(1) DEBUG: <core> [core/sr_module.c:722]: find_mod_export_record(): found export of <rtpengine_manage> in module rtpengine [/usr/lib/x86_64-linux-gnu/kamailio/modules/rtpengine.so]
 0(1) DEBUG: <core> [core/route_struct.c:128]: mk_action(): ACTION type16, i/count 0/3: type 22(16)/ data 0x72ec243fc850
 0(1) DEBUG: <core> [core/route_struct.c:128]: mk_action(): ACTION type16, i/count 1/3: type 8(8)/ data 0x72ec243fcf80
 0(1) DEBUG: <core> [core/route_struct.c:128]: mk_action(): ACTION type16, i/count 2/3: type 0(0)/ data (nil)
 0(1) DEBUG: <core> [core/route_struct.c:128]: mk_action(): ACTION type24, i/count 0/2: type 9(9)/ data (nil)
 0(1) DEBUG: <core> [core/route_struct.c:128]: mk_action(): ACTION type24, i/count 1/2: type 3(3)/ data (nil)
 0(1) DEBUG: <core> [core/sr_module.c:722]: find_mod_export_record(): found export of <is_method> in module textops [/usr/lib/x86_64-linux-gnu/kamailio/modules/textops.so]
 0(1) DEBUG: <core> [core/route_struct.c:128]: mk_action(): ACTION type24, i/count 0/2: type 9(9)/ data (nil)
 0(1) DEBUG: <core> [core/route_struct.c:128]: mk_action(): ACTION type24, i/count 1/2: type 3(3)/ data (nil)
 0(1) DEBUG: <core> [core/sr_module.c:722]: find_mod_export_record(): found export of <rtpengine_manage> in module rtpengine [/usr/lib/x86_64-linux-gnu/kamailio/modules/rtpengine.so]
 0(1) DEBUG: <core> [core/route_struct.c:128]: mk_action(): ACTION type16, i/count 0/3: type 22(16)/ data 0x72ec243fdd08
 0(1) DEBUG: <core> [core/route_struct.c:128]: mk_action(): ACTION type16, i/count 1/3: type 8(8)/ data 0x72ec243fe590
 0(1) DEBUG: <core> [core/route_struct.c:128]: mk_action(): ACTION type16, i/count 2/3: type 0(0)/ data (nil)
 0(1) DEBUG: <core> [core/route_struct.c:128]: mk_action(): ACTION type24, i/count 0/2: type 9(9)/ data (nil)
 0(1) DEBUG: <core> [core/route_struct.c:128]: mk_action(): ACTION type24, i/count 1/2: type 3(3)/ data (nil)
 0(1) DEBUG: <core> [core/sr_module.c:722]: find_mod_export_record(): found export of <t_relay> in module tm [/usr/lib/x86_64-linux-gnu/kamailio/modules/tm.so]
 0(1) DEBUG: <core> [core/route_struct.c:128]: mk_action(): ACTION type24, i/count 0/2: type 9(9)/ data (nil)
 0(1) DEBUG: <core> [core/route_struct.c:128]: mk_action(): ACTION type24, i/count 1/2: type 3(3)/ data (nil)
 0(1) DEBUG: <core> [core/sr_module.c:722]: find_mod_export_record(): found export of <sl_reply_error> in module sl [/usr/lib/x86_64-linux-gnu/kamailio/modules/sl.so]
 0(1) DEBUG: <core> [core/route_struct.c:128]: mk_action(): ACTION type16, i/count 0/3: type 22(16)/ data 0x72ec243ff9b0
 0(1) DEBUG: <core> [core/route_struct.c:128]: mk_action(): ACTION type16, i/count 1/3: type 8(8)/ data 0x72ec244001c8
 0(1) DEBUG: <core> [core/route_struct.c:128]: mk_action(): ACTION type16, i/count 2/3: type 0(0)/ data (nil)
 0(1) DEBUG: <core> [core/route_struct.c:128]: mk_action(): ACTION type2, i/count 0/2: type 3(3)/ data 0x1
 0(1) DEBUG: <core> [core/route_struct.c:128]: mk_action(): ACTION type2, i/count 1/2: type 3(3)/ data 0x1
 0(1) DEBUG: <core> [core/route.c:132]: route_add(): mapping routing block (0x5ac685f490c0)[RELAY] to 5
 0(1) DEBUG: <core> [core/route_struct.c:128]: mk_action(): ACTION type24, i/count 0/2: type 9(9)/ data (nil)
 0(1) DEBUG: <core> [core/route_struct.c:128]: mk_action(): ACTION type24, i/count 1/2: type 3(3)/ data (nil)
 0(1) DEBUG: <core> [core/sr_module.c:722]: find_mod_export_record(): found export of <nat_uac_test> in module nathelper [/usr/lib/x86_64-linux-gnu/kamailio/modules/nathelper.so]
 0(1) DEBUG: <core> [core/route_struct.c:128]: mk_action(): ACTION type24, i/count 0/2: type 9(9)/ data (nil)
 0(1) DEBUG: <core> [core/route_struct.c:128]: mk_action(): ACTION type24, i/count 1/2: type 3(3)/ data (nil)
 0(1) DEBUG: <core> [core/sr_module.c:722]: find_mod_export_record(): found export of <fix_nated_contact> in module nathelper [/usr/lib/x86_64-linux-gnu/kamailio/modules/nathelper.so]
 0(1) DEBUG: <core> [core/route_struct.c:128]: mk_action(): ACTION type16, i/count 0/3: type 22(16)/ data 0x72ec24402170
 0(1) DEBUG: <core> [core/route_struct.c:128]: mk_action(): ACTION type16, i/count 1/3: type 8(8)/ data 0x72ec24402988
 0(1) DEBUG: <core> [core/route_struct.c:128]: mk_action(): ACTION type16, i/count 2/3: type 0(0)/ data (nil)
 0(1) DEBUG: <core> [core/route_struct.c:128]: mk_action(): ACTION type24, i/count 0/2: type 9(9)/ data (nil)
 0(1) DEBUG: <core> [core/route_struct.c:128]: mk_action(): ACTION type24, i/count 1/2: type 3(3)/ data (nil)
 0(1) DEBUG: <core> [core/sr_module.c:722]: find_mod_export_record(): found export of <has_body> in module textops [/usr/lib/x86_64-linux-gnu/kamailio/modules/textops.so]
 0(1) DEBUG: <core> [core/route_struct.c:128]: mk_action(): ACTION type24, i/count 0/2: type 9(9)/ data (nil)
 0(1) DEBUG: <core> [core/route_struct.c:128]: mk_action(): ACTION type24, i/count 1/2: type 3(3)/ data (nil)
 0(1) DEBUG: <core> [core/sr_module.c:722]: find_mod_export_record(): found export of <rtpengine_manage> in module rtpengine [/usr/lib/x86_64-linux-gnu/kamailio/modules/rtpengine.so]
 0(1) DEBUG: <core> [core/route_struct.c:128]: mk_action(): ACTION type16, i/count 0/3: type 22(16)/ data 0x72ec24402f48
 0(1) DEBUG: <core> [core/route_struct.c:128]: mk_action(): ACTION type16, i/count 1/3: type 8(8)/ data 0x72ec24403850
 0(1) DEBUG: <core> [core/route_struct.c:128]: mk_action(): ACTION type16, i/count 2/3: type 0(0)/ data (nil)
 0(1) DEBUG: <core> [core/route_struct.c:128]: mk_action(): ACTION type16, i/count 0/3: type 22(16)/ data 0x72ec24400f80
 0(1) DEBUG: <core> [core/route_struct.c:128]: mk_action(): ACTION type16, i/count 1/3: type 8(8)/ data 0x72ec24402ad8
 0(1) DEBUG: <core> [core/route_struct.c:128]: mk_action(): ACTION type16, i/count 2/3: type 0(0)/ data (nil)
 0(1) DEBUG: <core> [core/route_struct.c:128]: mk_action(): ACTION type24, i/count 0/2: type 9(9)/ data (nil)
 0(1) DEBUG: <core> [core/route_struct.c:128]: mk_action(): ACTION type24, i/count 1/2: type 3(3)/ data (nil)
 0(1) DEBUG: <core> [core/sr_module.c:722]: find_mod_export_record(): found export of <t_is_canceled> in module tm [/usr/lib/x86_64-linux-gnu/kamailio/modules/tm.so]
 0(1) DEBUG: <core> [core/route_struct.c:128]: mk_action(): ACTION type2, i/count 0/2: type 3(3)/ data 0x1
 0(1) DEBUG: <core> [core/route_struct.c:128]: mk_action(): ACTION type2, i/count 1/2: type 3(3)/ data 0x1
 0(1) DEBUG: <core> [core/route_struct.c:128]: mk_action(): ACTION type16, i/count 0/3: type 22(16)/ data 0x72ec24404810
 0(1) DEBUG: <core> [core/route_struct.c:128]: mk_action(): ACTION type16, i/count 1/3: type 8(8)/ data 0x72ec24404f40
 0(1) DEBUG: <core> [core/route_struct.c:128]: mk_action(): ACTION type16, i/count 2/3: type 0(0)/ data (nil)
 0(1) DEBUG: <core> [core/route.c:132]: route_add(): mapping routing block (0x5ac685f49080)[MANAGE_FAILURE] to 1
 0(1) DEBUG: <core> [core/ppcfg.c:265]: pp_ifdef_level_check(): same number of pairing preprocessor directives #!IF[N]DEF - #!ENDIF
 0(1) DEBUG: <core> [core/route.c:132]: route_add(): mapping routing block (0x5ac685f49020)[core:receive-parse-error] to 1
 0(1) INFO: <core> [core/sctp_core.c:74]: sctp_core_check_support(): SCTP API not enabled - if you want to use it, load sctp module
 0(1) DEBUG: <core> [core/name_alias.h:62]: grep_aliases(): matching (1:e7fab9f716f5:5060) vs. (0:kamailio:0)
 0(1) WARNING: <core> [core/socket_info.c:1702]: fix_hostname(): could not rev. resolve 0.0.0.0
 0(1) DEBUG: <core> [core/socket_info.c:810]: ksr_sockets_index(): number of listen sockets: 0
 0(1) DEBUG: <core> [core/mem/pkg.c:109]: pkg_print_manager(): pkg - using memory manager: q_malloc
 0(1) DEBUG: <core> [core/mem/shm.c:301]: shm_print_manager(): shm - using memory manager: q_malloc
 0(1) DEBUG: <core> [core/cfg/cfg.c:173]: cfg_declare(): new config group has been registered: 'core' (num=58, size=232)
 0(1) DEBUG: <core> [core/cfg/cfg.c:173]: cfg_declare(): new config group has been registered: 'tcp' (num=28, size=112)
 0(1) DEBUG: <core> [core/timer.c:239]: init_timer(): starting with *ticks=2107935796
 0(1) DEBUG: <core> [core/timer.c:280]: init_timer(): timer_list between 0x72ec1fe6eb60 and 0x72ec1feb2b60
 0(1) DEBUG: <core> [core/pt.c:139]: register_procs(): registering new processes: 0 (old) + 1 (new) = 1 (total)
 0(1) INFO: <core> [core/tcp_main.c:5073]: init_tcp(): using epoll_lt as the io watch method (auto detected)
 0(1) DEBUG: <core> [core/daemonize.c:207]: enable_dumpable(): trying enable core dumping...
 0(1) DEBUG: <core> [core/daemonize.c:224]: enable_dumpable(): core dumping is enabled now (1)...
 0(1) DEBUG: <core> [core/daemonize.c:583]: set_core_dump(): core dump limits set to 18446744073709551615
 0(1) DEBUG: <core> [core/async_task.c:146]: async_task_init(): start initializing asynk task framework
 0(1) DEBUG: <core> [core/sr_module.c:969]: init_mod(): tm
Listening on 
             udp: 10.100.0.10:5060
             udp: 0.0.0.0:5060
Aliases: 
             udp: e7fab9f716f5:5060
             *: kamailio:*

 0(1) DEBUG: tm [tm.c:718]: mod_init(): TM - (sizeof cell=624, sip_msg=2008) initializing...
 0(1) DEBUG: <core> [core/utils/sruid.c:121]: sruid_init(): root for sruid is [tmrp-6a67c949-1-] (0 / 16)
 0(1) DEBUG: tm [callid.c:105]: init_callid(): Call-ID initialization: '32c3f3c03ef5a3b7'
 0(1) DEBUG: tm [lock.c:66]: lock_initialize(): lock initialization started
 0(1) DEBUG: tm [timer.c:195]: tm_init_timers(): tm init timers - fr=480 fr_inv=1920 wait=80 t1=500 t2=4000 max_inv_lifetime=2880 max_noninv_lifetime=512
 0(1) WARNING: tm [tm.c:784]: mod_init(): reparse_on_dns_failover is enabled on a multihomed host -- check the readme of tm module!
 0(1) DEBUG: <core> [core/cfg/cfg.c:173]: cfg_declare(): new config group has been registered: 'tm' (num=38, size=176)
 0(1) DEBUG: <core> [core/crypto/md5utils.c:67]: MD5StringArray(): MD5 calculated: f36c7d2926ed3cd2d8b9dbfb7c585cdf
 0(1) DEBUG: <core> [core/crypto/md5utils.c:67]: MD5StringArray(): MD5 calculated: d383f1e7e80df77631edd1a4b300adf0
 0(1) DEBUG: <core> [core/sr_module.c:969]: init_mod(): tmx
 0(1) DEBUG: <core> [core/sr_module.c:722]: find_mod_export_record(): found export of <load_tm> in module tm [/usr/lib/x86_64-linux-gnu/kamailio/modules/tm.so]
 0(1) DEBUG: <core> [core/sr_module.c:722]: find_mod_export_record(): found export of <t_newtran> in module tm [/usr/lib/x86_64-linux-gnu/kamailio/modules/tm.so]
 0(1) DEBUG: <core> [core/sr_module.c:722]: find_mod_export_record(): found export of <t_relay_to_tcp> in module tm [/usr/lib/x86_64-linux-gnu/kamailio/modules/tm.so]
 0(1) DEBUG: <core> [core/sr_module.c:722]: find_mod_export_record(): found export of <t_relay_to_udp> in module tm [/usr/lib/x86_64-linux-gnu/kamailio/modules/tm.so]
 0(1) DEBUG: <core> [core/sr_module.c:722]: find_mod_export_record(): found export of <t_relay> in module tm [/usr/lib/x86_64-linux-gnu/kamailio/modules/tm.so]
 0(1) DEBUG: <core> [core/sr_module.c:722]: find_mod_export_record(): found export of <t_forward_nonack> in module tm [/usr/lib/x86_64-linux-gnu/kamailio/modules/tm.so]
 0(1) DEBUG: <core> [core/sr_module.c:722]: find_mod_export_record(): found export of <t_release> in module tm [/usr/lib/x86_64-linux-gnu/kamailio/modules/tm.so]
 0(1) DEBUG: <core> [core/sr_module.c:969]: init_mod(): sl
 0(1) DEBUG: <core> [core/crypto/md5utils.c:67]: MD5StringArray(): MD5 calculated: 83abd07fbff5ad763b80a6520c80a1ac
 0(1) DEBUG: <core> [core/sr_module.c:722]: find_mod_export_record(): found export of <load_tm> in module tm [/usr/lib/x86_64-linux-gnu/kamailio/modules/tm.so]
 0(1) DEBUG: <core> [core/sr_module.c:722]: find_mod_export_record(): found export of <t_newtran> in module tm [/usr/lib/x86_64-linux-gnu/kamailio/modules/tm.so]
 0(1) DEBUG: <core> [core/sr_module.c:722]: find_mod_export_record(): found export of <t_relay_to_tcp> in module tm [/usr/lib/x86_64-linux-gnu/kamailio/modules/tm.so]
 0(1) DEBUG: <core> [core/sr_module.c:722]: find_mod_export_record(): found export of <t_relay_to_udp> in module tm [/usr/lib/x86_64-linux-gnu/kamailio/modules/tm.so]
 0(1) DEBUG: <core> [core/sr_module.c:722]: find_mod_export_record(): found export of <t_relay> in module tm [/usr/lib/x86_64-linux-gnu/kamailio/modules/tm.so]
 0(1) DEBUG: <core> [core/sr_module.c:722]: find_mod_export_record(): found export of <t_forward_nonack> in module tm [/usr/lib/x86_64-linux-gnu/kamailio/modules/tm.so]
 0(1) DEBUG: <core> [core/sr_module.c:722]: find_mod_export_record(): found export of <t_release> in module tm [/usr/lib/x86_64-linux-gnu/kamailio/modules/tm.so]
 0(1) DEBUG: <core> [core/sr_module.c:969]: init_mod(): rr
 0(1) DEBUG: <core> [core/sr_module.c:728]: find_mod_export_record(): export of <bind_ob> not found (flags 0)
 0(1) INFO: rr [../outbound/api.h:52]: ob_load_api(): unable to import bind_ob - maybe module is not loaded
 0(1) INFO: rr [rr_mod.c:188]: mod_init(): outbound module not available
 0(1) DEBUG: <core> [core/sr_module.c:969]: init_mod(): pv
 0(1) DEBUG: <core> [core/sr_module.c:969]: init_mod(): maxfwd
 0(1) DEBUG: <core> [core/cfg/cfg.c:173]: cfg_declare(): new config group has been registered: 'maxfwd' (num=1, size=4)
 0(1) DEBUG: <core> [core/sr_module.c:969]: init_mod(): usrloc
 0(1) DEBUG: <core> [core/utils/sruid.c:121]: sruid_init(): root for sruid is [ulcx-6a67c949-1-] (0 / 16)
 0(1) DEBUG: <core> [core/sr_module.c:969]: init_mod(): registrar
 0(1) DEBUG: <core> [core/utils/sruid.c:121]: sruid_init(): root for sruid is [uloc-6a67c949-1-] (0 / 16)
 0(1) DEBUG: <core> [core/sr_module.c:722]: find_mod_export_record(): found export of <bind_sl> in module sl [/usr/lib/x86_64-linux-gnu/kamailio/modules/sl.so]
 0(1) DEBUG: <core> [core/cfg/cfg.c:173]: cfg_declare(): new config group has been registered: 'registrar' (num=12, size=64)
 0(1) DEBUG: <core> [core/usr_avp.c:888]: parse_avp_ident(): Parsing 'RECEIVED'
 0(1) DEBUG: <core> [core/sr_module.c:722]: find_mod_export_record(): found export of <ul_bind_usrloc> in module usrloc [/usr/lib/x86_64-linux-gnu/kamailio/modules/usrloc.so]
 0(1) DEBUG: <core> [core/sr_module.c:969]: init_mod(): textops
 0(1) DEBUG: <core> [core/sr_module.c:969]: init_mod(): siputils
 0(1) DEBUG: <core> [core/sr_module.c:722]: find_mod_export_record(): found export of <bind_sl> in module sl [/usr/lib/x86_64-linux-gnu/kamailio/modules/sl.so]
 0(1) DEBUG: <core> [core/usr_avp.c:888]: parse_avp_ident(): Parsing 's:rpid'
 0(1) DEBUG: <core> [core/cfg/cfg.c:173]: cfg_declare(): new config group has been registered: 'siputils' (num=1, size=4)
 0(1) DEBUG: <core> [core/sr_module.c:969]: init_mod(): xlog
 0(1) DEBUG: <core> [core/cfg/cfg.c:173]: cfg_declare(): new config group has been registered: 'xlog' (num=1, size=4)
 0(1) DEBUG: <core> [core/sr_module.c:969]: init_mod(): sanity
 0(1) DEBUG: sanity [sanity_mod.c:103]: mod_init(): sanity initializing
 0(1) DEBUG: <core> [core/sr_module.c:722]: find_mod_export_record(): found export of <bind_sl> in module sl [/usr/lib/x86_64-linux-gnu/kamailio/modules/sl.so]
 0(1) DEBUG: sanity [sanity_mod.c:113]: mod_init(): parsing proxy requires string:
 0(1) DEBUG: sanity [sanity.c:178]: parse_str_list(): list is empty
 0(1) DEBUG: <core> [core/sr_module.c:969]: init_mod(): ctl
 0(1) DEBUG: ctl [ctl.c:250]: mod_init(): listening on:
 0(1) DEBUG: ctl [ctl.c:259]: mod_init():         [binrpc:unix stream] /var/run/kamailio//kamailio_ctl
 0(1) DEBUG: <core> [core/pt.c:139]: register_procs(): registering new processes: 1 (old) + 1 (new) = 2 (total)
 0(1) DEBUG: <core> [core/sr_module.c:969]: init_mod(): rtpengine
 0(1) DEBUG: <core> [core/sr_module.c:722]: find_mod_export_record(): found export of <load_tm> in module tm [/usr/lib/x86_64-linux-gnu/kamailio/modules/tm.so]
 0(1) DEBUG: <core> [core/sr_module.c:722]: find_mod_export_record(): found export of <t_newtran> in module tm [/usr/lib/x86_64-linux-gnu/kamailio/modules/tm.so]
 0(1) DEBUG: <core> [core/sr_module.c:722]: find_mod_export_record(): found export of <t_relay_to_tcp> in module tm [/usr/lib/x86_64-linux-gnu/kamailio/modules/tm.so]
 0(1) DEBUG: <core> [core/sr_module.c:722]: find_mod_export_record(): found export of <t_relay_to_udp> in module tm [/usr/lib/x86_64-linux-gnu/kamailio/modules/tm.so]
 0(1) DEBUG: <core> [core/sr_module.c:722]: find_mod_export_record(): found export of <t_relay> in module tm [/usr/lib/x86_64-linux-gnu/kamailio/modules/tm.so]
 0(1) DEBUG: <core> [core/sr_module.c:722]: find_mod_export_record(): found export of <t_forward_nonack> in module tm [/usr/lib/x86_64-linux-gnu/kamailio/modules/tm.so]
 0(1) DEBUG: <core> [core/sr_module.c:722]: find_mod_export_record(): found export of <t_release> in module tm [/usr/lib/x86_64-linux-gnu/kamailio/modules/tm.so]
 0(1) DEBUG: rtpengine [rtpengine_hash.c:55]: rtpengine_hash_table_init(): rtpengine_hash_table size = 256
 0(1) DEBUG: rtpengine [rtpengine.c:1809]: mod_init(): rtpengine_hash_table_init(256) success!
 0(1) DEBUG: rtpengine [rtpengine.c:1817]: mod_init(): Default rtpp set 0 found
 0(1) DEBUG: <core> [core/cfg/cfg.c:173]: cfg_declare(): new config group has been registered: 'rtpengine' (num=5, size=20)
 0(1) DEBUG: <core> [core/sr_module.c:969]: init_mod(): nathelper
 0(1) DEBUG: <core> [core/usr_avp.c:888]: parse_avp_ident(): Parsing 'RECEIVED'
 0(1) DEBUG: <core> [core/pt.c:100]: init_pt(): registering new processes: 2 (old) + 12 (new) = 14 (total)
 0(1) INFO: <core> [main.c:3055]: main(): processes (at least): 14 - shm size: 67108864 - pkg size: 8388608
 0(1) DEBUG: <core> [core/rvalue.c:2979]: fix_rval(): RV fixing type 4
 0(1) DEBUG: <core> [core/route.c:888]: fix_actions(): fixing is_method()
 0(1) DEBUG: textops [textops.c:3963]: fixup_method(): using id for method [CANCEL/2]
 0(1) DEBUG: <core> [core/rvalue.c:2979]: fix_rval(): RV fixing type 4
 0(1) DEBUG: <core> [core/route.c:888]: fix_actions(): fixing t_check_trans()
 0(1) DEBUG: <core> [core/route.c:888]: fix_actions(): fixing t_relay()
 0(1) DEBUG: <core> [core/rvalue.c:2979]: fix_rval(): RV fixing type 4
 0(1) DEBUG: <core> [core/route.c:888]: fix_actions(): fixing is_method()
 0(1) DEBUG: textops [textops.c:3963]: fixup_method(): using id for method [ACK/4]
 0(1) DEBUG: <core> [core/rvalue.c:2979]: fix_rval(): RV fixing type 4
 0(1) DEBUG: <core> [core/route.c:888]: fix_actions(): fixing t_precheck_trans()
 0(1) DEBUG: <core> [core/route.c:888]: fix_actions(): fixing t_check_trans()
 0(1) DEBUG: <core> [core/route.c:888]: fix_actions(): fixing t_check_trans()
 0(1) DEBUG: <core> [core/rvalue.c:2979]: fix_rval(): RV fixing type 4
 0(1) DEBUG: <core> [core/route.c:888]: fix_actions(): fixing is_method()
 0(1) DEBUG: textops [textops.c:3956]: fixup_method(): using id for methods [REGISTER,MESSAGE/288]
 0(1) DEBUG: <core> [core/route.c:888]: fix_actions(): fixing record_route()
 0(1) DEBUG: <core> [core/rvalue.c:2979]: fix_rval(): RV fixing type 4
 0(1) DEBUG: <core> [core/route.c:888]: fix_actions(): fixing sanity_check()
 0(1) DEBUG: <core> [core/route.c:888]: fix_actions(): fixing xlog()
 0(1) DEBUG: <core> [core/pvapi.c:497]: pv_spec_lookup(): PV <$si> is not in cache
 0(1) DEBUG: <core> [core/pvapi.c:371]: pv_cache_add(): pvar [$si] added in cache
 0(1) DEBUG: <core> [core/pvapi.c:497]: pv_spec_lookup(): PV <$sp> is not in cache
 0(1) DEBUG: <core> [core/pvapi.c:371]: pv_cache_add(): pvar [$sp] added in cache
 0(1) DEBUG: <core> [core/rvalue.c:2979]: fix_rval(): RV fixing type 4
 0(1) DEBUG: <core> [core/route.c:888]: fix_actions(): fixing mf_process_maxfwd_header()
 0(1) DEBUG: <core> [core/route.c:888]: fix_actions(): fixing sl_send_reply()
 0(1) DEBUG: <core> [core/rvalue.c:2979]: fix_rval(): RV fixing type 4
 0(1) DEBUG: <core> [core/route.c:888]: fix_actions(): fixing has_totag()
 0(1) DEBUG: <core> [core/rvalue.c:2979]: fix_rval(): RV fixing type 4
 0(1) DEBUG: <core> [core/route.c:888]: fix_actions(): fixing loose_route()
 0(1) DEBUG: <core> [core/rvalue.c:2979]: fix_rval(): RV fixing type 4
 0(1) DEBUG: <core> [core/route.c:888]: fix_actions(): fixing is_method()
 0(1) DEBUG: textops [textops.c:3956]: fixup_method(): using id for methods [SUBSCRIBE,NOTIFY,PUBLISH/8384]
 0(1) DEBUG: <core> [core/route.c:888]: fix_actions(): fixing sl_send_reply()
 0(1) DEBUG: <core> [core/rvalue.c:2979]: fix_rval(): RV fixing type 4
 0(1) DEBUG: <core> [core/route.c:888]: fix_actions(): fixing is_method()
 0(1) DEBUG: textops [textops.c:3963]: fixup_method(): using id for method [ACK/4]
 0(1) DEBUG: <core> [core/route.c:888]: fix_actions(): fixing sl_send_reply()
 0(1) DEBUG: <core> [core/rvalue.c:2979]: fix_rval(): RV fixing type 4
 0(1) DEBUG: <core> [core/route.c:888]: fix_actions(): fixing is_method()
 0(1) DEBUG: textops [textops.c:3963]: fixup_method(): using id for method [REGISTER/32]
 0(1) DEBUG: <core> [core/rvalue.c:2979]: fix_rval(): RV fixing type 4
 0(1) DEBUG: <core> [core/route.c:888]: fix_actions(): fixing nat_uac_test()
 0(1) DEBUG: <core> [core/route.c:888]: fix_actions(): fixing fix_nated_register()
 0(1) DEBUG: <core> [core/rvalue.c:2979]: fix_rval(): RV fixing type 4
 0(1) DEBUG: <core> [core/route.c:888]: fix_actions(): fixing save()
 0(1) DEBUG: <core> [core/route.c:888]: fix_actions(): fixing sl_reply_error()
 0(1) DEBUG: <core> [core/route.c:888]: fix_actions(): fixing xlog()
 0(1) DEBUG: <core> [core/pvapi.c:497]: pv_spec_lookup(): PV <$fu> is not in cache
 0(1) DEBUG: <core> [core/pvapi.c:371]: pv_cache_add(): pvar [$fu] added in cache
 0(1) DEBUG: <core> [core/pvapi.c:398]: pv_cache_lookup(): pvar [$si] found in cache
 0(1) DEBUG: <core> [core/pvapi.c:398]: pv_cache_lookup(): pvar [$sp] found in cache
 0(1) DEBUG: <core> [core/pvapi.c:497]: pv_spec_lookup(): PV <$ct> is not in cache
 0(1) DEBUG: <core> [core/pvapi.c:371]: pv_cache_add(): pvar [$ct] added in cache
 0(1) DEBUG: <core> [core/rvalue.c:2979]: fix_rval(): RV fixing type 4
 0(1) DEBUG: <core> [core/route.c:888]: fix_actions(): fixing lookup()
 0(1) DEBUG: <core> [core/rvalue.c:2979]: fix_rval(): RV fixing type 7
 0(1) DEBUG: <core> [core/rvalue.c:2979]: fix_rval(): RV fixing type 7
 0(1) DEBUG: <core> [core/rvalue.c:2979]: fix_rval(): RV fixing type 1
 0(1) DEBUG: <core> [core/rvalue.c:2983]: fix_rval(): RV is int: -1
 0(1) DEBUG: <core> [core/rvalue.c:2979]: fix_rval(): RV fixing type 7
 0(1) DEBUG: <core> [core/rvalue.c:2979]: fix_rval(): RV fixing type 1
 0(1) DEBUG: <core> [core/rvalue.c:2983]: fix_rval(): RV is int: -3
 0(1) DEBUG: <core> [core/route.c:888]: fix_actions(): fixing t_newtran()
 0(1) DEBUG: <core> [core/route.c:888]: fix_actions(): fixing t_reply()
 0(1) DEBUG: <core> [core/rvalue.c:2979]: fix_rval(): RV fixing type 7
 0(1) DEBUG: <core> [core/rvalue.c:2979]: fix_rval(): RV fixing type 1
 0(1) DEBUG: <core> [core/rvalue.c:2983]: fix_rval(): RV is int: -2
 0(1) DEBUG: <core> [core/route.c:888]: fix_actions(): fixing sl_send_reply()
 0(1) DEBUG: <core> [core/rvalue.c:2979]: fix_rval(): RV fixing type 4
 0(1) DEBUG: <core> [core/route.c:888]: fix_actions(): fixing is_method()
 0(1) DEBUG: textops [textops.c:3963]: fixup_method(): using id for method [INVITE/1]
 0(1) DEBUG: <core> [core/route.c:888]: fix_actions(): fixing rtpengine_manage()
 0(1) DEBUG: <core> [core/rvalue.c:2979]: fix_rval(): RV fixing type 4
 0(1) DEBUG: <core> [core/route.c:888]: fix_actions(): fixing is_method()
 0(1) DEBUG: textops [textops.c:3963]: fixup_method(): using id for method [BYE/8]
 0(1) DEBUG: <core> [core/route.c:888]: fix_actions(): fixing rtpengine_manage()
 0(1) DEBUG: <core> [core/rvalue.c:2979]: fix_rval(): RV fixing type 4
 0(1) DEBUG: <core> [core/route.c:888]: fix_actions(): fixing t_relay()
 0(1) DEBUG: <core> [core/route.c:888]: fix_actions(): fixing sl_reply_error()
 0(1) DEBUG: <core> [core/rvalue.c:2979]: fix_rval(): RV fixing type 3
 0(1) DEBUG: <core> [core/rvalue.c:2979]: fix_rval(): RV fixing type 2
 0(1) DEBUG: <core> [core/rvalue.c:2987]: fix_rval(): RV is str: "(18[0-9]|2[0-9][0-9])"
 0(1) DEBUG: <core> [core/route.c:487]: exp_optimize_right(): op11(O52, _ST22_) => op11(O52, _ST1_)
 0(1) DEBUG: <core> [core/rvalue.c:2979]: fix_rval(): RV fixing type 4
 0(1) DEBUG: <core> [core/route.c:888]: fix_actions(): fixing nat_uac_test()
 0(1) DEBUG: <core> [core/route.c:888]: fix_actions(): fixing fix_nated_contact()
 0(1) DEBUG: <core> [core/rvalue.c:2979]: fix_rval(): RV fixing type 4
 0(1) DEBUG: <core> [core/route.c:888]: fix_actions(): fixing has_body()
 0(1) DEBUG: <core> [core/route.c:888]: fix_actions(): fixing rtpengine_manage()
 0(1) DEBUG: <core> [core/rvalue.c:2979]: fix_rval(): RV fixing type 4
 0(1) DEBUG: <core> [core/route.c:888]: fix_actions(): fixing t_is_canceled()
 0(1) INFO: <core> [core/udp_server.c:154]: probe_max_receive_buffer(): SO_RCVBUF is initially 212992 for fd 5
 0(1) INFO: <core> [core/udp_server.c:207]: probe_max_receive_buffer(): SO_RCVBUF is finally 425984 on fd 5
 0(1) INFO: <core> [core/udp_server.c:154]: probe_max_receive_buffer(): SO_RCVBUF is initially 212992 for fd 6
 0(1) INFO: <core> [core/udp_server.c:207]: probe_max_receive_buffer(): SO_RCVBUF is finally 425984 on fd 6
 0(1) DEBUG: <core> [core/daemonize.c:207]: enable_dumpable(): trying enable core dumping...
 0(1) DEBUG: <core> [core/daemonize.c:224]: enable_dumpable(): core dumping is enabled now (1)...
 0(1) DEBUG: <core> [core/sr_module.c:926]: init_child(): initializing PROC_INIT with rank -127
 0(1) DEBUG: <core> [core/sr_module.c:878]: init_mod_child(): idx 0 rank -127: tm [main]
 0(1) DEBUG: <core> [core/sr_module.c:878]: init_mod_child(): idx 0 rank -127: tmx [main]
 0(1) DEBUG: tmx [tmx_mod.c:262]: child_init(): rank is (-127)
 0(1) DEBUG: <core> [core/sr_module.c:878]: init_mod_child(): idx 0 rank -127: sl [main]
 0(1) DEBUG: <core> [core/sr_module.c:878]: init_mod_child(): idx 0 rank -127: usrloc [main]
 0(1) DEBUG: <core> [core/utils/sruid.c:121]: sruid_init(): root for sruid is [ulcx-6a67c949-1-] (0 / 16)
 0(1) DEBUG: <core> [core/sr_module.c:878]: init_mod_child(): idx 0 rank -127: registrar [main]
 0(1) DEBUG: <core> [core/utils/sruid.c:121]: sruid_init(): root for sruid is [uloc-6a67c949-1-] (0 / 16)
 0(1) DEBUG: <core> [core/sr_module.c:878]: init_mod_child(): idx 0 rank -127: ctl [main]
 0(1) DEBUG: <core> [core/sr_module.c:878]: init_mod_child(): idx 0 rank -127: rtpengine [main]
 0(1) DEBUG: <core> [core/sr_module.c:878]: init_mod_child(): idx 0 rank -127: nathelper [main]
 1(8) DEBUG: <core> [core/pt.c:308]: fork_process(): seeding PRNG with 2197900366
 1(8) DEBUG: <core> [core/rand/cryptorand.c:36]: cryptorand_seed(): seeding cryptorand generator with 2197900366
 1(8) DEBUG: <core> [core/rand/fortuna/random.c:175]: sr_add_entropy(): additional 4 bytes entropy added to cryptographic PRNG
 1(8) DEBUG: <core> [core/pt.c:313]: fork_process(): test random numbers 300399801 1402624193 2447829373 45354362
 1(8) DEBUG: <core> [core/sr_module.c:926]: init_child(): initializing PROC_SIPINIT with rank 1
 1(8) DEBUG: <core> [core/sr_module.c:878]: init_mod_child(): idx 1 rank 1: tm [udp receiver child=0 sock=10.100.0.10:5060]
 1(8) DEBUG: tm [callid.c:136]: child_init_callid(): callid: '32c3f3c03ef5a3b7-8@10.100.0.10'
 1(8) DEBUG: <core> [core/sr_module.c:878]: init_mod_child(): idx 1 rank 1: tmx [udp receiver child=0 sock=10.100.0.10:5060]
 1(8) DEBUG: tmx [tmx_mod.c:262]: child_init(): rank is (1)
 1(8) DEBUG: <core> [core/sr_module.c:878]: init_mod_child(): idx 1 rank 1: sl [udp receiver child=0 sock=10.100.0.10:5060]
 1(8) DEBUG: <core> [core/sr_module.c:878]: init_mod_child(): idx 1 rank 1: usrloc [udp receiver child=0 sock=10.100.0.10:5060]
 1(8) DEBUG: <core> [core/utils/sruid.c:121]: sruid_init(): root for sruid is [ulcx-6a67c949-8-] (0 / 16)
 1(8) DEBUG: <core> [core/sr_module.c:878]: init_mod_child(): idx 1 rank 1: registrar [udp receiver child=0 sock=10.100.0.10:5060]
 1(8) DEBUG: <core> [core/utils/sruid.c:121]: sruid_init(): root for sruid is [uloc-6a67c949-8-] (0 / 16)
 1(8) DEBUG: <core> [core/sr_module.c:878]: init_mod_child(): idx 1 rank 1: ctl [udp receiver child=0 sock=10.100.0.10:5060]
 1(8) DEBUG: <core> [core/sr_module.c:878]: init_mod_child(): idx 1 rank 1: rtpengine [udp receiver child=0 sock=10.100.0.10:5060]
 2(9) DEBUG: <core> [core/pt.c:308]: fork_process(): seeding PRNG with 3619142350
 1(8) DEBUG: rtpengine [rtpengine.c:777]: bind_force_send_ip(): force_send_ip_str not specified in .cfg file!
 2(9) DEBUG: <core> [core/rand/cryptorand.c:36]: cryptorand_seed(): seeding cryptorand generator with 3619142350
 2(9) DEBUG: <core> [core/rand/fortuna/random.c:175]: sr_add_entropy(): additional 4 bytes entropy added to cryptographic PRNG
 2(9) DEBUG: <core> [core/pt.c:313]: fork_process(): test random numbers 1770588878 338058066 1645982351 591762512
 2(9) DEBUG: <core> [core/sr_module.c:926]: init_child(): initializing CHILD with rank 2
 2(9) DEBUG: <core> [core/sr_module.c:878]: init_mod_child(): idx 2 rank 2: tm [udp receiver child=1 sock=10.100.0.10:5060]
 2(9) DEBUG: tm [callid.c:136]: child_init_callid(): callid: '32c3f3c03ef5a3b7-9@10.100.0.10'
 2(9) DEBUG: <core> [core/sr_module.c:878]: init_mod_child(): idx 2 rank 2: tmx [udp receiver child=1 sock=10.100.0.10:5060]
 2(9) DEBUG: tmx [tmx_mod.c:262]: child_init(): rank is (2)
 2(9) DEBUG: <core> [core/sr_module.c:878]: init_mod_child(): idx 2 rank 2: sl [udp receiver child=1 sock=10.100.0.10:5060]
 2(9) DEBUG: <core> [core/sr_module.c:878]: init_mod_child(): idx 2 rank 2: usrloc [udp receiver child=1 sock=10.100.0.10:5060]
 2(9) DEBUG: <core> [core/utils/sruid.c:121]: sruid_init(): root for sruid is [ulcx-6a67c949-9-] (0 / 16)
 2(9) DEBUG: <core> [core/sr_module.c:878]: init_mod_child(): idx 2 rank 2: registrar [udp receiver child=1 sock=10.100.0.10:5060]
 2(9) DEBUG: <core> [core/utils/sruid.c:121]: sruid_init(): root for sruid is [uloc-6a67c949-9-] (0 / 16)
 2(9) DEBUG: <core> [core/sr_module.c:878]: init_mod_child(): idx 2 rank 2: ctl [udp receiver child=1 sock=10.100.0.10:5060]
 2(9) DEBUG: <core> [core/sr_module.c:878]: init_mod_child(): idx 2 rank 2: rtpengine [udp receiver child=1 sock=10.100.0.10:5060]
 3(10) DEBUG: <core> [core/pt.c:308]: fork_process(): seeding PRNG with 1581732661
 3(10) DEBUG: <core> [core/rand/cryptorand.c:36]: cryptorand_seed(): seeding cryptorand generator with 1581732661
 3(10) DEBUG: <core> [core/rand/fortuna/random.c:175]: sr_add_entropy(): additional 4 bytes entropy added to cryptographic PRNG
 3(10) DEBUG: <core> [core/pt.c:313]: fork_process(): test random numbers 1123174381 743630506 3596309499 1482760572
 3(10) DEBUG: <core> [core/sr_module.c:926]: init_child(): initializing CHILD with rank 3
 2(9) DEBUG: rtpengine [rtpengine.c:777]: bind_force_send_ip(): force_send_ip_str not specified in .cfg file!
 3(10) DEBUG: <core> [core/sr_module.c:878]: init_mod_child(): idx 3 rank 3: tm [udp receiver child=2 sock=10.100.0.10:5060]
 2(9) DEBUG: <core> [core/sr_module.c:878]: init_mod_child(): idx 2 rank 2: nathelper [udp receiver child=1 sock=10.100.0.10:5060]
 3(10) DEBUG: tm [callid.c:136]: child_init_callid(): callid: '32c3f3c03ef5a3b7-10@10.100.0.10'
 3(10) DEBUG: <core> [core/sr_module.c:878]: init_mod_child(): idx 3 rank 3: tmx [udp receiver child=2 sock=10.100.0.10:5060]
 3(10) DEBUG: tmx [tmx_mod.c:262]: child_init(): rank is (3)
 3(10) DEBUG: <core> [core/sr_module.c:878]: init_mod_child(): idx 3 rank 3: sl [udp receiver child=2 sock=10.100.0.10:5060]
 3(10) DEBUG: <core> [core/sr_module.c:878]: init_mod_child(): idx 3 rank 3: usrloc [udp receiver child=2 sock=10.100.0.10:5060]
 3(10) DEBUG: <core> [core/utils/sruid.c:121]: sruid_init(): root for sruid is [ulcx-6a67c949-a-] (0 / 16)
 3(10) DEBUG: <core> [core/sr_module.c:878]: init_mod_child(): idx 3 rank 3: registrar [udp receiver child=2 sock=10.100.0.10:5060]
 3(10) DEBUG: <core> [core/utils/sruid.c:121]: sruid_init(): root for sruid is [uloc-6a67c949-a-] (0 / 16)
 3(10) DEBUG: <core> [core/sr_module.c:878]: init_mod_child(): idx 3 rank 3: ctl [udp receiver child=2 sock=10.100.0.10:5060]
 3(10) DEBUG: <core> [core/sr_module.c:878]: init_mod_child(): idx 3 rank 3: rtpengine [udp receiver child=2 sock=10.100.0.10:5060]
 3(10) DEBUG: rtpengine [rtpengine.c:777]: bind_force_send_ip(): force_send_ip_str not specified in .cfg file!
 3(10) DEBUG: <core> [core/sr_module.c:878]: init_mod_child(): idx 3 rank 3: nathelper [udp receiver child=2 sock=10.100.0.10:5060]
 4(11) DEBUG: <core> [core/pt.c:308]: fork_process(): seeding PRNG with 3562578839
 4(11) DEBUG: <core> [core/rand/cryptorand.c:36]: cryptorand_seed(): seeding cryptorand generator with 3562578839
 4(11) DEBUG: <core> [core/rand/fortuna/random.c:175]: sr_add_entropy(): additional 4 bytes entropy added to cryptographic PRNG
 4(11) DEBUG: <core> [core/pt.c:313]: fork_process(): test random numbers 366104126 181101853 1894285603 3794992097
 4(11) DEBUG: <core> [core/sr_module.c:926]: init_child(): initializing CHILD with rank 4
 4(11) DEBUG: <core> [core/sr_module.c:878]: init_mod_child(): idx 4 rank 4: tm [udp receiver child=3 sock=10.100.0.10:5060]
 4(11) DEBUG: tm [callid.c:136]: child_init_callid(): callid: '32c3f3c03ef5a3b7-11@10.100.0.10'
 4(11) DEBUG: <core> [core/sr_module.c:878]: init_mod_child(): idx 4 rank 4: tmx [udp receiver child=3 sock=10.100.0.10:5060]
 4(11) DEBUG: tmx [tmx_mod.c:262]: child_init(): rank is (4)
 4(11) DEBUG: <core> [core/sr_module.c:878]: init_mod_child(): idx 4 rank 4: sl [udp receiver child=3 sock=10.100.0.10:5060]
 4(11) DEBUG: <core> [core/sr_module.c:878]: init_mod_child(): idx 4 rank 4: usrloc [udp receiver child=3 sock=10.100.0.10:5060]
 4(11) DEBUG: <core> [core/utils/sruid.c:121]: sruid_init(): root for sruid is [ulcx-6a67c949-b-] (0 / 16)
 4(11) DEBUG: <core> [core/sr_module.c:878]: init_mod_child(): idx 4 rank 4: registrar [udp receiver child=3 sock=10.100.0.10:5060]
 4(11) DEBUG: <core> [core/utils/sruid.c:121]: sruid_init(): root for sruid is [uloc-6a67c949-b-] (0 / 16)
 4(11) DEBUG: <core> [core/sr_module.c:878]: init_mod_child(): idx 4 rank 4: ctl [udp receiver child=3 sock=10.100.0.10:5060]
 4(11) DEBUG: <core> [core/sr_module.c:878]: init_mod_child(): idx 4 rank 4: rtpengine [udp receiver child=3 sock=10.100.0.10:5060]
 4(11) DEBUG: rtpengine [rtpengine.c:777]: bind_force_send_ip(): force_send_ip_str not specified in .cfg file!
 4(11) DEBUG: <core> [core/sr_module.c:878]: init_mod_child(): idx 4 rank 4: nathelper [udp receiver child=3 sock=10.100.0.10:5060]
 5(12) DEBUG: <core> [core/pt.c:308]: fork_process(): seeding PRNG with 1830541007
 5(12) DEBUG: <core> [core/rand/cryptorand.c:36]: cryptorand_seed(): seeding cryptorand generator with 1830541007
 5(12) DEBUG: <core> [core/rand/fortuna/random.c:175]: sr_add_entropy(): additional 4 bytes entropy added to cryptographic PRNG
 5(12) DEBUG: <core> [core/pt.c:313]: fork_process(): test random numbers 1182661571 811633447 4068776176 3755342925
 5(12) DEBUG: <core> [core/sr_module.c:926]: init_child(): initializing CHILD with rank 5
 5(12) DEBUG: <core> [core/sr_module.c:878]: init_mod_child(): idx 5 rank 5: tm [udp receiver child=0 sock=0.0.0.0:5060]
 5(12) DEBUG: tm [callid.c:136]: child_init_callid(): callid: '32c3f3c03ef5a3b7-12@10.100.0.10'
 5(12) DEBUG: <core> [core/sr_module.c:878]: init_mod_child(): idx 5 rank 5: tmx [udp receiver child=0 sock=0.0.0.0:5060]
 5(12) DEBUG: tmx [tmx_mod.c:262]: child_init(): rank is (5)
 5(12) DEBUG: <core> [core/sr_module.c:878]: init_mod_child(): idx 5 rank 5: sl [udp receiver child=0 sock=0.0.0.0:5060]
 5(12) DEBUG: <core> [core/sr_module.c:878]: init_mod_child(): idx 5 rank 5: usrloc [udp receiver child=0 sock=0.0.0.0:5060]
 5(12) DEBUG: <core> [core/utils/sruid.c:121]: sruid_init(): root for sruid is [ulcx-6a67c949-c-] (0 / 16)
 5(12) DEBUG: <core> [core/sr_module.c:878]: init_mod_child(): idx 5 rank 5: registrar [udp receiver child=0 sock=0.0.0.0:5060]
 5(12) DEBUG: <core> [core/utils/sruid.c:121]: sruid_init(): root for sruid is [uloc-6a67c949-c-] (0 / 16)
 5(12) DEBUG: <core> [core/sr_module.c:878]: init_mod_child(): idx 5 rank 5: ctl [udp receiver child=0 sock=0.0.0.0:5060]
 5(12) DEBUG: <core> [core/sr_module.c:878]: init_mod_child(): idx 5 rank 5: rtpengine [udp receiver child=0 sock=0.0.0.0:5060]
 7(14) DEBUG: <core> [core/pt.c:308]: fork_process(): seeding PRNG with 3267947219
 7(14) DEBUG: <core> [core/rand/cryptorand.c:36]: cryptorand_seed(): seeding cryptorand generator with 3267947219
 5(12) DEBUG: rtpengine [rtpengine.c:777]: bind_force_send_ip(): force_send_ip_str not specified in .cfg file!
 7(14) DEBUG: <core> [core/rand/fortuna/random.c:175]: sr_add_entropy(): additional 4 bytes entropy added to cryptographic PRNG
 5(12) DEBUG: <core> [core/sr_module.c:878]: init_mod_child(): idx 5 rank 5: nathelper [udp receiver child=0 sock=0.0.0.0:5060]
 6(13) DEBUG: <core> [core/pt.c:308]: fork_process(): seeding PRNG with 2376949158
 6(13) DEBUG: <core> [core/rand/cryptorand.c:36]: cryptorand_seed(): seeding cryptorand generator with 2376949158
 6(13) DEBUG: <core> [core/rand/fortuna/random.c:175]: sr_add_entropy(): additional 4 bytes entropy added to cryptographic PRNG
 6(13) DEBUG: <core> [core/pt.c:313]: fork_process(): test random numbers 390240545 98530893 2090603220 98946624
 6(13) DEBUG: <core> [core/sr_module.c:926]: init_child(): initializing CHILD with rank 6
 6(13) DEBUG: <core> [core/sr_module.c:878]: init_mod_child(): idx 6 rank 6: tm [udp receiver child=1 sock=0.0.0.0:5060]
 6(13) DEBUG: tm [callid.c:136]: child_init_callid(): callid: '32c3f3c03ef5a3b7-13@10.100.0.10'
 7(14) DEBUG: <core> [core/pt.c:313]: fork_process(): test random numbers 1394654510 104438857 26319593 2158869097
 7(14) DEBUG: <core> [core/sr_module.c:926]: init_child(): initializing CHILD with rank 7
 7(14) DEBUG: <core> [core/sr_module.c:878]: init_mod_child(): idx 7 rank 7: tm [udp receiver child=2 sock=0.0.0.0:5060]
 7(14) DEBUG: tm [callid.c:136]: child_init_callid(): callid: '32c3f3c03ef5a3b7-14@10.100.0.10'
 7(14) DEBUG: <core> [core/sr_module.c:878]: init_mod_child(): idx 7 rank 7: tmx [udp receiver child=2 sock=0.0.0.0:5060]
 7(14) DEBUG: tmx [tmx_mod.c:262]: child_init(): rank is (7)
 7(14) DEBUG: <core> [core/sr_module.c:878]: init_mod_child(): idx 7 rank 7: sl [udp receiver child=2 sock=0.0.0.0:5060]
 7(14) DEBUG: <core> [core/sr_module.c:878]: init_mod_child(): idx 7 rank 7: usrloc [udp receiver child=2 sock=0.0.0.0:5060]
 7(14) DEBUG: <core> [core/utils/sruid.c:121]: sruid_init(): root for sruid is [ulcx-6a67c949-e-] (0 / 16)
 8(15) DEBUG: <core> [core/pt.c:308]: fork_process(): seeding PRNG with 1285211449
 7(14) DEBUG: <core> [core/sr_module.c:878]: init_mod_child(): idx 7 rank 7: registrar [udp receiver child=2 sock=0.0.0.0:5060]
 8(15) DEBUG: <core> [core/rand/cryptorand.c:36]: cryptorand_seed(): seeding cryptorand generator with 1285211449
 7(14) DEBUG: <core> [core/utils/sruid.c:121]: sruid_init(): root for sruid is [uloc-6a67c949-e-] (0 / 16)
 8(15) DEBUG: <core> [core/rand/fortuna/random.c:175]: sr_add_entropy(): additional 4 bytes entropy added to cryptographic PRNG
 7(14) DEBUG: <core> [core/sr_module.c:878]: init_mod_child(): idx 7 rank 7: ctl [udp receiver child=2 sock=0.0.0.0:5060]
 8(15) DEBUG: <core> [core/pt.c:313]: fork_process(): test random numbers 1369186107 1194967714 2915571742 1795929570
 8(15) DEBUG: <core> [core/sr_module.c:926]: init_child(): initializing CHILD with rank 8
 7(14) DEBUG: <core> [core/sr_module.c:878]: init_mod_child(): idx 7 rank 7: rtpengine [udp receiver child=2 sock=0.0.0.0:5060]
 8(15) DEBUG: <core> [core/sr_module.c:878]: init_mod_child(): idx 8 rank 8: tm [udp receiver child=3 sock=0.0.0.0:5060]
 8(15) DEBUG: tm [callid.c:136]: child_init_callid(): callid: '32c3f3c03ef5a3b7-15@10.100.0.10'
 8(15) DEBUG: <core> [core/sr_module.c:878]: init_mod_child(): idx 8 rank 8: tmx [udp receiver child=3 sock=0.0.0.0:5060]
 8(15) DEBUG: tmx [tmx_mod.c:262]: child_init(): rank is (8)
 8(15) DEBUG: <core> [core/sr_module.c:878]: init_mod_child(): idx 8 rank 8: sl [udp receiver child=3 sock=0.0.0.0:5060]
 8(15) DEBUG: <core> [core/sr_module.c:878]: init_mod_child(): idx 8 rank 8: usrloc [udp receiver child=3 sock=0.0.0.0:5060]
 8(15) DEBUG: <core> [core/utils/sruid.c:121]: sruid_init(): root for sruid is [ulcx-6a67c949-f-] (0 / 16)
 7(14) DEBUG: rtpengine [rtpengine.c:777]: bind_force_send_ip(): force_send_ip_str not specified in .cfg file!
 8(15) DEBUG: <core> [core/sr_module.c:878]: init_mod_child(): idx 8 rank 8: registrar [udp receiver child=3 sock=0.0.0.0:5060]
 8(15) DEBUG: <core> [core/utils/sruid.c:121]: sruid_init(): root for sruid is [uloc-6a67c949-f-] (0 / 16)
 8(15) DEBUG: <core> [core/sr_module.c:878]: init_mod_child(): idx 8 rank 8: ctl [udp receiver child=3 sock=0.0.0.0:5060]
 8(15) DEBUG: <core> [core/sr_module.c:878]: init_mod_child(): idx 8 rank 8: rtpengine [udp receiver child=3 sock=0.0.0.0:5060]
 7(14) DEBUG: <core> [core/sr_module.c:878]: init_mod_child(): idx 7 rank 7: nathelper [udp receiver child=2 sock=0.0.0.0:5060]
 9(16) DEBUG: <core> [core/pt.c:308]: fork_process(): seeding PRNG with 1245562278
 8(15) DEBUG: rtpengine [rtpengine.c:777]: bind_force_send_ip(): force_send_ip_str not specified in .cfg file!
 8(15) DEBUG: <core> [core/sr_module.c:878]: init_mod_child(): idx 8 rank 8: nathelper [udp receiver child=3 sock=0.0.0.0:5060]
 9(16) DEBUG: <core> [core/rand/cryptorand.c:36]: cryptorand_seed(): seeding cryptorand generator with 1245562278
 9(16) DEBUG: <core> [core/rand/fortuna/random.c:175]: sr_add_entropy(): additional 4 bytes entropy added to cryptographic PRNG
 9(16) DEBUG: <core> [core/pt.c:313]: fork_process(): test random numbers 451113935 563483510 4043971129 706852099
 9(16) DEBUG: <core> [core/sr_module.c:926]: init_child(): initializing PROC_TIMER with rank -1
 9(16) DEBUG: <core> [core/sr_module.c:878]: init_mod_child(): idx 9 rank -1: tm [slow timer]
 9(16) DEBUG: tm [callid.c:136]: child_init_callid(): callid: '32c3f3c03ef5a3b7-16@10.100.0.10'
 9(16) DEBUG: <core> [core/sr_module.c:878]: init_mod_child(): idx 9 rank -1: tmx [slow timer]
 9(16) DEBUG: tmx [tmx_mod.c:262]: child_init(): rank is (-1)
 9(16) DEBUG: <core> [core/sr_module.c:878]: init_mod_child(): idx 9 rank -1: sl [slow timer]
 9(16) DEBUG: <core> [core/sr_module.c:878]: init_mod_child(): idx 9 rank -1: usrloc [slow timer]
 9(16) DEBUG: <core> [core/utils/sruid.c:121]: sruid_init(): root for sruid is [ulcx-6a67c949-10-] (0 / 17)
 9(16) DEBUG: <core> [core/sr_module.c:878]: init_mod_child(): idx 9 rank -1: registrar [slow timer]
 9(16) DEBUG: <core> [core/utils/sruid.c:121]: sruid_init(): root for sruid is [uloc-6a67c949-10-] (0 / 17)
 9(16) DEBUG: <core> [core/sr_module.c:878]: init_mod_child(): idx 9 rank -1: ctl [slow timer]
 9(16) DEBUG: <core> [core/sr_module.c:878]: init_mod_child(): idx 9 rank -1: rtpengine [slow timer]
 6(13) DEBUG: <core> [core/sr_module.c:878]: init_mod_child(): idx 6 rank 6: tmx [udp receiver child=1 sock=0.0.0.0:5060]
 6(13) DEBUG: tmx [tmx_mod.c:262]: child_init(): rank is (6)
 6(13) DEBUG: <core> [core/sr_module.c:878]: init_mod_child(): idx 6 rank 6: sl [udp receiver child=1 sock=0.0.0.0:5060]
 6(13) DEBUG: <core> [core/sr_module.c:878]: init_mod_child(): idx 6 rank 6: usrloc [udp receiver child=1 sock=0.0.0.0:5060]
 6(13) DEBUG: <core> [core/utils/sruid.c:121]: sruid_init(): root for sruid is [ulcx-6a67c949-d-] (0 / 16)
 6(13) DEBUG: <core> [core/sr_module.c:878]: init_mod_child(): idx 6 rank 6: registrar [udp receiver child=1 sock=0.0.0.0:5060]
 6(13) DEBUG: <core> [core/utils/sruid.c:121]: sruid_init(): root for sruid is [uloc-6a67c949-d-] (0 / 16)
 6(13) DEBUG: <core> [core/sr_module.c:878]: init_mod_child(): idx 6 rank 6: ctl [udp receiver child=1 sock=0.0.0.0:5060]
 6(13) DEBUG: <core> [core/sr_module.c:878]: init_mod_child(): idx 6 rank 6: rtpengine [udp receiver child=1 sock=0.0.0.0:5060]
 9(16) DEBUG: rtpengine [rtpengine.c:777]: bind_force_send_ip(): force_send_ip_str not specified in .cfg file!
 6(13) DEBUG: rtpengine [rtpengine.c:777]: bind_force_send_ip(): force_send_ip_str not specified in .cfg file!
 6(13) DEBUG: <core> [core/sr_module.c:878]: init_mod_child(): idx 6 rank 6: nathelper [udp receiver child=1 sock=0.0.0.0:5060]
10(0) DEBUG: <core> [core/pt.c:308]: fork_process(): seeding PRNG with 1884133274
 9(16) DEBUG: <core> [core/sr_module.c:878]: init_mod_child(): idx 9 rank -1: nathelper [slow timer]
10(0) DEBUG: <core> [core/rand/cryptorand.c:36]: cryptorand_seed(): seeding cryptorand generator with 1884133274
10(0) DEBUG: <core> [core/rand/fortuna/random.c:175]: sr_add_entropy(): additional 4 bytes entropy added to cryptographic PRNG
10(0) DEBUG: <core> [core/pt.c:313]: fork_process(): test random numbers 639496397 1804672751 3827675869 162018727
10(17) DEBUG: <core> [core/sr_module.c:926]: init_child(): initializing PROC_TIMER with rank -1
10(17) DEBUG: <core> [core/sr_module.c:878]: init_mod_child(): idx 10 rank -1: tm [timer]
10(17) DEBUG: tm [callid.c:136]: child_init_callid(): callid: '32c3f3c03ef5a3b7-17@10.100.0.10'
10(17) DEBUG: <core> [core/sr_module.c:878]: init_mod_child(): idx 10 rank -1: tmx [timer]
10(17) DEBUG: tmx [tmx_mod.c:262]: child_init(): rank is (-1)
10(17) DEBUG: <core> [core/sr_module.c:878]: init_mod_child(): idx 10 rank -1: sl [timer]
10(17) DEBUG: <core> [core/sr_module.c:878]: init_mod_child(): idx 10 rank -1: usrloc [timer]
10(17) DEBUG: <core> [core/utils/sruid.c:121]: sruid_init(): root for sruid is [ulcx-6a67c949-11-] (0 / 17)
10(17) DEBUG: <core> [core/sr_module.c:878]: init_mod_child(): idx 10 rank -1: registrar [timer]
10(17) DEBUG: <core> [core/utils/sruid.c:121]: sruid_init(): root for sruid is [uloc-6a67c949-11-] (0 / 17)
10(17) DEBUG: <core> [core/sr_module.c:878]: init_mod_child(): idx 10 rank -1: ctl [timer]
10(17) DEBUG: <core> [core/sr_module.c:878]: init_mod_child(): idx 10 rank -1: rtpengine [timer]
10(17) DEBUG: rtpengine [rtpengine.c:777]: bind_force_send_ip(): force_send_ip_str not specified in .cfg file!
10(17) DEBUG: <core> [core/sr_module.c:878]: init_mod_child(): idx 10 rank -1: nathelper [timer]
 0(1) DEBUG: <core> [core/sr_module.c:926]: init_child(): initializing PROC_MAIN with rank 0
 0(1) DEBUG: <core> [core/sr_module.c:878]: init_mod_child(): idx 0 rank 0: tm [main]
 0(1) DEBUG: tm [callid.c:136]: child_init_callid(): callid: '32c3f3c03ef5a3b7-1@10.100.0.10'
 0(1) DEBUG: <core> [core/sr_module.c:878]: init_mod_child(): idx 0 rank 0: tmx [main]
 0(1) DEBUG: tmx [tmx_mod.c:262]: child_init(): rank is (0)
 0(1) DEBUG: <core> [core/sr_module.c:878]: init_mod_child(): idx 0 rank 0: sl [main]
 0(1) DEBUG: <core> [core/sr_module.c:878]: init_mod_child(): idx 0 rank 0: usrloc [main]
 0(1) DEBUG: <core> [core/utils/sruid.c:121]: sruid_init(): root for sruid is [ulcx-6a67c949-1-] (0 / 16)
 0(1) DEBUG: <core> [core/sr_module.c:878]: init_mod_child(): idx 0 rank 0: registrar [main]
 0(1) DEBUG: <core> [core/utils/sruid.c:121]: sruid_init(): root for sruid is [uloc-6a67c949-1-] (0 / 16)
 0(1) DEBUG: <core> [core/sr_module.c:878]: init_mod_child(): idx 0 rank 0: ctl [main]
 0(1) DEBUG: ctl [ctl.c:322]: mod_child(): ctl: mod_child(0), ctrl_sock_lst=0x5ac6bcc809b0
11(18) DEBUG: <core> [core/pt.c:308]: fork_process(): seeding PRNG with 3944055748
11(18) DEBUG: <core> [core/rand/cryptorand.c:36]: cryptorand_seed(): seeding cryptorand generator with 3944055748
11(18) DEBUG: <core> [core/rand/fortuna/random.c:175]: sr_add_entropy(): additional 4 bytes entropy added to cryptographic PRNG
11(18) DEBUG: <core> [core/pt.c:313]: fork_process(): test random numbers 1399728183 280038866 1466112405 329358093
11(18) DEBUG: <core> [core/sr_module.c:926]: init_child(): initializing PROC_TIMER with rank -1
11(18) DEBUG: <core> [core/sr_module.c:878]: init_mod_child(): idx 11 rank -1: tm [secondary timer]
11(18) DEBUG: tm [callid.c:136]: child_init_callid(): callid: '32c3f3c03ef5a3b7-18@10.100.0.10'
11(18) DEBUG: <core> [core/sr_module.c:878]: init_mod_child(): idx 11 rank -1: tmx [secondary timer]
11(18) DEBUG: tmx [tmx_mod.c:262]: child_init(): rank is (-1)
11(18) DEBUG: <core> [core/sr_module.c:878]: init_mod_child(): idx 11 rank -1: sl [secondary timer]
11(18) DEBUG: <core> [core/sr_module.c:878]: init_mod_child(): idx 11 rank -1: usrloc [secondary timer]
11(18) DEBUG: <core> [core/utils/sruid.c:121]: sruid_init(): root for sruid is [ulcx-6a67c949-12-] (0 / 17)
11(18) DEBUG: <core> [core/sr_module.c:878]: init_mod_child(): idx 11 rank -1: registrar [secondary timer]
11(18) DEBUG: <core> [core/utils/sruid.c:121]: sruid_init(): root for sruid is [uloc-6a67c949-12-] (0 / 17)
11(18) DEBUG: <core> [core/sr_module.c:878]: init_mod_child(): idx 11 rank -1: ctl [secondary timer]
11(18) DEBUG: <core> [core/sr_module.c:878]: init_mod_child(): idx 11 rank -1: rtpengine [secondary timer]
11(18) DEBUG: rtpengine [rtpengine.c:777]: bind_force_send_ip(): force_send_ip_str not specified in .cfg file!
11(18) DEBUG: <core> [core/sr_module.c:878]: init_mod_child(): idx 11 rank -1: nathelper [secondary timer]
 0(1) DEBUG: ctl [ctl.c:329]: mod_child(): ctl: mod_child(0), fork_process=19, csl=0x5ac6bcc809b0
12(19) DEBUG: <core> [core/pt.c:308]: fork_process(): seeding PRNG with 3581116222
 0(1) DEBUG: <core> [core/sr_module.c:878]: init_mod_child(): idx 0 rank 0: rtpengine [main]
 0(1) DEBUG: <core> [core/sr_module.c:878]: init_mod_child(): idx 0 rank 0: nathelper [main]
12(19) DEBUG: <core> [core/rand/cryptorand.c:36]: cryptorand_seed(): seeding cryptorand generator with 3581116222
12(19) DEBUG: <core> [core/rand/fortuna/random.c:175]: sr_add_entropy(): additional 4 bytes entropy added to cryptographic PRNG
12(19) DEBUG: <core> [core/pt.c:313]: fork_process(): test random numbers 1330527261 745663297 3400670473 751717515
12(19) DEBUG: <core> [core/sr_module.c:926]: init_child(): initializing PROC_RPC with rank -2
12(19) DEBUG: <core> [core/sr_module.c:878]: init_mod_child(): idx 12 rank -2: tm [ctl handler]
12(19) DEBUG: tm [callid.c:136]: child_init_callid(): callid: '32c3f3c03ef5a3b7-19@10.100.0.10'
12(19) DEBUG: <core> [core/sr_module.c:878]: init_mod_child(): idx 12 rank -2: tmx [ctl handler]
12(19) DEBUG: tmx [tmx_mod.c:262]: child_init(): rank is (-2)
12(19) DEBUG: <core> [core/sr_module.c:878]: init_mod_child(): idx 12 rank -2: sl [ctl handler]
12(19) DEBUG: <core> [core/sr_module.c:878]: init_mod_child(): idx 12 rank -2: usrloc [ctl handler]
12(19) DEBUG: <core> [core/utils/sruid.c:121]: sruid_init(): root for sruid is [ulcx-6a67c949-13-] (0 / 17)
12(19) DEBUG: <core> [core/sr_module.c:878]: init_mod_child(): idx 12 rank -2: registrar [ctl handler]
12(19) DEBUG: <core> [core/utils/sruid.c:121]: sruid_init(): root for sruid is [uloc-6a67c949-13-] (0 / 17)
 0(1) DEBUG: <core> [core/sr_module.c:926]: init_child(): initializing PROC_POSTCHILDINIT with rank -126
 0(1) DEBUG: <core> [main.c:1890]: main_loop(): Expect maximum 2123  open fds
12(19) DEBUG: <core> [core/sr_module.c:878]: init_mod_child(): idx 12 rank -2: ctl [ctl handler]
13(20) DEBUG: <core> [core/pt.c:308]: fork_process(): seeding PRNG with 2492038752
13(20) DEBUG: <core> [core/rand/cryptorand.c:36]: cryptorand_seed(): seeding cryptorand generator with 2492038752
12(19) DEBUG: <core> [core/sr_module.c:878]: init_mod_child(): idx 12 rank -2: rtpengine [ctl handler]
13(20) DEBUG: <core> [core/rand/fortuna/random.c:175]: sr_add_entropy(): additional 4 bytes entropy added to cryptographic PRNG
13(20) DEBUG: <core> [core/pt.c:313]: fork_process(): test random numbers 894454456 1474864734 607685227 3585862057
13(20) DEBUG: <core> [core/sr_module.c:926]: init_child(): initializing PROC_TCP_MAIN with rank -4
13(20) DEBUG: <core> [core/sr_module.c:878]: init_mod_child(): idx 13 rank -4: tm [tcp main process]
12(19) DEBUG: rtpengine [rtpengine.c:777]: bind_force_send_ip(): force_send_ip_str not specified in .cfg file!
13(20) DEBUG: tm [callid.c:136]: child_init_callid(): callid: '32c3f3c03ef5a3b7-20@10.100.0.10'
13(20) DEBUG: <core> [core/sr_module.c:878]: init_mod_child(): idx 13 rank -4: tmx [tcp main process]
13(20) DEBUG: tmx [tmx_mod.c:262]: child_init(): rank is (-4)
12(19) DEBUG: <core> [core/sr_module.c:878]: init_mod_child(): idx 12 rank -2: nathelper [ctl handler]
13(20) DEBUG: <core> [core/sr_module.c:878]: init_mod_child(): idx 13 rank -4: sl [tcp main process]
12(19) DEBUG: ctl [ctl.c:329]: mod_child(): ctl: mod_child(0), fork_process=0, csl=0x5ac6bcc809b0
12(19) DEBUG: ctl [ctl.c:336]: mod_child(): ctl: 0 io_listen_loop(1, 0x5ac6bcc809b0)
13(20) DEBUG: <core> [core/sr_module.c:878]: init_mod_child(): idx 13 rank -4: usrloc [tcp main process]
13(20) DEBUG: <core> [core/utils/sruid.c:121]: sruid_init(): root for sruid is [ulcx-6a67c949-14-] (0 / 17)
13(20) DEBUG: <core> [core/sr_module.c:878]: init_mod_child(): idx 13 rank -4: registrar [tcp main process]
13(20) DEBUG: <core> [core/utils/sruid.c:121]: sruid_init(): root for sruid is [uloc-6a67c949-14-] (0 / 17)
13(20) DEBUG: <core> [core/sr_module.c:878]: init_mod_child(): idx 13 rank -4: ctl [tcp main process]
13(20) DEBUG: <core> [core/sr_module.c:878]: init_mod_child(): idx 13 rank -4: rtpengine [tcp main process]
13(20) DEBUG: rtpengine [rtpengine.c:777]: bind_force_send_ip(): force_send_ip_str not specified in .cfg file!
13(20) DEBUG: <core> [core/sr_module.c:878]: init_mod_child(): idx 13 rank -4: nathelper [tcp main process]
12(19) INFO: ctl [io_listener.c:213]: io_listen_loop(): io_listen_loop:  using epoll_lt io watch method (config)
12(19) DEBUG: ctl [io_listener.c:245]: io_listen_loop(): io_listen_loop: adding socket 4, type 2, transport 3 (/var/run/kamailio//kamailio_ctl)
12(19) DEBUG: ctl [../../core/io_wait.h:374]: io_watch_add(): processing io_watch_add(0x72ec23f60160, 4, 2, 0x5ac6bcc809b0) - fd_no=0
13(20) DEBUG: <core> [core/local_timer.c:60]: init_local_timer(): timer_list between 0x5ac685f49588 and 0x5ac685f8d588
13(20) DEBUG: <core> [core/io_wait.h:374]: io_watch_add(): processing io_watch_add(0x5ac685f8d5a0, 8, 4, 0x72ec200dc54c) - fd_no=0
13(20) DEBUG: <core> [core/io_wait.h:374]: io_watch_add(): processing io_watch_add(0x5ac685f8d5a0, 9, 4, 0x72ec200dc5e0) - fd_no=1
13(20) DEBUG: <core> [core/io_wait.h:374]: io_watch_add(): processing io_watch_add(0x5ac685f8d5a0, 10, 4, 0x72ec200dc674) - fd_no=2
13(20) DEBUG: <core> [core/io_wait.h:374]: io_watch_add(): processing io_watch_add(0x5ac685f8d5a0, 11, 4, 0x72ec200dc708) - fd_no=3
13(20) DEBUG: <core> [core/io_wait.h:374]: io_watch_add(): processing io_watch_add(0x5ac685f8d5a0, 12, 4, 0x72ec200dc79c) - fd_no=4
13(20) DEBUG: <core> [core/io_wait.h:374]: io_watch_add(): processing io_watch_add(0x5ac685f8d5a0, 13, 4, 0x72ec200dc830) - fd_no=5
13(20) DEBUG: <core> [core/io_wait.h:374]: io_watch_add(): processing io_watch_add(0x5ac685f8d5a0, 14, 4, 0x72ec200dc8c4) - fd_no=6
13(20) DEBUG: <core> [core/io_wait.h:374]: io_watch_add(): processing io_watch_add(0x5ac685f8d5a0, 15, 4, 0x72ec200dc958) - fd_no=7
13(20) DEBUG: <core> [core/io_wait.h:374]: io_watch_add(): processing io_watch_add(0x5ac685f8d5a0, 16, 4, 0x72ec200dc9ec) - fd_no=8
13(20) DEBUG: <core> [core/io_wait.h:374]: io_watch_add(): processing io_watch_add(0x5ac685f8d5a0, 17, 4, 0x72ec200dca80) - fd_no=9
13(20) DEBUG: <core> [core/io_wait.h:374]: io_watch_add(): processing io_watch_add(0x5ac685f8d5a0, 18, 4, 0x72ec200dcb14) - fd_no=10
13(20) DEBUG: <core> [core/io_wait.h:374]: io_watch_add(): processing io_watch_add(0x5ac685f8d5a0, 19, 4, 0x72ec200dcba8) - fd_no=11
 1(8) ERROR: rtpengine [rtpengine.c:3070]: send_rtpp_command(): can't send command "ping" to RTPEngine <udp:10.100.0.11:22222>
 1(8) ERROR: rtpengine [rtpengine.c:2919]: rtpp_test(): proxy did not respond to ping
 1(8) DEBUG: <core> [core/sr_module.c:878]: init_mod_child(): idx 1 rank 1: nathelper [udp receiver child=0 sock=10.100.0.10:5060]
 1(8) DEBUG: <core> [core/action.c:1687]: run_child_one_init_route(): attempting to run event_route[core:worker-one-init]
 1(8) DEBUG: <core> [core/route.c:132]: route_add(): mapping routing block (0x5ac685f49020)[core:worker-one-init] to 2
 2(9) DEBUG: <core> [core/udp_server.c:494]: udp_rcv_loop(): received on udp socket: (112/100/510) [[REGISTER sip:10.100.0.10 SIP/2.0 0D  0A Via: SIP/2.0/UDP 10.45.0.3:5080;branch=z9hG4bK.tUdw7Oep3;rport 0D  0A Fr]]
 2(9) DEBUG: <core> [core/parser/parse_fline.c:249]: parse_first_line(): first line type 1 (request) flags 1
 2(9) DEBUG: <core> [core/parser/msg_parser.c:679]: parse_msg(): SIP Request:
 2(9) DEBUG: <core> [core/parser/msg_parser.c:680]: parse_msg():  method:  <REGISTER>
 2(9) DEBUG: <core> [core/parser/msg_parser.c:682]: parse_msg():  uri:     <sip:10.100.0.10>
 2(9) DEBUG: <core> [core/parser/msg_parser.c:684]: parse_msg():  version: <SIP/2.0>
 2(9) DEBUG: <core> [core/parser/parse_hname2.c:301]: parse_sip_header_name(): parsed header name [Via] type 1
 2(9) DEBUG: <core> [core/parser/parse_via.c:1300]: parse_via_param(): Found param type 232, <branch> = <z9hG4bK.tUdw7Oep3>; state=6
 2(9) DEBUG: <core> [core/parser/parse_via.c:1300]: parse_via_param(): Found param type 235, <rport> = <n/a>; state=17
 2(9) DEBUG: <core> [core/parser/parse_via.c:2639]: parse_via(): end of header reached, state=5
 2(9) DEBUG: <core> [core/parser/msg_parser.c:555]: parse_headers(): Via found, flags=2
 2(9) DEBUG: <core> [core/parser/msg_parser.c:557]: parse_headers(): this is the first via
 2(9) DEBUG: <core> [core/parser/parse_hname2.c:301]: parse_sip_header_name(): parsed header name [From] type 4
 2(9) DEBUG: <core> [core/parser/parse_hname2.c:301]: parse_sip_header_name(): parsed header name [To] type 3
 2(9) DEBUG: <core> [core/parser/parse_addr_spec.c:884]: parse_addr_spec(): end of header reached, state=9
 2(9) DEBUG: <core> [core/parser/msg_parser.c:172]: get_hdr_field(): <To> [21]; uri=[sip:ue2@10.100.0.10]
 2(9) DEBUG: <core> [core/parser/msg_parser.c:174]: get_hdr_field(): to body (21)[sip:ue2@10.100.0.10
], to tag (0)[]
 2(9) DEBUG: <core> [core/parser/parse_hname2.c:301]: parse_sip_header_name(): parsed header name [CSeq] type 5
 2(9) DEBUG: <core> [core/parser/msg_parser.c:152]: get_hdr_field(): cseq <CSeq>: <20> <REGISTER>
 2(9) DEBUG: <core> [core/parser/parse_hname2.c:301]: parse_sip_header_name(): parsed header name [Call-ID] type 6
 2(9) DEBUG: <core> [core/receive.c:389]: receive_msg(): --- received sip message - request - call-id: [dsvYoZjw3U] - cseq: [20 REGISTER]
 2(9) DEBUG: <core> [core/receive.c:261]: ksr_evrt_pre_routing(): event route core:pre-routing not defined
 2(9) DEBUG: <core> [core/receive.c:471]: receive_msg(): preparing to run routing scripts...
 2(9) DEBUG: sanity [sanity.c:247]: check_ruri_sip_version(): check_ruri_sip_version entered
 2(9) DEBUG: sanity [sanity.c:270]: check_ruri_sip_version(): check_ruri_sip_version passed
 2(9) DEBUG: sanity [sanity.c:277]: check_ruri_scheme(): check_ruri_scheme entered
 2(9) DEBUG: sanity [sanity.c:297]: check_ruri_scheme(): check_ruri_scheme passed
 2(9) DEBUG: sanity [sanity.c:318]: check_required_headers(): check_required_headers entered
 2(9) DEBUG: <core> [core/parser/parse_hname2.c:301]: parse_sip_header_name(): parsed header name [Max-Forwards] type 8
 2(9) DEBUG: <core> [core/parser/parse_hname2.c:301]: parse_sip_header_name(): parsed header name [Supported] type 17
 2(9) DEBUG: <core> [core/parser/parse_hname2.c:301]: parse_sip_header_name(): parsed header name [Accept] type 23
 2(9) DEBUG: <core> [core/parser/parse_hname2.c:301]: parse_sip_header_name(): parsed header name [Accept] type 23
 2(9) DEBUG: <core> [core/parser/parse_hname2.c:301]: parse_sip_header_name(): parsed header name [Accept] type 23
 2(9) DEBUG: <core> [core/parser/parse_hname2.c:301]: parse_sip_header_name(): parsed header name [Contact] type 7
 2(9) DEBUG: <core> [core/parser/parse_hname2.c:301]: parse_sip_header_name(): parsed header name [Expires] type 14
 2(9) DEBUG: <core> [core/parser/parse_hname2.c:301]: parse_sip_header_name(): parsed header name [User-Agent] type 28
 2(9) DEBUG: <core> [core/parser/msg_parser.c:91]: get_hdr_field(): found end of header
 2(9) DEBUG: sanity [sanity.c:340]: check_required_headers(): check_required_headers passed
 2(9) DEBUG: sanity [sanity.c:506]: check_cseq_method(): check_cseq_method entered
 2(9) DEBUG: sanity [sanity.c:539]: check_cseq_method(): check_cseq_method passed
 2(9) DEBUG: sanity [sanity.c:548]: check_cseq_value(): check_cseq_value entered
 2(9) DEBUG: sanity [sanity.c:576]: check_cseq_value(): check_cseq_value passed
 2(9) DEBUG: sanity [sanity.c:585]: check_cl(): check_cl entered
 2(9) WARNING: sanity [sanity.c:612]: check_cl(): content length header missing in request
 2(9) DEBUG: sanity [sanity.c:622]: check_expires_value(): check_expires_value entered
 2(9) DEBUG: sanity [sanity.c:657]: check_expires_value(): check_expires_value passed
 2(9) DEBUG: sanity [sanity.c:758]: check_parse_uris(): check_parse_uris entered
 2(9) DEBUG: sanity [sanity.c:762]: check_parse_uris(): parsing ruri
 2(9) DEBUG: sanity [sanity.c:776]: check_parse_uris(): looking up From header
 2(9) DEBUG: <core> [core/parser/parse_addr_spec.c:185]: parse_to_param(): add param: tag=AXZuULbt5
 2(9) DEBUG: <core> [core/parser/parse_addr_spec.c:884]: parse_addr_spec(): end of header reached, state=29
 2(9) DEBUG: sanity [sanity.c:791]: check_parse_uris(): looking up To header
 2(9) DEBUG: sanity [sanity.c:838]: check_parse_uris(): check_parse_uris passed
 2(9) DEBUG: sanity [sanity_mod.c:254]: w_sanity_check(): sanity checks result: 1
 2(9) DEBUG: maxfwd [mf_funcs.c:74]: is_maxfwd_present(): value = 70 
 2(9) DEBUG: tm [t_lookup.c:1053]: t_check_msg(): msg (0x72ec244160a0) id=1/9 global id=0/0 T start=0xffffffffffffffff
 2(9) DEBUG: tm [t_lookup.c:497]: t_lookup_request(): start searching: hash=32353, isACK=0
 2(9) DEBUG: tm [t_lookup.c:455]: matching_3261(): RFC3261 transaction matching failed - via branch [z9hG4bK.tUdw7Oep3]
 2(9) DEBUG: tm [t_lookup.c:675]: t_lookup_request(): no transaction found
 2(9) DEBUG: tm [t_lookup.c:1122]: t_check_msg(): msg (0x72ec244160a0) id=1/9 global id=1/9 T end=(nil)
 2(9) DEBUG: siputils [checks.c:120]: has_totag(): no totag
 2(9) DEBUG: <core> [core/msg_translator.c:162]: check_via_address(): (10.100.0.2, 10.45.0.3, 0)
 2(9) DEBUG: registrar [save.c:324]: pack_ci(): set instance[<urn:uuid:b1ec2359-ddd8-000f-aa02-ab2f9af9fbe2>]
 2(9) DEBUG: <core> [core/utils/sruid.c:214]: sruid_nextx(): new sruid is [uloc-6a67c949-9-1] (1 / 17)
 2(9) DEBUG: registrar [save.c:421]: pack_ci(): generated ruid is: uloc-6a67c949-9-1
 2(9) DEBUG: registrar [reply.c:334]: build_contact(): created Contact HF: Contact: <sip:ue2@10.45.0.3:5080;transport=udp>;expires=60;received="sip:10.100.0.2:5080";+sip.instance="<urn:uuid:b1ec2359-ddd8-000f-aa02-ab2f9af9fbe2>"

 2(9) DEBUG: sl [sl.c:310]: send_reply(): reply in stateless mode (sl)
 2(9) DEBUG: <core> [core/receive.c:126]: sip_check_fline(): first line indicates a SIP reply
 2(9) INFO: <script>: REGISTER sip:ue2@10.100.0.10 from 10.100.0.2:5080 saved (contact <sip:ue2@10.45.0.3:5080;transport=udp>;+sip.instance="<urn:uuid:b1ec2359-ddd8-000f-aa02-ab2f9af9fbe2>")
 2(9) DEBUG: <core> [core/receive.c:528]: receive_msg(): request-route executed in: 3513 usec
 2(9) DEBUG: <core> [core/usr_avp.c:637]: destroy_avp_list(): destroying list 0x72ec200ecf70
 2(9) DEBUG: <core> [core/usr_avp.c:637]: destroy_avp_list(): destroying list (nil)
 2(9) DEBUG: <core> [core/usr_avp.c:637]: destroy_avp_list(): destroying list (nil)
 2(9) DEBUG: <core> [core/usr_avp.c:637]: destroy_avp_list(): destroying list (nil)
 2(9) DEBUG: <core> [core/usr_avp.c:637]: destroy_avp_list(): destroying list (nil)
 2(9) DEBUG: <core> [core/usr_avp.c:637]: destroy_avp_list(): destroying list (nil)
 2(9) DEBUG: <core> [core/xavp.c:541]: xavp_destroy_list(): destroying xavp list (nil)
 2(9) DEBUG: <core> [core/xavp.c:541]: xavp_destroy_list(): destroying xavp list (nil)
 2(9) DEBUG: <core> [core/xavp.c:541]: xavp_destroy_list(): destroying xavp list (nil)
 2(9) DEBUG: <core> [core/receive.c:628]: receive_msg(): cleaning up
 3(10) DEBUG: <core> [core/udp_server.c:494]: udp_rcv_loop(): received on udp socket: (112/100/510) [[REGISTER sip:10.100.0.10 SIP/2.0 0D  0A Via: SIP/2.0/UDP 10.45.0.2:5080;branch=z9hG4bK.FQFD0-0FX;rport 0D  0A Fr]]
 3(10) DEBUG: <core> [core/parser/parse_fline.c:249]: parse_first_line(): first line type 1 (request) flags 1
 3(10) DEBUG: <core> [core/parser/msg_parser.c:679]: parse_msg(): SIP Request:
 3(10) DEBUG: <core> [core/parser/msg_parser.c:680]: parse_msg():  method:  <REGISTER>
 3(10) DEBUG: <core> [core/parser/msg_parser.c:682]: parse_msg():  uri:     <sip:10.100.0.10>
 3(10) DEBUG: <core> [core/parser/msg_parser.c:684]: parse_msg():  version: <SIP/2.0>
 3(10) DEBUG: <core> [core/parser/parse_hname2.c:301]: parse_sip_header_name(): parsed header name [Via] type 1
 3(10) DEBUG: <core> [core/parser/parse_via.c:1300]: parse_via_param(): Found param type 232, <branch> = <z9hG4bK.FQFD0-0FX>; state=6
 3(10) DEBUG: <core> [core/parser/parse_via.c:1300]: parse_via_param(): Found param type 235, <rport> = <n/a>; state=17
 3(10) DEBUG: <core> [core/parser/parse_via.c:2639]: parse_via(): end of header reached, state=5
 3(10) DEBUG: <core> [core/parser/msg_parser.c:555]: parse_headers(): Via found, flags=2
 3(10) DEBUG: <core> [core/parser/msg_parser.c:557]: parse_headers(): this is the first via
 3(10) DEBUG: <core> [core/parser/parse_hname2.c:301]: parse_sip_header_name(): parsed header name [From] type 4
 3(10) DEBUG: <core> [core/parser/parse_hname2.c:301]: parse_sip_header_name(): parsed header name [To] type 3
 3(10) DEBUG: <core> [core/parser/parse_addr_spec.c:884]: parse_addr_spec(): end of header reached, state=9
 3(10) DEBUG: <core> [core/parser/msg_parser.c:172]: get_hdr_field(): <To> [21]; uri=[sip:ue1@10.100.0.10]
 3(10) DEBUG: <core> [core/parser/msg_parser.c:174]: get_hdr_field(): to body (21)[sip:ue1@10.100.0.10
], to tag (0)[]
 3(10) DEBUG: <core> [core/parser/parse_hname2.c:301]: parse_sip_header_name(): parsed header name [CSeq] type 5
 3(10) DEBUG: <core> [core/parser/msg_parser.c:152]: get_hdr_field(): cseq <CSeq>: <20> <REGISTER>
 3(10) DEBUG: <core> [core/parser/parse_hname2.c:301]: parse_sip_header_name(): parsed header name [Call-ID] type 6
 3(10) DEBUG: <core> [core/receive.c:389]: receive_msg(): --- received sip message - request - call-id: [0vxMX1n5jC] - cseq: [20 REGISTER]
 3(10) DEBUG: <core> [core/receive.c:261]: ksr_evrt_pre_routing(): event route core:pre-routing not defined
 3(10) DEBUG: <core> [core/receive.c:471]: receive_msg(): preparing to run routing scripts...
 3(10) DEBUG: sanity [sanity.c:247]: check_ruri_sip_version(): check_ruri_sip_version entered
 3(10) DEBUG: sanity [sanity.c:270]: check_ruri_sip_version(): check_ruri_sip_version passed
 3(10) DEBUG: sanity [sanity.c:277]: check_ruri_scheme(): check_ruri_scheme entered
 3(10) DEBUG: sanity [sanity.c:297]: check_ruri_scheme(): check_ruri_scheme passed
 3(10) DEBUG: sanity [sanity.c:318]: check_required_headers(): check_required_headers entered
 3(10) DEBUG: <core> [core/parser/parse_hname2.c:301]: parse_sip_header_name(): parsed header name [Max-Forwards] type 8
 3(10) DEBUG: <core> [core/parser/parse_hname2.c:301]: parse_sip_header_name(): parsed header name [Supported] type 17
 3(10) DEBUG: <core> [core/parser/parse_hname2.c:301]: parse_sip_header_name(): parsed header name [Accept] type 23
 3(10) DEBUG: <core> [core/parser/parse_hname2.c:301]: parse_sip_header_name(): parsed header name [Accept] type 23
 3(10) DEBUG: <core> [core/parser/parse_hname2.c:301]: parse_sip_header_name(): parsed header name [Accept] type 23
 3(10) DEBUG: <core> [core/parser/parse_hname2.c:301]: parse_sip_header_name(): parsed header name [Contact] type 7
 3(10) DEBUG: <core> [core/parser/parse_hname2.c:301]: parse_sip_header_name(): parsed header name [Expires] type 14
 3(10) DEBUG: <core> [core/parser/parse_hname2.c:301]: parse_sip_header_name(): parsed header name [User-Agent] type 28
 3(10) DEBUG: <core> [core/parser/msg_parser.c:91]: get_hdr_field(): found end of header
 3(10) DEBUG: sanity [sanity.c:340]: check_required_headers(): check_required_headers passed
 3(10) DEBUG: sanity [sanity.c:506]: check_cseq_method(): check_cseq_method entered
 3(10) DEBUG: sanity [sanity.c:539]: check_cseq_method(): check_cseq_method passed
 3(10) DEBUG: sanity [sanity.c:548]: check_cseq_value(): check_cseq_value entered
 3(10) DEBUG: sanity [sanity.c:576]: check_cseq_value(): check_cseq_value passed
 3(10) DEBUG: sanity [sanity.c:585]: check_cl(): check_cl entered
 3(10) WARNING: sanity [sanity.c:612]: check_cl(): content length header missing in request
 3(10) DEBUG: sanity [sanity.c:622]: check_expires_value(): check_expires_value entered
 3(10) DEBUG: sanity [sanity.c:657]: check_expires_value(): check_expires_value passed
 3(10) DEBUG: sanity [sanity.c:758]: check_parse_uris(): check_parse_uris entered
 3(10) DEBUG: sanity [sanity.c:762]: check_parse_uris(): parsing ruri
 3(10) DEBUG: sanity [sanity.c:776]: check_parse_uris(): looking up From header
 3(10) DEBUG: <core> [core/parser/parse_addr_spec.c:185]: parse_to_param(): add param: tag=hAwde4SMe
 3(10) DEBUG: <core> [core/parser/parse_addr_spec.c:884]: parse_addr_spec(): end of header reached, state=29
 3(10) DEBUG: sanity [sanity.c:791]: check_parse_uris(): looking up To header
 3(10) DEBUG: sanity [sanity.c:838]: check_parse_uris(): check_parse_uris passed
 3(10) DEBUG: sanity [sanity_mod.c:254]: w_sanity_check(): sanity checks result: 1
 3(10) DEBUG: maxfwd [mf_funcs.c:74]: is_maxfwd_present(): value = 70 
 3(10) DEBUG: tm [t_lookup.c:1053]: t_check_msg(): msg (0x72ec244160a0) id=1/10 global id=0/0 T start=0xffffffffffffffff
 3(10) DEBUG: tm [t_lookup.c:497]: t_lookup_request(): start searching: hash=7009, isACK=0
 3(10) DEBUG: tm [t_lookup.c:455]: matching_3261(): RFC3261 transaction matching failed - via branch [z9hG4bK.FQFD0-0FX]
 3(10) DEBUG: tm [t_lookup.c:675]: t_lookup_request(): no transaction found
 3(10) DEBUG: tm [t_lookup.c:1122]: t_check_msg(): msg (0x72ec244160a0) id=1/10 global id=1/10 T end=(nil)
 3(10) DEBUG: siputils [checks.c:120]: has_totag(): no totag
 3(10) DEBUG: registrar [save.c:324]: pack_ci(): set instance[<urn:uuid:0eb0eedb-d3c7-0093-a588-a2ecb233c438>]
 3(10) DEBUG: <core> [core/utils/sruid.c:214]: sruid_nextx(): new sruid is [uloc-6a67c949-a-1] (1 / 17)
 3(10) DEBUG: registrar [save.c:421]: pack_ci(): generated ruid is: uloc-6a67c949-a-1
 3(10) DEBUG: registrar [reply.c:334]: build_contact(): created Contact HF: Contact: <sip:ue1@10.45.0.2:5080;transport=udp>;expires=60;received="sip:10.100.0.2:64767";+sip.instance="<urn:uuid:0eb0eedb-d3c7-0093-a588-a2ecb233c438>"

 3(10) DEBUG: sl [sl.c:310]: send_reply(): reply in stateless mode (sl)
 3(10) DEBUG: <core> [core/receive.c:126]: sip_check_fline(): first line indicates a SIP reply
 3(10) INFO: <script>: REGISTER sip:ue1@10.100.0.10 from 10.100.0.2:64767 saved (contact <sip:ue1@10.45.0.2:5080;transport=udp>;+sip.instance="<urn:uuid:0eb0eedb-d3c7-0093-a588-a2ecb233c438>")
 3(10) DEBUG: <core> [core/receive.c:528]: receive_msg(): request-route executed in: 1396 usec
 3(10) DEBUG: <core> [core/usr_avp.c:637]: destroy_avp_list(): destroying list 0x72ec200ecf70
 3(10) DEBUG: <core> [core/usr_avp.c:637]: destroy_avp_list(): destroying list (nil)
 3(10) DEBUG: <core> [core/usr_avp.c:637]: destroy_avp_list(): destroying list (nil)
 3(10) DEBUG: <core> [core/usr_avp.c:637]: destroy_avp_list(): destroying list (nil)
 3(10) DEBUG: <core> [core/usr_avp.c:637]: destroy_avp_list(): destroying list (nil)
 3(10) DEBUG: <core> [core/usr_avp.c:637]: destroy_avp_list(): destroying list (nil)
 3(10) DEBUG: <core> [core/xavp.c:541]: xavp_destroy_list(): destroying xavp list (nil)
 3(10) DEBUG: <core> [core/xavp.c:541]: xavp_destroy_list(): destroying xavp list (nil)
 3(10) DEBUG: <core> [core/xavp.c:541]: xavp_destroy_list(): destroying xavp list (nil)
 3(10) DEBUG: <core> [core/receive.c:628]: receive_msg(): cleaning up
 4(11) DEBUG: <core> [core/udp_server.c:494]: udp_rcv_loop(): received on udp socket: (112/100/511) [[REGISTER sip:10.100.0.10 SIP/2.0 0D  0A Via: SIP/2.0/UDP 10.45.0.3:5080;branch=z9hG4bK.xgqiRv9XV;rport 0D  0A Fr]]
 4(11) DEBUG: <core> [core/parser/parse_fline.c:249]: parse_first_line(): first line type 1 (request) flags 1
 4(11) DEBUG: <core> [core/parser/msg_parser.c:679]: parse_msg(): SIP Request:
 4(11) DEBUG: <core> [core/parser/msg_parser.c:680]: parse_msg():  method:  <REGISTER>
 4(11) DEBUG: <core> [core/parser/msg_parser.c:682]: parse_msg():  uri:     <sip:10.100.0.10>
 4(11) DEBUG: <core> [core/parser/msg_parser.c:684]: parse_msg():  version: <SIP/2.0>
 4(11) DEBUG: <core> [core/parser/parse_hname2.c:301]: parse_sip_header_name(): parsed header name [Via] type 1
 4(11) DEBUG: <core> [core/parser/parse_via.c:1300]: parse_via_param(): Found param type 232, <branch> = <z9hG4bK.xgqiRv9XV>; state=6
 4(11) DEBUG: <core> [core/parser/parse_via.c:1300]: parse_via_param(): Found param type 235, <rport> = <n/a>; state=17
 4(11) DEBUG: <core> [core/parser/parse_via.c:2639]: parse_via(): end of header reached, state=5
 4(11) DEBUG: <core> [core/parser/msg_parser.c:555]: parse_headers(): Via found, flags=2
 4(11) DEBUG: <core> [core/parser/msg_parser.c:557]: parse_headers(): this is the first via
 4(11) DEBUG: <core> [core/parser/parse_hname2.c:301]: parse_sip_header_name(): parsed header name [From] type 4
 4(11) DEBUG: <core> [core/parser/parse_hname2.c:301]: parse_sip_header_name(): parsed header name [To] type 3
 4(11) DEBUG: <core> [core/parser/parse_addr_spec.c:884]: parse_addr_spec(): end of header reached, state=9
 4(11) DEBUG: <core> [core/parser/msg_parser.c:172]: get_hdr_field(): <To> [21]; uri=[sip:ue2@10.100.0.10]
 4(11) DEBUG: <core> [core/parser/msg_parser.c:174]: get_hdr_field(): to body (21)[sip:ue2@10.100.0.10
], to tag (0)[]
 4(11) DEBUG: <core> [core/parser/parse_hname2.c:301]: parse_sip_header_name(): parsed header name [CSeq] type 5
 4(11) DEBUG: <core> [core/parser/msg_parser.c:152]: get_hdr_field(): cseq <CSeq>: <21> <REGISTER>
 4(11) DEBUG: <core> [core/parser/parse_hname2.c:301]: parse_sip_header_name(): parsed header name [Call-ID] type 6
 4(11) DEBUG: <core> [core/receive.c:389]: receive_msg(): --- received sip message - request - call-id: [dsvYoZjw3U] - cseq: [21 REGISTER]
 4(11) DEBUG: <core> [core/receive.c:261]: ksr_evrt_pre_routing(): event route core:pre-routing not defined
 4(11) DEBUG: <core> [core/receive.c:471]: receive_msg(): preparing to run routing scripts...
 4(11) DEBUG: sanity [sanity.c:247]: check_ruri_sip_version(): check_ruri_sip_version entered
 4(11) DEBUG: sanity [sanity.c:270]: check_ruri_sip_version(): check_ruri_sip_version passed
 4(11) DEBUG: sanity [sanity.c:277]: check_ruri_scheme(): check_ruri_scheme entered
 4(11) DEBUG: sanity [sanity.c:297]: check_ruri_scheme(): check_ruri_scheme passed
 4(11) DEBUG: sanity [sanity.c:318]: check_required_headers(): check_required_headers entered
 4(11) DEBUG: <core> [core/parser/parse_hname2.c:301]: parse_sip_header_name(): parsed header name [Max-Forwards] type 8
 4(11) DEBUG: <core> [core/parser/parse_hname2.c:301]: parse_sip_header_name(): parsed header name [Supported] type 17
 4(11) DEBUG: <core> [core/parser/parse_hname2.c:301]: parse_sip_header_name(): parsed header name [Accept] type 23
 4(11) DEBUG: <core> [core/parser/parse_hname2.c:301]: parse_sip_header_name(): parsed header name [Accept] type 23
 4(11) DEBUG: <core> [core/parser/parse_hname2.c:301]: parse_sip_header_name(): parsed header name [Accept] type 23
 4(11) DEBUG: <core> [core/parser/parse_hname2.c:301]: parse_sip_header_name(): parsed header name [Contact] type 7
 4(11) DEBUG: <core> [core/parser/parse_hname2.c:301]: parse_sip_header_name(): parsed header name [Expires] type 14
 4(11) DEBUG: <core> [core/parser/parse_hname2.c:301]: parse_sip_header_name(): parsed header name [User-Agent] type 28
 4(11) DEBUG: <core> [core/parser/msg_parser.c:91]: get_hdr_field(): found end of header
 4(11) DEBUG: sanity [sanity.c:340]: check_required_headers(): check_required_headers passed
 4(11) DEBUG: sanity [sanity.c:506]: check_cseq_method(): check_cseq_method entered
 4(11) DEBUG: sanity [sanity.c:539]: check_cseq_method(): check_cseq_method passed
 4(11) DEBUG: sanity [sanity.c:548]: check_cseq_value(): check_cseq_value entered
 4(11) DEBUG: sanity [sanity.c:576]: check_cseq_value(): check_cseq_value passed
 4(11) DEBUG: sanity [sanity.c:585]: check_cl(): check_cl entered
 4(11) WARNING: sanity [sanity.c:612]: check_cl(): content length header missing in request
 4(11) DEBUG: sanity [sanity.c:622]: check_expires_value(): check_expires_value entered
 4(11) DEBUG: sanity [sanity.c:657]: check_expires_value(): check_expires_value passed
 4(11) DEBUG: sanity [sanity.c:758]: check_parse_uris(): check_parse_uris entered
 4(11) DEBUG: sanity [sanity.c:762]: check_parse_uris(): parsing ruri
 4(11) DEBUG: sanity [sanity.c:776]: check_parse_uris(): looking up From header
 4(11) DEBUG: <core> [core/parser/parse_addr_spec.c:185]: parse_to_param(): add param: tag=AXZuULbt5
 4(11) DEBUG: <core> [core/parser/parse_addr_spec.c:884]: parse_addr_spec(): end of header reached, state=29
 4(11) DEBUG: sanity [sanity.c:791]: check_parse_uris(): looking up To header
 4(11) DEBUG: sanity [sanity.c:838]: check_parse_uris(): check_parse_uris passed
 4(11) DEBUG: sanity [sanity_mod.c:254]: w_sanity_check(): sanity checks result: 1
 4(11) DEBUG: maxfwd [mf_funcs.c:74]: is_maxfwd_present(): value = 70 
 4(11) DEBUG: tm [t_lookup.c:1053]: t_check_msg(): msg (0x72ec244160a0) id=1/11 global id=0/0 T start=0xffffffffffffffff
 4(11) DEBUG: tm [t_lookup.c:497]: t_lookup_request(): start searching: hash=32354, isACK=0
 4(11) DEBUG: tm [t_lookup.c:455]: matching_3261(): RFC3261 transaction matching failed - via branch [z9hG4bK.xgqiRv9XV]
 4(11) DEBUG: tm [t_lookup.c:675]: t_lookup_request(): no transaction found
 4(11) DEBUG: tm [t_lookup.c:1122]: t_check_msg(): msg (0x72ec244160a0) id=1/11 global id=1/11 T end=(nil)
 4(11) DEBUG: siputils [checks.c:120]: has_totag(): no totag
 4(11) DEBUG: <core> [core/msg_translator.c:162]: check_via_address(): (10.100.0.2, 10.45.0.3, 0)
 4(11) DEBUG: registrar [save.c:324]: pack_ci(): set instance[<urn:uuid:b1ec2359-ddd8-000f-aa02-ab2f9af9fbe2>]
 4(11) DEBUG: <core> [core/utils/sruid.c:214]: sruid_nextx(): new sruid is [uloc-6a67c949-b-1] (1 / 17)
 4(11) DEBUG: registrar [save.c:421]: pack_ci(): generated ruid is: uloc-6a67c949-b-1
 4(11) DEBUG: <core> [core/utils/sruid.c:214]: sruid_nextx(): new sruid is [uloc-6a67c949-b-2] (2 / 17)
 4(11) DEBUG: registrar [save.c:421]: pack_ci(): generated ruid is: uloc-6a67c949-b-2
 4(11) DEBUG: registrar [reply.c:334]: build_contact(): created Contact HF: Contact: <sip:ue2@10.100.0.2:5080;transport=udp>;expires=60;received="sip:10.100.0.2:5080";+sip.instance="<urn:uuid:b1ec2359-ddd8-000f-aa02-ab2f9af9fbe2>"

 4(11) DEBUG: sl [sl.c:310]: send_reply(): reply in stateless mode (sl)
 4(11) DEBUG: <core> [core/receive.c:126]: sip_check_fline(): first line indicates a SIP reply
 4(11) INFO: <script>: REGISTER sip:ue2@10.100.0.10 from 10.100.0.2:5080 saved (contact <sip:ue2@10.100.0.2:5080;transport=udp>;+sip.instance="<urn:uuid:b1ec2359-ddd8-000f-aa02-ab2f9af9fbe2>")
 4(11) DEBUG: <core> [core/receive.c:528]: receive_msg(): request-route executed in: 1427 usec
 4(11) DEBUG: <core> [core/usr_avp.c:637]: destroy_avp_list(): destroying list 0x72ec200ecf70
 4(11) DEBUG: <core> [core/usr_avp.c:637]: destroy_avp_list(): destroying list (nil)
 4(11) DEBUG: <core> [core/usr_avp.c:637]: destroy_avp_list(): destroying list (nil)
 4(11) DEBUG: <core> [core/usr_avp.c:637]: destroy_avp_list(): destroying list (nil)
 4(11) DEBUG: <core> [core/usr_avp.c:637]: destroy_avp_list(): destroying list (nil)
 4(11) DEBUG: <core> [core/usr_avp.c:637]: destroy_avp_list(): destroying list (nil)
 4(11) DEBUG: <core> [core/xavp.c:541]: xavp_destroy_list(): destroying xavp list (nil)
 4(11) DEBUG: <core> [core/xavp.c:541]: xavp_destroy_list(): destroying xavp list (nil)
 4(11) DEBUG: <core> [core/xavp.c:541]: xavp_destroy_list(): destroying xavp list (nil)
 4(11) DEBUG: <core> [core/receive.c:628]: receive_msg(): cleaning up
 1(8) DEBUG: <core> [core/udp_server.c:494]: udp_rcv_loop(): received on udp socket: (112/100/512) [[REGISTER sip:10.100.0.10 SIP/2.0 0D  0A Via: SIP/2.0/UDP 10.45.0.2:5080;branch=z9hG4bK.d2D03XJ~n;rport 0D  0A Fr]]
 1(8) DEBUG: <core> [core/parser/parse_fline.c:249]: parse_first_line(): first line type 1 (request) flags 1
 1(8) DEBUG: <core> [core/parser/msg_parser.c:679]: parse_msg(): SIP Request:
 1(8) DEBUG: <core> [core/parser/msg_parser.c:680]: parse_msg():  method:  <REGISTER>
 1(8) DEBUG: <core> [core/parser/msg_parser.c:682]: parse_msg():  uri:     <sip:10.100.0.10>
 1(8) DEBUG: <core> [core/parser/msg_parser.c:684]: parse_msg():  version: <SIP/2.0>
 1(8) DEBUG: <core> [core/parser/parse_hname2.c:301]: parse_sip_header_name(): parsed header name [Via] type 1
 1(8) DEBUG: <core> [core/parser/parse_via.c:1300]: parse_via_param(): Found param type 232, <branch> = <z9hG4bK.d2D03XJ~n>; state=6
 1(8) DEBUG: <core> [core/parser/parse_via.c:1300]: parse_via_param(): Found param type 235, <rport> = <n/a>; state=17
 1(8) DEBUG: <core> [core/parser/parse_via.c:2639]: parse_via(): end of header reached, state=5
 1(8) DEBUG: <core> [core/parser/msg_parser.c:555]: parse_headers(): Via found, flags=2
 1(8) DEBUG: <core> [core/parser/msg_parser.c:557]: parse_headers(): this is the first via
 1(8) DEBUG: <core> [core/parser/parse_hname2.c:301]: parse_sip_header_name(): parsed header name [From] type 4
 1(8) DEBUG: <core> [core/parser/parse_hname2.c:301]: parse_sip_header_name(): parsed header name [To] type 3
 1(8) DEBUG: <core> [core/parser/parse_addr_spec.c:884]: parse_addr_spec(): end of header reached, state=9
 1(8) DEBUG: <core> [core/parser/msg_parser.c:172]: get_hdr_field(): <To> [21]; uri=[sip:ue1@10.100.0.10]
 1(8) DEBUG: <core> [core/parser/msg_parser.c:174]: get_hdr_field(): to body (21)[sip:ue1@10.100.0.10
], to tag (0)[]
 1(8) DEBUG: <core> [core/parser/parse_hname2.c:301]: parse_sip_header_name(): parsed header name [CSeq] type 5
 1(8) DEBUG: <core> [core/parser/msg_parser.c:152]: get_hdr_field(): cseq <CSeq>: <21> <REGISTER>
 1(8) DEBUG: <core> [core/parser/parse_hname2.c:301]: parse_sip_header_name(): parsed header name [Call-ID] type 6
 1(8) DEBUG: <core> [core/receive.c:389]: receive_msg(): --- received sip message - request - call-id: [0vxMX1n5jC] - cseq: [21 REGISTER]
 1(8) DEBUG: <core> [core/receive.c:261]: ksr_evrt_pre_routing(): event route core:pre-routing not defined
 1(8) DEBUG: <core> [core/receive.c:471]: receive_msg(): preparing to run routing scripts...
 1(8) DEBUG: sanity [sanity.c:247]: check_ruri_sip_version(): check_ruri_sip_version entered
 1(8) DEBUG: sanity [sanity.c:270]: check_ruri_sip_version(): check_ruri_sip_version passed
 1(8) DEBUG: sanity [sanity.c:277]: check_ruri_scheme(): check_ruri_scheme entered
 1(8) DEBUG: sanity [sanity.c:297]: check_ruri_scheme(): check_ruri_scheme passed
 1(8) DEBUG: sanity [sanity.c:318]: check_required_headers(): check_required_headers entered
 1(8) DEBUG: <core> [core/parser/parse_hname2.c:301]: parse_sip_header_name(): parsed header name [Max-Forwards] type 8
 1(8) DEBUG: <core> [core/parser/parse_hname2.c:301]: parse_sip_header_name(): parsed header name [Supported] type 17
 1(8) DEBUG: <core> [core/parser/parse_hname2.c:301]: parse_sip_header_name(): parsed header name [Accept] type 23
 1(8) DEBUG: <core> [core/parser/parse_hname2.c:301]: parse_sip_header_name(): parsed header name [Accept] type 23
 1(8) DEBUG: <core> [core/parser/parse_hname2.c:301]: parse_sip_header_name(): parsed header name [Accept] type 23
 1(8) DEBUG: <core> [core/parser/parse_hname2.c:301]: parse_sip_header_name(): parsed header name [Contact] type 7
 1(8) DEBUG: <core> [core/parser/parse_hname2.c:301]: parse_sip_header_name(): parsed header name [Expires] type 14
 1(8) DEBUG: <core> [core/parser/parse_hname2.c:301]: parse_sip_header_name(): parsed header name [User-Agent] type 28
 1(8) DEBUG: <core> [core/parser/msg_parser.c:91]: get_hdr_field(): found end of header
 1(8) DEBUG: sanity [sanity.c:340]: check_required_headers(): check_required_headers passed
 1(8) DEBUG: sanity [sanity.c:506]: check_cseq_method(): check_cseq_method entered
 1(8) DEBUG: sanity [sanity.c:539]: check_cseq_method(): check_cseq_method passed
 1(8) DEBUG: sanity [sanity.c:548]: check_cseq_value(): check_cseq_value entered
 1(8) DEBUG: sanity [sanity.c:576]: check_cseq_value(): check_cseq_value passed
 1(8) DEBUG: sanity [sanity.c:585]: check_cl(): check_cl entered
 1(8) WARNING: sanity [sanity.c:612]: check_cl(): content length header missing in request
 1(8) DEBUG: sanity [sanity.c:622]: check_expires_value(): check_expires_value entered
 1(8) DEBUG: sanity [sanity.c:657]: check_expires_value(): check_expires_value passed
 1(8) DEBUG: sanity [sanity.c:758]: check_parse_uris(): check_parse_uris entered
 1(8) DEBUG: sanity [sanity.c:762]: check_parse_uris(): parsing ruri
 1(8) DEBUG: sanity [sanity.c:776]: check_parse_uris(): looking up From header
 1(8) DEBUG: <core> [core/parser/parse_addr_spec.c:185]: parse_to_param(): add param: tag=hAwde4SMe
 1(8) DEBUG: <core> [core/parser/parse_addr_spec.c:884]: parse_addr_spec(): end of header reached, state=29
 1(8) DEBUG: sanity [sanity.c:791]: check_parse_uris(): looking up To header
 1(8) DEBUG: sanity [sanity.c:838]: check_parse_uris(): check_parse_uris passed
 1(8) DEBUG: sanity [sanity_mod.c:254]: w_sanity_check(): sanity checks result: 1
 1(8) DEBUG: maxfwd [mf_funcs.c:74]: is_maxfwd_present(): value = 70 
 1(8) DEBUG: tm [t_lookup.c:1053]: t_check_msg(): msg (0x72ec244160a0) id=1/8 global id=0/0 T start=0xffffffffffffffff
 1(8) DEBUG: tm [t_lookup.c:497]: t_lookup_request(): start searching: hash=7010, isACK=0
 1(8) DEBUG: tm [t_lookup.c:455]: matching_3261(): RFC3261 transaction matching failed - via branch [z9hG4bK.d2D03XJ~n]
 1(8) DEBUG: tm [t_lookup.c:675]: t_lookup_request(): no transaction found
 1(8) DEBUG: tm [t_lookup.c:1122]: t_check_msg(): msg (0x72ec244160a0) id=1/8 global id=1/8 T end=(nil)
 1(8) DEBUG: siputils [checks.c:120]: has_totag(): no totag
 1(8) DEBUG: registrar [save.c:324]: pack_ci(): set instance[<urn:uuid:0eb0eedb-d3c7-0093-a588-a2ecb233c438>]
 1(8) DEBUG: <core> [core/utils/sruid.c:214]: sruid_nextx(): new sruid is [uloc-6a67c949-8-1] (1 / 17)
 1(8) DEBUG: registrar [save.c:421]: pack_ci(): generated ruid is: uloc-6a67c949-8-1
 1(8) DEBUG: <core> [core/utils/sruid.c:214]: sruid_nextx(): new sruid is [uloc-6a67c949-8-2] (2 / 17)
 1(8) DEBUG: registrar [save.c:421]: pack_ci(): generated ruid is: uloc-6a67c949-8-2
 1(8) DEBUG: registrar [reply.c:334]: build_contact(): created Contact HF: Contact: <sip:ue1@10.100.0.2:64767;transport=udp>;expires=60;received="sip:10.100.0.2:64767";+sip.instance="<urn:uuid:0eb0eedb-d3c7-0093-a588-a2ecb233c438>"

 1(8) DEBUG: sl [sl.c:310]: send_reply(): reply in stateless mode (sl)
 1(8) DEBUG: <core> [core/receive.c:126]: sip_check_fline(): first line indicates a SIP reply
 1(8) INFO: <script>: REGISTER sip:ue1@10.100.0.10 from 10.100.0.2:64767 saved (contact <sip:ue1@10.100.0.2:64767;transport=udp>;+sip.instance="<urn:uuid:0eb0eedb-d3c7-0093-a588-a2ecb233c438>")
 1(8) DEBUG: <core> [core/receive.c:528]: receive_msg(): request-route executed in: 1381 usec
 1(8) DEBUG: <core> [core/usr_avp.c:637]: destroy_avp_list(): destroying list 0x72ec200ecf70
 1(8) DEBUG: <core> [core/usr_avp.c:637]: destroy_avp_list(): destroying list (nil)
 1(8) DEBUG: <core> [core/usr_avp.c:637]: destroy_avp_list(): destroying list (nil)
 1(8) DEBUG: <core> [core/usr_avp.c:637]: destroy_avp_list(): destroying list (nil)
 1(8) DEBUG: <core> [core/usr_avp.c:637]: destroy_avp_list(): destroying list (nil)
 1(8) DEBUG: <core> [core/usr_avp.c:637]: destroy_avp_list(): destroying list (nil)
 1(8) DEBUG: <core> [core/xavp.c:541]: xavp_destroy_list(): destroying xavp list (nil)
 1(8) DEBUG: <core> [core/xavp.c:541]: xavp_destroy_list(): destroying xavp list (nil)
 1(8) DEBUG: <core> [core/xavp.c:541]: xavp_destroy_list(): destroying xavp list (nil)
 1(8) DEBUG: <core> [core/receive.c:628]: receive_msg(): cleaning up
 2(9) DEBUG: <core> [core/udp_server.c:517]: udp_rcv_loop(): probing packet received from 10.100.0.2 65532
 3(10) DEBUG: <core> [core/udp_server.c:517]: udp_rcv_loop(): probing packet received from 10.100.0.2 55315
 4(11) DEBUG: <core> [core/udp_server.c:517]: udp_rcv_loop(): probing packet received from 10.100.0.2 55315
 1(8) DEBUG: <core> [core/udp_server.c:517]: udp_rcv_loop(): probing packet received from 10.100.0.2 65532
 2(9) DEBUG: <core> [core/udp_server.c:494]: udp_rcv_loop(): received on udp socket: (112/100/1084) [[INVITE sip:ue1@10.100.0.10 SIP/2.0 0D  0A Via: SIP/2.0/UDP 10.45.0.3:5080;branch=z9hG4bK.w33HXpIcX;rport 0D  0A ]]
 2(9) DEBUG: <core> [core/parser/parse_fline.c:249]: parse_first_line(): first line type 1 (request) flags 1
 2(9) DEBUG: <core> [core/parser/msg_parser.c:679]: parse_msg(): SIP Request:
 2(9) DEBUG: <core> [core/parser/msg_parser.c:680]: parse_msg():  method:  <INVITE>
 2(9) DEBUG: <core> [core/parser/msg_parser.c:682]: parse_msg():  uri:     <sip:ue1@10.100.0.10>
 2(9) DEBUG: <core> [core/parser/msg_parser.c:684]: parse_msg():  version: <SIP/2.0>
 2(9) DEBUG: <core> [core/parser/parse_hname2.c:301]: parse_sip_header_name(): parsed header name [Via] type 1
 2(9) DEBUG: <core> [core/parser/parse_via.c:1300]: parse_via_param(): Found param type 232, <branch> = <z9hG4bK.w33HXpIcX>; state=6
 2(9) DEBUG: <core> [core/parser/parse_via.c:1300]: parse_via_param(): Found param type 235, <rport> = <n/a>; state=17
 2(9) DEBUG: <core> [core/parser/parse_via.c:2639]: parse_via(): end of header reached, state=5
 2(9) DEBUG: <core> [core/parser/msg_parser.c:555]: parse_headers(): Via found, flags=2
 2(9) DEBUG: <core> [core/parser/msg_parser.c:557]: parse_headers(): this is the first via
 2(9) DEBUG: <core> [core/parser/parse_hname2.c:301]: parse_sip_header_name(): parsed header name [From] type 4
 2(9) DEBUG: <core> [core/parser/parse_hname2.c:301]: parse_sip_header_name(): parsed header name [To] type 3
 2(9) DEBUG: <core> [core/parser/parse_addr_spec.c:884]: parse_addr_spec(): end of header reached, state=9
 2(9) DEBUG: <core> [core/parser/msg_parser.c:172]: get_hdr_field(): <To> [21]; uri=[sip:ue1@10.100.0.10]
 2(9) DEBUG: <core> [core/parser/msg_parser.c:174]: get_hdr_field(): to body (21)[sip:ue1@10.100.0.10
], to tag (0)[]
 2(9) DEBUG: <core> [core/parser/parse_hname2.c:301]: parse_sip_header_name(): parsed header name [CSeq] type 5
 2(9) DEBUG: <core> [core/parser/msg_parser.c:152]: get_hdr_field(): cseq <CSeq>: <20> <INVITE>
 2(9) DEBUG: <core> [core/parser/parse_hname2.c:301]: parse_sip_header_name(): parsed header name [Call-ID] type 6
 2(9) DEBUG: <core> [core/receive.c:389]: receive_msg(): --- received sip message - request - call-id: [60G5ohQ39k] - cseq: [20 INVITE]
 2(9) DEBUG: <core> [core/receive.c:261]: ksr_evrt_pre_routing(): event route core:pre-routing not defined
 2(9) DEBUG: <core> [core/receive.c:471]: receive_msg(): preparing to run routing scripts...
 2(9) DEBUG: sanity [sanity.c:247]: check_ruri_sip_version(): check_ruri_sip_version entered
 2(9) DEBUG: sanity [sanity.c:270]: check_ruri_sip_version(): check_ruri_sip_version passed
 2(9) DEBUG: sanity [sanity.c:277]: check_ruri_scheme(): check_ruri_scheme entered
 2(9) DEBUG: sanity [sanity.c:297]: check_ruri_scheme(): check_ruri_scheme passed
 2(9) DEBUG: sanity [sanity.c:318]: check_required_headers(): check_required_headers entered
 2(9) DEBUG: <core> [core/parser/parse_hname2.c:301]: parse_sip_header_name(): parsed header name [Max-Forwards] type 8
 2(9) DEBUG: <core> [core/parser/parse_hname2.c:301]: parse_sip_header_name(): parsed header name [Supported] type 17
 2(9) DEBUG: <core> [core/parser/parse_hname2.c:301]: parse_sip_header_name(): parsed header name [Allow] type 21
 2(9) DEBUG: <core> [core/parser/parse_hname2.c:301]: parse_sip_header_name(): parsed header name [Content-Type] type 11
 2(9) DEBUG: <core> [core/parser/parse_hname2.c:301]: parse_sip_header_name(): parsed header name [Content-Length] type 12
 2(9) DEBUG: <core> [core/parser/msg_parser.c:187]: get_hdr_field(): content_length=485
 2(9) DEBUG: <core> [core/parser/parse_hname2.c:301]: parse_sip_header_name(): parsed header name [Contact] type 7
 2(9) DEBUG: <core> [core/parser/parse_hname2.c:301]: parse_sip_header_name(): parsed header name [User-Agent] type 28
 2(9) DEBUG: <core> [core/parser/msg_parser.c:91]: get_hdr_field(): found end of header
 2(9) DEBUG: sanity [sanity.c:340]: check_required_headers(): check_required_headers passed
 2(9) DEBUG: sanity [sanity.c:506]: check_cseq_method(): check_cseq_method entered
 2(9) DEBUG: sanity [sanity.c:539]: check_cseq_method(): check_cseq_method passed
 2(9) DEBUG: sanity [sanity.c:548]: check_cseq_value(): check_cseq_value entered
 2(9) DEBUG: sanity [sanity.c:576]: check_cseq_value(): check_cseq_value passed
 2(9) DEBUG: sanity [sanity.c:585]: check_cl(): check_cl entered
 2(9) DEBUG: sanity [sanity.c:610]: check_cl(): check_cl passed
 2(9) DEBUG: sanity [sanity.c:622]: check_expires_value(): check_expires_value entered
 2(9) DEBUG: sanity [sanity.c:659]: check_expires_value(): no expires header found
 2(9) DEBUG: sanity [sanity.c:758]: check_parse_uris(): check_parse_uris entered
 2(9) DEBUG: sanity [sanity.c:762]: check_parse_uris(): parsing ruri
 2(9) DEBUG: sanity [sanity.c:776]: check_parse_uris(): looking up From header
 2(9) DEBUG: <core> [core/parser/parse_addr_spec.c:185]: parse_to_param(): add param: tag=F3tzt-wzu
 2(9) DEBUG: <core> [core/parser/parse_addr_spec.c:884]: parse_addr_spec(): end of header reached, state=29
 2(9) DEBUG: sanity [sanity.c:791]: check_parse_uris(): looking up To header
 2(9) DEBUG: sanity [sanity.c:838]: check_parse_uris(): check_parse_uris passed
 2(9) DEBUG: sanity [sanity_mod.c:254]: w_sanity_check(): sanity checks result: 1
 2(9) DEBUG: maxfwd [mf_funcs.c:74]: is_maxfwd_present(): value = 70 
 2(9) DEBUG: tm [t_lookup.c:1053]: t_check_msg(): msg (0x72ec244160a0) id=2/9 global id=1/9 T start=(nil)
 2(9) DEBUG: tm [t_lookup.c:497]: t_lookup_request(): start searching: hash=10797, isACK=0
 2(9) DEBUG: tm [t_lookup.c:455]: matching_3261(): RFC3261 transaction matching failed - via branch [z9hG4bK.w33HXpIcX]
 2(9) DEBUG: tm [t_lookup.c:675]: t_lookup_request(): no transaction found
 2(9) DEBUG: tm [t_lookup.c:1122]: t_check_msg(): msg (0x72ec244160a0) id=2/9 global id=2/9 T end=(nil)
 2(9) DEBUG: rr [loose.c:1293]: is_direction(): param ftag not found
 2(9) DEBUG: rr [record.c:479]: record_route(): inserted record route (r2: 1 - plen: 0)
 2(9) DEBUG: siputils [checks.c:120]: has_totag(): no totag
 2(9) DEBUG: registrar [lookup.c:345]: lookup_helper(): contact for [ue1] found by address
 2(9) DEBUG: <core> [core/parser/sdp/sdp_helpr_funcs.c:682]: extract_sess_version(): oline(33): >o=ue2 582 3948 IN IP4 10.45.0.3
<
 2(9) DEBUG: <core> [core/parser/sdp/sdp_helpr_funcs.c:711]: extract_sess_version(): end 4: >3948<
 2(9) DEBUG: <core> [core/parser/sdp/sdp_helpr_funcs.c:566]: extract_mediaip(): located IP address [10.45.0.3] in `o=' field
 2(9) DEBUG: <core> [core/parser/sdp/sdp_helpr_funcs.c:566]: extract_mediaip(): located IP address [10.45.0.3] in `c=' field
 2(9) DEBUG: <core> [core/parser/sdp/sdp.c:599]: parse_sdp_session(): ignoring unknown type in a= line: `a=rtcp-fb:* trr-int ...'
 2(9) DEBUG: <core> [core/parser/sdp/sdp.c:599]: parse_sdp_session(): ignoring unknown type in a= line: `a=rtcp-fb:* ccm tmmb...'
 2(9) DEBUG: rtpengine [rtpengine_funcs.c:144]: check_content_type(): type <application/sdp> found valid
 2(9) DEBUG: rtpengine [rtpengine.c:1861]: build_rtpp_socks(): same rtpengines list version: 1 (1785186633)
 2(9) DEBUG: rtpengine [rtpengine.c:3305]: select_rtpp_node_old(): rtpengine hash table lookup failed to find node for calllen=10 callid=60G5ohQ39k viabranch=
 2(9) DEBUG: rtpengine [rtpengine.c:3196]: select_rtpp_node_new(): sum is = 225
 2(9) INFO: rtpengine [rtpengine.c:2929]: rtpp_test(): rtpengine instance <udp:10.100.0.11:22222> found, support for it enabled
 2(9) DEBUG: rtpengine [rtpengine.c:3196]: select_rtpp_node_new(): sum is = 225
 2(9) DEBUG: rtpengine [rtpengine.c:2720]: rtpp_function_call(): proxy reply: d3:sdp560:v=0
o=ue2 582 3948 IN IP4 10.100.0.11
s=Talk
c=IN IP4 10.100.0.11
t=0 0
a=rtcp-xr:rcvr-rtt=all:10000 stat-summary=loss,dup,jitt,TTL voip-metrics
m=audio 30000 RTP/AVP 96 97 98 0 8 101 99 100
a=rtcp-fb:* trr-int 1000
a=rtcp-fb:* ccm tmmbr
a=rtpmap:96 opus/48000/2
a=fmtp:96 useinbandfec=1
a=rtpmap:97 speex/16000
a=fmtp:97 vbr=on
a=rtpmap:98 speex/8000
a=fmtp:98 vbr=on
a=rtpmap:0 PCMU/8000
a=rtpmap:8 PCMA/8000
a=rtpmap:101 telephone-event/48000
a=rtpmap:99 telephone-event/16000
a=rtpmap:100 telephone-event/8000
a=sendrecv
a=rtcp:30001
6:result2:oke
 2(9) DEBUG: rtpengine [rtpengine.c:2813]: rtpp_function_call(): rtpengine hash table insert node=udp:10.100.0.11:22222 for calllen=10 callid=60G5ohQ39k viabranch=
 2(9) DEBUG: tm [t_lookup.c:1346]: t_newtran(): msg (0x72ec244160a0) id=2/9 global id=2/9 T start=(nil)
 2(9) DEBUG: tm [t_lookup.c:497]: t_lookup_request(): start searching: hash=10797, isACK=0
 2(9) DEBUG: tm [t_lookup.c:455]: matching_3261(): RFC3261 transaction matching failed - via branch [z9hG4bK.w33HXpIcX]
 2(9) DEBUG: tm [t_lookup.c:675]: t_lookup_request(): no transaction found
 2(9) DEBUG: <core> [core/crypto/md5utils.c:67]: MD5StringArray(): MD5 calculated: fc98166bd3c5d34f7c5414e7c948f17f
 2(9) DEBUG: tm [t_funcs.c:325]: t_relay_to(): new INVITE
 2(9) DEBUG: tm [t_reply.c:637]: _reply_light(): reply sent out - buf=0x72ec24417118: SIP/2.0 100 trying -... shmem=0x72ec200f1928: SIP/2.0 100 trying -
 2(9) DEBUG: tm [t_reply.c:648]: _reply_light(): finished
 2(9) DEBUG: <core> [core/msg_translator.c:1799]: check_boundaries(): no multi-part body
 2(9) DEBUG: <core> [core/msg_translator.c:432]: clen_builder(): content-length: 560 (560)
 2(9) DEBUG: tm [t_funcs.c:373]: t_relay_to(): new transaction forwarded
 2(9) DEBUG: <core> [core/receive.c:528]: receive_msg(): request-route executed in: 7569 usec
 2(9) DEBUG: <core> [core/usr_avp.c:637]: destroy_avp_list(): destroying list (nil)
 2(9) DEBUG: <core> [core/usr_avp.c:637]: destroy_avp_list(): destroying list (nil)
 2(9) DEBUG: <core> [core/usr_avp.c:637]: destroy_avp_list(): destroying list (nil)
 2(9) DEBUG: <core> [core/usr_avp.c:637]: destroy_avp_list(): destroying list (nil)
 2(9) DEBUG: <core> [core/usr_avp.c:637]: destroy_avp_list(): destroying list (nil)
 2(9) DEBUG: <core> [core/usr_avp.c:637]: destroy_avp_list(): destroying list (nil)
 2(9) DEBUG: <core> [core/xavp.c:541]: xavp_destroy_list(): destroying xavp list (nil)
 2(9) DEBUG: <core> [core/xavp.c:541]: xavp_destroy_list(): destroying xavp list (nil)
 2(9) DEBUG: <core> [core/xavp.c:541]: xavp_destroy_list(): destroying xavp list (nil)
 2(9) DEBUG: <core> [core/receive.c:628]: receive_msg(): cleaning up
 2(9) DEBUG: <core> [core/parser/sdp/sdp.c:863]: free_sdp(): _sdp = 0x72ec24416288
 2(9) DEBUG: <core> [core/parser/sdp/sdp.c:865]: free_sdp(): sdp = 0x72ec243fd550
 2(9) DEBUG: <core> [core/parser/sdp/sdp.c:867]: free_sdp(): session = 0x72ec243fd5f8
 3(10) DEBUG: <core> [core/udp_server.c:494]: udp_rcv_loop(): received on udp socket: (106/100/301) [[SIP/2.0 100 Trying 0D  0A Via: SIP/2.0/UDP 10.100.0.10;branch=z9hG4bKd2a2.fc98166bd3c5d34f7c5414e7c948f17f]]
 3(10) DEBUG: <core> [core/parser/parse_fline.c:249]: parse_first_line(): first line type 2 (reply(status)) flags 1
 3(10) DEBUG: <core> [core/parser/msg_parser.c:689]: parse_msg(): SIP Reply  (status):
 3(10) DEBUG: <core> [core/parser/msg_parser.c:690]: parse_msg():  version: <SIP/2.0>
 3(10) DEBUG: <core> [core/parser/msg_parser.c:692]: parse_msg():  status:  <100>
 3(10) DEBUG: <core> [core/parser/msg_parser.c:694]: parse_msg():  reason:  <Trying>
 3(10) DEBUG: <core> [core/parser/parse_hname2.c:301]: parse_sip_header_name(): parsed header name [Via] type 1
 3(10) DEBUG: <core> [core/parser/parse_via.c:1300]: parse_via_param(): Found param type 232, <branch> = <z9hG4bKd2a2.fc98166bd3c5d34f7c5414e7c948f17f.0>; state=16
 3(10) DEBUG: <core> [core/parser/parse_via.c:2639]: parse_via(): end of header reached, state=5
 3(10) DEBUG: <core> [core/parser/msg_parser.c:555]: parse_headers(): Via found, flags=2
 3(10) DEBUG: <core> [core/parser/msg_parser.c:557]: parse_headers(): this is the first via
 3(10) DEBUG: <core> [core/parser/parse_hname2.c:301]: parse_sip_header_name(): parsed header name [Via] type 1
 3(10) DEBUG: <core> [core/parser/parse_via.c:1300]: parse_via_param(): Found param type 234, <received> = <10.100.0.2>; state=6
 3(10) DEBUG: <core> [core/parser/parse_via.c:1300]: parse_via_param(): Found param type 232, <branch> = <z9hG4bK.w33HXpIcX>; state=6
 3(10) DEBUG: <core> [core/parser/parse_via.c:1300]: parse_via_param(): Found param type 235, <rport> = <5080>; state=16
 3(10) DEBUG: <core> [core/parser/parse_via.c:2639]: parse_via(): end of header reached, state=5
 3(10) DEBUG: <core> [core/parser/msg_parser.c:555]: parse_headers(): Via found, flags=78
 3(10) DEBUG: <core> [core/parser/msg_parser.c:568]: parse_headers(): this is the second via
 3(10) DEBUG: <core> [core/parser/parse_hname2.c:301]: parse_sip_header_name(): parsed header name [From] type 4
 3(10) DEBUG: <core> [core/parser/parse_hname2.c:301]: parse_sip_header_name(): parsed header name [To] type 3
 3(10) DEBUG: <core> [core/parser/parse_addr_spec.c:884]: parse_addr_spec(): end of header reached, state=9
 3(10) DEBUG: <core> [core/parser/msg_parser.c:172]: get_hdr_field(): <To> [21]; uri=[sip:ue1@10.100.0.10]
 3(10) DEBUG: <core> [core/parser/msg_parser.c:174]: get_hdr_field(): to body (21)[sip:ue1@10.100.0.10
], to tag (0)[]
 3(10) DEBUG: <core> [core/parser/parse_hname2.c:301]: parse_sip_header_name(): parsed header name [Call-ID] type 6
 3(10) DEBUG: <core> [core/parser/parse_hname2.c:301]: parse_sip_header_name(): parsed header name [CSeq] type 5
 3(10) DEBUG: <core> [core/parser/msg_parser.c:152]: get_hdr_field(): cseq <CSeq>: <20> <INVITE>
 3(10) DEBUG: <core> [core/receive.c:389]: receive_msg(): --- received sip message - reply - call-id: [60G5ohQ39k] - cseq: [20 INVITE]
 3(10) DEBUG: <core> [core/receive.c:261]: ksr_evrt_pre_routing(): event route core:pre-routing not defined
 3(10) DEBUG: tm [t_lookup.c:1053]: t_check_msg(): msg (0x72ec244160a0) id=2/10 global id=1/10 T start=(nil)
 3(10) DEBUG: tm [t_lookup.c:912]: t_reply_matching(): t_reply_matching: hash 10797 label 0 branch 0
 3(10) DEBUG: tm [t_lookup.c:986]: t_reply_matching(): reply (0x72ec244160a0) matched an active transaction (T=0x72ec200ee2f0)!
 3(10) DEBUG: tm [t_lookup.c:1122]: t_check_msg(): msg (0x72ec244160a0) id=2/10 global id=2/10 T end=0x72ec200ee2f0
 3(10) DEBUG: tm [t_reply.c:2363]: reply_received(): transaction found - T:0x72ec200ee2f0 branch:0
 3(10) DEBUG: tm [t_reply.c:2376]: reply_received(): original status uas=100, uac[0]=0 local=0 is_invite=1)
 3(10) DEBUG: tm [t_reply.c:1363]: t_should_relay_response(): ->>>>>>>>> T_code=100, new_code=100
 3(10) DEBUG: tm [t_reply.c:1613]: t_should_relay_response(): rps provisional - uas status: 100
 3(10) DEBUG: tm [t_reply.c:1924]: relay_reply(): reply status=5 branch=0, save=0, relay=-1 icode=0 msg status=100
 3(10) DEBUG: <core> [core/receive.c:617]: receive_msg(): reply-route executed in: 315 usec
 3(10) DEBUG: <core> [core/usr_avp.c:637]: destroy_avp_list(): destroying list (nil)
 3(10) DEBUG: <core> [core/usr_avp.c:637]: destroy_avp_list(): destroying list (nil)
 3(10) DEBUG: <core> [core/usr_avp.c:637]: destroy_avp_list(): destroying list (nil)
 3(10) DEBUG: <core> [core/usr_avp.c:637]: destroy_avp_list(): destroying list (nil)
 3(10) DEBUG: <core> [core/usr_avp.c:637]: destroy_avp_list(): destroying list (nil)
 3(10) DEBUG: <core> [core/usr_avp.c:637]: destroy_avp_list(): destroying list (nil)
 3(10) DEBUG: <core> [core/xavp.c:541]: xavp_destroy_list(): destroying xavp list (nil)
 3(10) DEBUG: <core> [core/xavp.c:541]: xavp_destroy_list(): destroying xavp list (nil)
 3(10) DEBUG: <core> [core/xavp.c:541]: xavp_destroy_list(): destroying xavp list (nil)
 3(10) DEBUG: <core> [core/receive.c:628]: receive_msg(): cleaning up
 4(11) DEBUG: <core> [core/udp_server.c:494]: udp_rcv_loop(): received on udp socket: (106/100/437) [[SIP/2.0 180 Ringing 0D  0A Via: SIP/2.0/UDP 10.100.0.10;branch=z9hG4bKd2a2.fc98166bd3c5d34f7c5414e7c948f17]]
 4(11) DEBUG: <core> [core/parser/parse_fline.c:249]: parse_first_line(): first line type 2 (reply(status)) flags 1
 4(11) DEBUG: <core> [core/parser/msg_parser.c:689]: parse_msg(): SIP Reply  (status):
 4(11) DEBUG: <core> [core/parser/msg_parser.c:690]: parse_msg():  version: <SIP/2.0>
 4(11) DEBUG: <core> [core/parser/msg_parser.c:692]: parse_msg():  status:  <180>
 4(11) DEBUG: <core> [core/parser/msg_parser.c:694]: parse_msg():  reason:  <Ringing>
 4(11) DEBUG: <core> [core/parser/parse_hname2.c:301]: parse_sip_header_name(): parsed header name [Via] type 1
 4(11) DEBUG: <core> [core/parser/parse_via.c:1300]: parse_via_param(): Found param type 232, <branch> = <z9hG4bKd2a2.fc98166bd3c5d34f7c5414e7c948f17f.0>; state=16
 4(11) DEBUG: <core> [core/parser/parse_via.c:2639]: parse_via(): end of header reached, state=5
 4(11) DEBUG: <core> [core/parser/msg_parser.c:555]: parse_headers(): Via found, flags=2
 4(11) DEBUG: <core> [core/parser/msg_parser.c:557]: parse_headers(): this is the first via
 4(11) DEBUG: <core> [core/parser/parse_hname2.c:301]: parse_sip_header_name(): parsed header name [Via] type 1
 4(11) DEBUG: <core> [core/parser/parse_via.c:1300]: parse_via_param(): Found param type 234, <received> = <10.100.0.2>; state=6
 4(11) DEBUG: <core> [core/parser/parse_via.c:1300]: parse_via_param(): Found param type 232, <branch> = <z9hG4bK.w33HXpIcX>; state=6
 4(11) DEBUG: <core> [core/parser/parse_via.c:1300]: parse_via_param(): Found param type 235, <rport> = <5080>; state=16
 4(11) DEBUG: <core> [core/parser/parse_via.c:2639]: parse_via(): end of header reached, state=5
 4(11) DEBUG: <core> [core/parser/msg_parser.c:555]: parse_headers(): Via found, flags=78
 4(11) DEBUG: <core> [core/parser/msg_parser.c:568]: parse_headers(): this is the second via
 4(11) DEBUG: <core> [core/parser/parse_hname2.c:301]: parse_sip_header_name(): parsed header name [From] type 4
 4(11) DEBUG: <core> [core/parser/parse_hname2.c:301]: parse_sip_header_name(): parsed header name [To] type 3
 4(11) DEBUG: <core> [core/parser/parse_addr_spec.c:185]: parse_to_param(): add param: tag=G3zjbuB
 4(11) DEBUG: <core> [core/parser/parse_addr_spec.c:884]: parse_addr_spec(): end of header reached, state=29
 4(11) DEBUG: <core> [core/parser/msg_parser.c:172]: get_hdr_field(): <To> [35]; uri=[sip:ue1@10.100.0.10]
 4(11) DEBUG: <core> [core/parser/msg_parser.c:174]: get_hdr_field(): to body (21)[<sip:ue1@10.100.0.10>], to tag (7)[G3zjbuB]
 4(11) DEBUG: <core> [core/parser/parse_hname2.c:301]: parse_sip_header_name(): parsed header name [Call-ID] type 6
 4(11) DEBUG: <core> [core/parser/parse_hname2.c:301]: parse_sip_header_name(): parsed header name [CSeq] type 5
 4(11) DEBUG: <core> [core/parser/msg_parser.c:152]: get_hdr_field(): cseq <CSeq>: <20> <INVITE>
 4(11) DEBUG: <core> [core/receive.c:389]: receive_msg(): --- received sip message - reply - call-id: [60G5ohQ39k] - cseq: [20 INVITE]
 4(11) DEBUG: <core> [core/receive.c:261]: ksr_evrt_pre_routing(): event route core:pre-routing not defined
 4(11) DEBUG: <core> [core/parser/parse_hname2.c:301]: parse_sip_header_name(): parsed header name [User-Agent] type 28
 4(11) DEBUG: <core> [core/parser/parse_hname2.c:301]: parse_sip_header_name(): parsed header name [Supported] type 17
 4(11) DEBUG: <core> [core/parser/parse_hname2.c:301]: parse_sip_header_name(): parsed header name [Record-route] type 10
 4(11) DEBUG: <core> [core/parser/msg_parser.c:91]: get_hdr_field(): found end of header
 4(11) DEBUG: tm [t_lookup.c:1053]: t_check_msg(): msg (0x72ec244160a0) id=2/11 global id=1/11 T start=(nil)
 4(11) DEBUG: tm [t_lookup.c:912]: t_reply_matching(): t_reply_matching: hash 10797 label 0 branch 0
 4(11) DEBUG: tm [t_lookup.c:986]: t_reply_matching(): reply (0x72ec244160a0) matched an active transaction (T=0x72ec200ee2f0)!
 4(11) DEBUG: tm [t_lookup.c:1122]: t_check_msg(): msg (0x72ec244160a0) id=2/11 global id=2/11 T end=0x72ec200ee2f0
 4(11) DEBUG: tm [t_reply.c:2363]: reply_received(): transaction found - T:0x72ec200ee2f0 branch:0
 4(11) DEBUG: tm [t_reply.c:2376]: reply_received(): original status uas=100, uac[0]=100 local=0 is_invite=1)
 4(11) DEBUG: tm [t_reply.c:1363]: t_should_relay_response(): ->>>>>>>>> T_code=100, new_code=180
 4(11) DEBUG: tm [t_reply.c:1613]: t_should_relay_response(): rps provisional - uas status: 100
 4(11) DEBUG: tm [t_reply.c:1924]: relay_reply(): reply status=5 branch=0, save=0, relay=0 icode=0 msg status=180
 4(11) DEBUG: <core> [core/msg_translator.c:2340]: generate_res_buf_from_sip_res(): old size: 437, new size: 353
 4(11) DEBUG: <core> [core/msg_translator.c:2357]: generate_res_buf_from_sip_res(): copied size: orig:105, new: 21, rest: 332 msg=
SIP/2.0 180 Ringing
Via: SIP/2.0/UDP 10.45.0.3:5080;received=10.100.0.2;branch=z9hG4bK.w33HXpIcX;rport=5080
From: <sip:ue2@10.100.0.10>;tag=F3tzt-wzu
To: <sip:ue1@10.100.0.10>;tag=G3zjbuB
Call-ID: 60G5ohQ39k
CSeq: 20 INVITE
User-Agent: Linphonec/4.4.21
Supported: replaces, outbound, gruu
Record-route: <sip:10.100.0.10;lr=on;ftag=F3tzt-wzu>


 4(11) DEBUG: tm [t_reply.c:2126]: relay_reply(): reply buffer sent out
 4(11) DEBUG: <core> [core/receive.c:617]: receive_msg(): reply-route executed in: 618 usec
 4(11) DEBUG: <core> [core/usr_avp.c:637]: destroy_avp_list(): destroying list (nil)
 4(11) DEBUG: <core> [core/usr_avp.c:637]: destroy_avp_list(): destroying list (nil)
 4(11) DEBUG: <core> [core/usr_avp.c:637]: destroy_avp_list(): destroying list (nil)
 4(11) DEBUG: <core> [core/usr_avp.c:637]: destroy_avp_list(): destroying list (nil)
 4(11) DEBUG: <core> [core/usr_avp.c:637]: destroy_avp_list(): destroying list (nil)
 4(11) DEBUG: <core> [core/usr_avp.c:637]: destroy_avp_list(): destroying list (nil)
 4(11) DEBUG: <core> [core/xavp.c:541]: xavp_destroy_list(): destroying xavp list (nil)
 4(11) DEBUG: <core> [core/xavp.c:541]: xavp_destroy_list(): destroying xavp list (nil)
 4(11) DEBUG: <core> [core/xavp.c:541]: xavp_destroy_list(): destroying xavp list (nil)
 4(11) DEBUG: <core> [core/receive.c:628]: receive_msg(): cleaning up
 1(8) DEBUG: <core> [core/udp_server.c:494]: udp_rcv_loop(): received on udp socket: (112/100/1224) [[SIP/2.0 200 Ok 0D  0A Via: SIP/2.0/UDP 10.100.0.10;branch=z9hG4bKd2a2.fc98166bd3c5d34f7c5414e7c948f17f.0 0D  0A ]]
 1(8) DEBUG: <core> [core/parser/parse_fline.c:249]: parse_first_line(): first line type 2 (reply(status)) flags 1
 1(8) DEBUG: <core> [core/parser/msg_parser.c:689]: parse_msg(): SIP Reply  (status):
 1(8) DEBUG: <core> [core/parser/msg_parser.c:690]: parse_msg():  version: <SIP/2.0>
 1(8) DEBUG: <core> [core/parser/msg_parser.c:692]: parse_msg():  status:  <200>
 1(8) DEBUG: <core> [core/parser/msg_parser.c:694]: parse_msg():  reason:  <Ok>
 1(8) DEBUG: <core> [core/parser/parse_hname2.c:301]: parse_sip_header_name(): parsed header name [Via] type 1
 1(8) DEBUG: <core> [core/parser/parse_via.c:1300]: parse_via_param(): Found param type 232, <branch> = <z9hG4bKd2a2.fc98166bd3c5d34f7c5414e7c948f17f.0>; state=16
 1(8) DEBUG: <core> [core/parser/parse_via.c:2639]: parse_via(): end of header reached, state=5
 1(8) DEBUG: <core> [core/parser/msg_parser.c:555]: parse_headers(): Via found, flags=2
 1(8) DEBUG: <core> [core/parser/msg_parser.c:557]: parse_headers(): this is the first via
 1(8) DEBUG: <core> [core/parser/parse_hname2.c:301]: parse_sip_header_name(): parsed header name [Via] type 1
 1(8) DEBUG: <core> [core/parser/parse_via.c:1300]: parse_via_param(): Found param type 234, <received> = <10.100.0.2>; state=6
 1(8) DEBUG: <core> [core/parser/parse_via.c:1300]: parse_via_param(): Found param type 232, <branch> = <z9hG4bK.w33HXpIcX>; state=6
 1(8) DEBUG: <core> [core/parser/parse_via.c:1300]: parse_via_param(): Found param type 235, <rport> = <5080>; state=16
 1(8) DEBUG: <core> [core/parser/parse_via.c:2639]: parse_via(): end of header reached, state=5
 1(8) DEBUG: <core> [core/parser/msg_parser.c:555]: parse_headers(): Via found, flags=78
 1(8) DEBUG: <core> [core/parser/msg_parser.c:568]: parse_headers(): this is the second via
 1(8) DEBUG: <core> [core/parser/parse_hname2.c:301]: parse_sip_header_name(): parsed header name [From] type 4
 1(8) DEBUG: <core> [core/parser/parse_hname2.c:301]: parse_sip_header_name(): parsed header name [To] type 3
 1(8) DEBUG: <core> [core/parser/parse_addr_spec.c:185]: parse_to_param(): add param: tag=G3zjbuB
 1(8) DEBUG: <core> [core/parser/parse_addr_spec.c:884]: parse_addr_spec(): end of header reached, state=29
 1(8) DEBUG: <core> [core/parser/msg_parser.c:172]: get_hdr_field(): <To> [35]; uri=[sip:ue1@10.100.0.10]
 1(8) DEBUG: <core> [core/parser/msg_parser.c:174]: get_hdr_field(): to body (21)[<sip:ue1@10.100.0.10>], to tag (7)[G3zjbuB]
 1(8) DEBUG: <core> [core/parser/parse_hname2.c:301]: parse_sip_header_name(): parsed header name [Call-ID] type 6
 1(8) DEBUG: <core> [core/parser/parse_hname2.c:301]: parse_sip_header_name(): parsed header name [CSeq] type 5
 1(8) DEBUG: <core> [core/parser/msg_parser.c:152]: get_hdr_field(): cseq <CSeq>: <20> <INVITE>
 1(8) DEBUG: <core> [core/receive.c:389]: receive_msg(): --- received sip message - reply - call-id: [60G5ohQ39k] - cseq: [20 INVITE]
 1(8) DEBUG: <core> [core/receive.c:261]: ksr_evrt_pre_routing(): event route core:pre-routing not defined
 1(8) DEBUG: <core> [core/parser/parse_hname2.c:301]: parse_sip_header_name(): parsed header name [User-Agent] type 28
 1(8) DEBUG: <core> [core/parser/parse_hname2.c:301]: parse_sip_header_name(): parsed header name [Supported] type 17
 1(8) DEBUG: <core> [core/parser/parse_hname2.c:301]: parse_sip_header_name(): parsed header name [Allow] type 21
 1(8) DEBUG: <core> [core/parser/parse_hname2.c:301]: parse_sip_header_name(): parsed header name [Contact] type 7
 1(8) DEBUG: <core> [core/parser/parse_hname2.c:301]: parse_sip_header_name(): parsed header name [Content-Type] type 11
 1(8) DEBUG: <core> [core/parser/parse_hname2.c:301]: parse_sip_header_name(): parsed header name [Content-Length] type 12
 1(8) DEBUG: <core> [core/parser/msg_parser.c:187]: get_hdr_field(): content_length=484
 1(8) DEBUG: textops [textops.c:4144]: has_body_helper(): content type is 196611
 1(8) DEBUG: <core> [core/parser/parse_hname2.c:301]: parse_sip_header_name(): parsed header name [Record-route] type 10
 1(8) DEBUG: <core> [core/parser/msg_parser.c:91]: get_hdr_field(): found end of header
 1(8) DEBUG: <core> [core/parser/sdp/sdp_helpr_funcs.c:682]: extract_sess_version(): oline(32): >o=ue1 892 488 IN IP4 10.45.0.2
<
 1(8) DEBUG: <core> [core/parser/sdp/sdp_helpr_funcs.c:711]: extract_sess_version(): end 3: >488<
 1(8) DEBUG: <core> [core/parser/sdp/sdp_helpr_funcs.c:566]: extract_mediaip(): located IP address [10.45.0.2] in `o=' field
 1(8) DEBUG: <core> [core/parser/sdp/sdp_helpr_funcs.c:566]: extract_mediaip(): located IP address [10.45.0.2] in `c=' field
 1(8) DEBUG: <core> [core/parser/sdp/sdp.c:599]: parse_sdp_session(): ignoring unknown type in a= line: `a=rtcp-fb:* trr-int ...'
 1(8) DEBUG: <core> [core/parser/sdp/sdp.c:599]: parse_sdp_session(): ignoring unknown type in a= line: `a=rtcp-fb:* ccm tmmb...'
 1(8) DEBUG: <core> [core/parser/parse_addr_spec.c:185]: parse_to_param(): add param: tag=F3tzt-wzu
 1(8) DEBUG: <core> [core/parser/parse_addr_spec.c:884]: parse_addr_spec(): end of header reached, state=29
 1(8) DEBUG: rtpengine [rtpengine_funcs.c:144]: check_content_type(): type <application/sdp> found valid
 1(8) DEBUG: rtpengine [rtpengine.c:1861]: build_rtpp_socks(): same rtpengines list version: 1 (1785186633)
 1(8) DEBUG: rtpengine [rtpengine.c:3309]: select_rtpp_node_old(): rtpengine hash table lookup find node=udp:10.100.0.11:22222 for calllen=10 callid=60G5ohQ39k viabranch=
 1(8) DEBUG: rtpengine [rtpengine.c:2720]: rtpp_function_call(): proxy reply: d3:sdp559:v=0
o=ue1 892 488 IN IP4 10.100.0.11
s=Talk
c=IN IP4 10.100.0.11
t=0 0
a=rtcp-xr:rcvr-rtt=all:10000 stat-summary=loss,dup,jitt,TTL voip-metrics
m=audio 30022 RTP/AVP 96 97 98 0 8 101 99 100
a=rtcp-fb:* trr-int 1000
a=rtcp-fb:* ccm tmmbr
a=rtpmap:96 opus/48000/2
a=fmtp:96 useinbandfec=1
a=rtpmap:97 speex/16000
a=fmtp:97 vbr=on
a=rtpmap:98 speex/8000
a=fmtp:98 vbr=on
a=rtpmap:0 PCMU/8000
a=rtpmap:8 PCMA/8000
a=rtpmap:101 telephone-event/48000
a=rtpmap:99 telephone-event/16000
a=rtpmap:100 telephone-event/8000
a=sendrecv
a=rtcp:30023
6:result2:oke
 1(8) DEBUG: tm [t_lookup.c:1053]: t_check_msg(): msg (0x72ec244160a0) id=2/8 global id=1/8 T start=(nil)
 1(8) DEBUG: tm [t_lookup.c:912]: t_reply_matching(): t_reply_matching: hash 10797 label 0 branch 0
 1(8) DEBUG: tm [t_lookup.c:986]: t_reply_matching(): reply (0x72ec244160a0) matched an active transaction (T=0x72ec200ee2f0)!
 1(8) DEBUG: tm [t_lookup.c:1122]: t_check_msg(): msg (0x72ec244160a0) id=2/8 global id=2/8 T end=0x72ec200ee2f0
 1(8) DEBUG: tm [t_reply.c:2363]: reply_received(): transaction found - T:0x72ec200ee2f0 branch:0
 1(8) DEBUG: tm [t_reply.c:2376]: reply_received(): original status uas=180, uac[0]=180 local=0 is_invite=1)
 1(8) DEBUG: tm [t_reply.c:1363]: t_should_relay_response(): ->>>>>>>>> T_code=180, new_code=200
 1(8) DEBUG: tm [t_reply.c:1610]: t_should_relay_response(): rps completed - uas status: 180
 1(8) DEBUG: tm [t_reply.c:1924]: relay_reply(): reply status=4 branch=0, save=0, relay=0 icode=0 msg status=200
 1(8) DEBUG: <core> [core/msg_translator.c:432]: clen_builder(): content-length: 559 (559)
 1(8) DEBUG: <core> [core/msg_translator.c:2340]: generate_res_buf_from_sip_res(): old size: 1224, new size: 1215
 1(8) DEBUG: <core> [core/msg_translator.c:2357]: generate_res_buf_from_sip_res(): copied size: orig:1224, new: 1215, rest: 0 msg=
SIP/2.0 200 Ok
Via: SIP/2.0/UDP 10.45.0.3:5080;received=10.100.0.2;branch=z9hG4bK.w33HXpIcX;rport=5080
From: <sip:ue2@10.100.0.10>;tag=F3tzt-wzu
To: <sip:ue1@10.100.0.10>;tag=G3zjbuB
Call-ID: 60G5ohQ39k
CSeq: 20 INVITE
User-Agent: Linphonec/4.4.21
Supported: replaces, outbound, gruu
Allow: INVITE, ACK, CANCEL, OPTIONS, BYE, REFER, NOTIFY, MESSAGE, SUBSCRIBE, INFO, PRACK, UPDATE
Contact: <sip:ue1@10.100.0.2:64767;transport=udp>;expires=60;received="sip:10.100.0.2:64767";+sip.instance="<urn:uuid:0eb0eedb-d3c7-0093-a588-a2ecb233c438>"
Content-Type: application/sdp
Content-Length: 559
Record-route: <sip:10.100.0.10;lr=on;ftag=F3tzt-wzu>

v=0
o=ue1 892 488 IN IP4 10.100.0.11
s=Talk
c=IN IP4 10.100.0.11
t=0 0
a=rtcp-xr:rcvr-rtt=all:10000 stat-summary=loss,dup,jitt,TTL voip-metrics
m=audio 30022 RTP/AVP 96 97 98 0 8 101 99 100
a=rtcp-fb:* trr-int 1000
a=rtcp-fb:* ccm tmmbr
a=rtpmap:96 opus/48000/2
a=fmtp:96 useinbandfec=1
a=rtpmap:97 speex/16000
a=fmtp:97 vbr=on
a=rtpmap:98 speex/8000
a=fmtp:98 vbr=on
a=rtpmap:0 PCMU/8000
a=rtpmap:8 PCMA/8000
a=rtpmap:101 telephone-event/48000
a=rtpmap:99 telephone-event/16000
a=rtpmap:100 telephone-event/8000
a=sendrecv
a=rtcp:30023

 1(8) DEBUG: tm [t_reply.c:2126]: relay_reply(): reply buffer sent out
 1(8) DEBUG: tm [t_funcs.c:120]: put_on_wait(): put T [0x72ec200ee2f0] on wait
 1(8) DEBUG: tm [t_reply.c:1763]: cleanup_uac_timers(): RETR/FR timers reset
 1(8) DEBUG: <core> [core/receive.c:617]: receive_msg(): reply-route executed in: 4200 usec
 1(8) DEBUG: <core> [core/usr_avp.c:637]: destroy_avp_list(): destroying list (nil)
 1(8) DEBUG: <core> [core/usr_avp.c:637]: destroy_avp_list(): destroying list (nil)
 1(8) DEBUG: <core> [core/usr_avp.c:637]: destroy_avp_list(): destroying list (nil)
 1(8) DEBUG: <core> [core/usr_avp.c:637]: destroy_avp_list(): destroying list (nil)
 1(8) DEBUG: <core> [core/usr_avp.c:637]: destroy_avp_list(): destroying list (nil)
 1(8) DEBUG: <core> [core/usr_avp.c:637]: destroy_avp_list(): destroying list (nil)
 1(8) DEBUG: <core> [core/xavp.c:541]: xavp_destroy_list(): destroying xavp list (nil)
 1(8) DEBUG: <core> [core/xavp.c:541]: xavp_destroy_list(): destroying xavp list (nil)
 1(8) DEBUG: <core> [core/xavp.c:541]: xavp_destroy_list(): destroying xavp list (nil)
 1(8) DEBUG: <core> [core/receive.c:628]: receive_msg(): cleaning up
 1(8) DEBUG: <core> [core/parser/sdp/sdp.c:863]: free_sdp(): _sdp = 0x72ec24416288
 1(8) DEBUG: <core> [core/parser/sdp/sdp.c:865]: free_sdp(): sdp = 0x72ec24403a88
 1(8) DEBUG: <core> [core/parser/sdp/sdp.c:867]: free_sdp(): session = 0x72ec24403b30
 2(9) DEBUG: <core> [core/udp_server.c:494]: udp_rcv_loop(): received on udp socket: (106/100/330) [[ACK sip:ue1@10.100.0.2:64767;transport=udp SIP/2.0 0D  0A Via: SIP/2.0/UDP 10.45.0.3:5080;rport;branch=z9h]]
 2(9) DEBUG: <core> [core/parser/parse_fline.c:249]: parse_first_line(): first line type 1 (request) flags 1
 2(9) DEBUG: <core> [core/parser/msg_parser.c:679]: parse_msg(): SIP Request:
 2(9) DEBUG: <core> [core/parser/msg_parser.c:680]: parse_msg():  method:  <ACK>
 2(9) DEBUG: <core> [core/parser/msg_parser.c:682]: parse_msg():  uri:     <sip:ue1@10.100.0.2:64767;transport=udp>
 2(9) DEBUG: <core> [core/parser/msg_parser.c:684]: parse_msg():  version: <SIP/2.0>
 2(9) DEBUG: <core> [core/parser/parse_hname2.c:301]: parse_sip_header_name(): parsed header name [Via] type 1
 2(9) DEBUG: <core> [core/parser/parse_via.c:1300]: parse_via_param(): Found param type 235, <rport> = <n/a>; state=6
 2(9) DEBUG: <core> [core/parser/parse_via.c:1300]: parse_via_param(): Found param type 232, <branch> = <z9hG4bK.e-cBYZU8S>; state=16
 2(9) DEBUG: <core> [core/parser/parse_via.c:2639]: parse_via(): end of header reached, state=5
 2(9) DEBUG: <core> [core/parser/msg_parser.c:555]: parse_headers(): Via found, flags=2
 2(9) DEBUG: <core> [core/parser/msg_parser.c:557]: parse_headers(): this is the first via
 2(9) DEBUG: <core> [core/parser/parse_hname2.c:301]: parse_sip_header_name(): parsed header name [From] type 4
 2(9) DEBUG: <core> [core/parser/parse_hname2.c:301]: parse_sip_header_name(): parsed header name [To] type 3
 2(9) DEBUG: <core> [core/parser/parse_addr_spec.c:185]: parse_to_param(): add param: tag=G3zjbuB
 2(9) DEBUG: <core> [core/parser/parse_addr_spec.c:884]: parse_addr_spec(): end of header reached, state=29
 2(9) DEBUG: <core> [core/parser/msg_parser.c:172]: get_hdr_field(): <To> [35]; uri=[sip:ue1@10.100.0.10]
 2(9) DEBUG: <core> [core/parser/msg_parser.c:174]: get_hdr_field(): to body (21)[<sip:ue1@10.100.0.10>], to tag (7)[G3zjbuB]
 2(9) DEBUG: <core> [core/parser/parse_hname2.c:301]: parse_sip_header_name(): parsed header name [CSeq] type 5
 2(9) DEBUG: <core> [core/parser/msg_parser.c:152]: get_hdr_field(): cseq <CSeq>: <20> <ACK>
 2(9) DEBUG: <core> [core/parser/parse_hname2.c:301]: parse_sip_header_name(): parsed header name [Call-ID] type 6
 2(9) DEBUG: <core> [core/receive.c:389]: receive_msg(): --- received sip message - request - call-id: [60G5ohQ39k] - cseq: [20 ACK]
 2(9) DEBUG: <core> [core/receive.c:261]: ksr_evrt_pre_routing(): event route core:pre-routing not defined
 2(9) DEBUG: <core> [core/receive.c:471]: receive_msg(): preparing to run routing scripts...
 2(9) DEBUG: sl [sl_funcs.c:447]: sl_filter_ACK(): too late to be a local ACK!
 2(9) DEBUG: sanity [sanity.c:247]: check_ruri_sip_version(): check_ruri_sip_version entered
 2(9) DEBUG: sanity [sanity.c:270]: check_ruri_sip_version(): check_ruri_sip_version passed
 2(9) DEBUG: sanity [sanity.c:277]: check_ruri_scheme(): check_ruri_scheme entered
 2(9) DEBUG: sanity [sanity.c:297]: check_ruri_scheme(): check_ruri_scheme passed
 2(9) DEBUG: sanity [sanity.c:318]: check_required_headers(): check_required_headers entered
 2(9) DEBUG: <core> [core/parser/parse_hname2.c:301]: parse_sip_header_name(): parsed header name [Max-Forwards] type 8
 2(9) DEBUG: <core> [core/parser/parse_hname2.c:301]: parse_sip_header_name(): parsed header name [Route] type 9
 2(9) DEBUG: <core> [core/parser/parse_hname2.c:301]: parse_sip_header_name(): parsed header name [User-Agent] type 28
 2(9) DEBUG: <core> [core/parser/msg_parser.c:91]: get_hdr_field(): found end of header
 2(9) DEBUG: sanity [sanity.c:340]: check_required_headers(): check_required_headers passed
 2(9) DEBUG: sanity [sanity.c:506]: check_cseq_method(): check_cseq_method entered
 2(9) DEBUG: sanity [sanity.c:539]: check_cseq_method(): check_cseq_method passed
 2(9) DEBUG: sanity [sanity.c:548]: check_cseq_value(): check_cseq_value entered
 2(9) DEBUG: sanity [sanity.c:576]: check_cseq_value(): check_cseq_value passed
 2(9) DEBUG: sanity [sanity.c:585]: check_cl(): check_cl entered
 2(9) WARNING: sanity [sanity.c:612]: check_cl(): content length header missing in request
 2(9) DEBUG: sanity [sanity.c:622]: check_expires_value(): check_expires_value entered
 2(9) DEBUG: sanity [sanity.c:659]: check_expires_value(): no expires header found
 2(9) DEBUG: sanity [sanity.c:758]: check_parse_uris(): check_parse_uris entered
 2(9) DEBUG: sanity [sanity.c:762]: check_parse_uris(): parsing ruri
 2(9) DEBUG: sanity [sanity.c:776]: check_parse_uris(): looking up From header
 2(9) DEBUG: <core> [core/parser/parse_addr_spec.c:185]: parse_to_param(): add param: tag=F3tzt-wzu
 2(9) DEBUG: <core> [core/parser/parse_addr_spec.c:884]: parse_addr_spec(): end of header reached, state=29
 2(9) DEBUG: sanity [sanity.c:791]: check_parse_uris(): looking up To header
 2(9) DEBUG: sanity [sanity.c:838]: check_parse_uris(): check_parse_uris passed
 2(9) DEBUG: sanity [sanity_mod.c:254]: w_sanity_check(): sanity checks result: 1
 2(9) DEBUG: maxfwd [mf_funcs.c:74]: is_maxfwd_present(): value = 70 
 2(9) DEBUG: <core> [core/socket_info.c:702]: grep_sock_info(): checking if host==us: 11==11 && [10.100.0.10] == [10.100.0.10]
 2(9) DEBUG: <core> [core/socket_info.c:709]: grep_sock_info(): checking if port 5060 (advertise 0) matches port 5060
 2(9) DEBUG: <core> [core/forward.c:429]: check_self(): host (0:10.100.0.10:5060) == me
 2(9) DEBUG: rr [loose.c:1102]: redo_route_params(): Topmost route URI: 'sip:10.100.0.10;lr=on;ftag=F3tzt-wzu' is me
 2(9) DEBUG: rr [record.c:479]: record_route(): inserted record route (r2: 1 - plen: 0)
 2(9) DEBUG: siputils [checks.c:123]: has_totag(): totag found
 2(9) DEBUG: rr [loose.c:85]: is_preloaded(): is_preloaded: No
 2(9) DEBUG: <core> [core/socket_info.c:702]: grep_sock_info(): checking if host==us: 10==11 && [10.100.0.2] == [10.100.0.10]
 2(9) DEBUG: <core> [core/socket_info.c:709]: grep_sock_info(): checking if port 5060 (advertise 0) matches port 64767
 2(9) DEBUG: <core> [core/socket_info.c:702]: grep_sock_info(): checking if host==us: 10==7 && [10.100.0.2] == [0.0.0.0]
 2(9) DEBUG: <core> [core/socket_info.c:709]: grep_sock_info(): checking if port 5060 (advertise 0) matches port 64767
 2(9) DEBUG: <core> [core/name_alias.h:62]: grep_aliases(): matching (0:10.100.0.2:64767) vs. (1:e7fab9f716f5:5060)
 2(9) DEBUG: <core> [core/name_alias.h:62]: grep_aliases(): matching (0:10.100.0.2:64767) vs. (0:kamailio:0)
 2(9) DEBUG: <core> [core/forward.c:431]: check_self(): host (0:10.100.0.2:64767) != me
 2(9) DEBUG: <core> [core/socket_info.c:702]: grep_sock_info(): checking if host==us: 11==11 && [10.100.0.10] == [10.100.0.10]
 2(9) DEBUG: <core> [core/socket_info.c:709]: grep_sock_info(): checking if port 5060 (advertise 0) matches port 5060
 2(9) DEBUG: <core> [core/forward.c:429]: check_self(): host (0:10.100.0.10:5060) == me
 2(9) DEBUG: rr [loose.c:855]: after_loose(): Topmost route URI: 'sip:10.100.0.10;lr=on;ftag=F3tzt-wzu' is me
 2(9) DEBUG: <core> [core/parser/msg_parser.c:91]: get_hdr_field(): found end of header
 2(9) DEBUG: rr [loose.c:181]: find_next_route(): No next Route HF found
 2(9) DEBUG: rr [loose.c:886]: after_loose(): No next URI found
 2(9) DEBUG: tm [t_lookup.c:1346]: t_newtran(): msg (0x72ec244160a0) id=3/9 global id=2/9 T start=0xffffffffffffffff
 2(9) DEBUG: tm [t_lookup.c:497]: t_lookup_request(): start searching: hash=10797, isACK=1
 2(9) DEBUG: tm [t_lookup.c:455]: matching_3261(): RFC3261 transaction matching failed - via branch [z9hG4bK.e-cBYZU8S]
 2(9) DEBUG: tm [t_lookup.c:675]: t_lookup_request(): no transaction found
 2(9) DEBUG: tm [t_funcs.c:283]: t_relay_to(): forwarding ACK statelessly
 2(9) DEBUG: <core> [core/crypto/md5utils.c:67]: MD5StringArray(): MD5 calculated: ce9bde5592a917c4ce6ccf22cd2e4670
 2(9) DEBUG: <core> [core/forward.c:175]: get_out_socket(): socket determined: 0x72ec243cb078
 2(9) DEBUG: <core> [core/msg_translator.c:1799]: check_boundaries(): no multi-part body
 2(9) DEBUG: <core> [core/forward.c:577]: forward_request(): Sending:
ACK sip:ue1@10.100.0.2:64767;transport=udp SIP/2.0
Record-Route: <sip:10.100.0.10;lr=on;ftag=F3tzt-wzu>
Via: SIP/2.0/UDP 10.100.0.10;branch=z9hG4bKd2a2.ce9bde5592a917c4ce6ccf22cd2e4670.0
Via: SIP/2.0/UDP 10.45.0.3:5080;received=10.100.0.2;rport=5080;branch=z9hG4bK.e-cBYZU8S
From: <sip:ue2@10.100.0.10>;tag=F3tzt-wzu
To: <sip:ue1@10.100.0.10>;tag=G3zjbuB
CSeq: 20 ACK
Call-ID: 60G5ohQ39k
Max-Forwards: 69
User-Agent: Linphonec/4.4.21

.
 2(9) DEBUG: <core> [core/forward.c:578]: forward_request(): orig. len=330, new_len=446, proto=1
 2(9) DEBUG: <core> [core/receive.c:528]: receive_msg(): request-route executed in: 1923 usec
 2(9) DEBUG: <core> [core/usr_avp.c:637]: destroy_avp_list(): destroying list (nil)
 2(9) DEBUG: <core> [core/usr_avp.c:637]: destroy_avp_list(): destroying list (nil)
 2(9) DEBUG: <core> [core/usr_avp.c:637]: destroy_avp_list(): destroying list (nil)
 2(9) DEBUG: <core> [core/usr_avp.c:637]: destroy_avp_list(): destroying list (nil)
 2(9) DEBUG: <core> [core/usr_avp.c:637]: destroy_avp_list(): destroying list (nil)
 2(9) DEBUG: <core> [core/usr_avp.c:637]: destroy_avp_list(): destroying list (nil)
 2(9) DEBUG: <core> [core/xavp.c:541]: xavp_destroy_list(): destroying xavp list (nil)
 2(9) DEBUG: <core> [core/xavp.c:541]: xavp_destroy_list(): destroying xavp list (nil)
 2(9) DEBUG: <core> [core/xavp.c:541]: xavp_destroy_list(): destroying xavp list (nil)
 2(9) DEBUG: <core> [core/receive.c:628]: receive_msg(): cleaning up
 3(10) DEBUG: <core> [core/udp_server.c:517]: udp_rcv_loop(): probing packet received from 10.100.0.2 65532
 4(11) DEBUG: <core> [core/udp_server.c:517]: udp_rcv_loop(): probing packet received from 10.100.0.2 55315
10(17) DEBUG: tm [timer.c:646]: wait_handler(): finished transaction: 0x72ec200ee2f0 (p:0x72ec1ff1dc30/n:0x72ec1ff1dc30)
10(17) DEBUG: tm [h_table.c:132]: free_cell_helper(): freeing transaction 0x72ec200ee2f0 from timer.c:655
 1(8) DEBUG: <core> [core/udp_server.c:517]: udp_rcv_loop(): probing packet received from 10.100.0.2 55315
 2(9) DEBUG: <core> [core/udp_server.c:517]: udp_rcv_loop(): probing packet received from 10.100.0.2 65532
 3(10) DEBUG: <core> [core/udp_server.c:494]: udp_rcv_loop(): received on udp socket: (106/100/330) [[BYE sip:ue1@10.100.0.2:64767;transport=udp SIP/2.0 0D  0A Via: SIP/2.0/UDP 10.45.0.3:5080;branch=z9hG4bK.N]]
 3(10) DEBUG: <core> [core/parser/parse_fline.c:249]: parse_first_line(): first line type 1 (request) flags 1
 3(10) DEBUG: <core> [core/parser/msg_parser.c:679]: parse_msg(): SIP Request:
 3(10) DEBUG: <core> [core/parser/msg_parser.c:680]: parse_msg():  method:  <BYE>
 3(10) DEBUG: <core> [core/parser/msg_parser.c:682]: parse_msg():  uri:     <sip:ue1@10.100.0.2:64767;transport=udp>
 3(10) DEBUG: <core> [core/parser/msg_parser.c:684]: parse_msg():  version: <SIP/2.0>
 3(10) DEBUG: <core> [core/parser/parse_hname2.c:301]: parse_sip_header_name(): parsed header name [Via] type 1
 3(10) DEBUG: <core> [core/parser/parse_via.c:1300]: parse_via_param(): Found param type 232, <branch> = <z9hG4bK.NOdGEZBzG>; state=6
 3(10) DEBUG: <core> [core/parser/parse_via.c:1300]: parse_via_param(): Found param type 235, <rport> = <n/a>; state=17
 3(10) DEBUG: <core> [core/parser/parse_via.c:2639]: parse_via(): end of header reached, state=5
 3(10) DEBUG: <core> [core/parser/msg_parser.c:555]: parse_headers(): Via found, flags=2
 3(10) DEBUG: <core> [core/parser/msg_parser.c:557]: parse_headers(): this is the first via
 3(10) DEBUG: <core> [core/parser/parse_hname2.c:301]: parse_sip_header_name(): parsed header name [From] type 4
 3(10) DEBUG: <core> [core/parser/parse_hname2.c:301]: parse_sip_header_name(): parsed header name [To] type 3
 3(10) DEBUG: <core> [core/parser/parse_addr_spec.c:185]: parse_to_param(): add param: tag=G3zjbuB
 3(10) DEBUG: <core> [core/parser/parse_addr_spec.c:884]: parse_addr_spec(): end of header reached, state=29
 3(10) DEBUG: <core> [core/parser/msg_parser.c:172]: get_hdr_field(): <To> [35]; uri=[sip:ue1@10.100.0.10]
 3(10) DEBUG: <core> [core/parser/msg_parser.c:174]: get_hdr_field(): to body (21)[<sip:ue1@10.100.0.10>], to tag (7)[G3zjbuB]
 3(10) DEBUG: <core> [core/parser/parse_hname2.c:301]: parse_sip_header_name(): parsed header name [CSeq] type 5
 3(10) DEBUG: <core> [core/parser/msg_parser.c:152]: get_hdr_field(): cseq <CSeq>: <21> <BYE>
 3(10) DEBUG: <core> [core/parser/parse_hname2.c:301]: parse_sip_header_name(): parsed header name [Call-ID] type 6
 3(10) DEBUG: <core> [core/receive.c:389]: receive_msg(): --- received sip message - request - call-id: [60G5ohQ39k] - cseq: [21 BYE]
 3(10) DEBUG: <core> [core/receive.c:261]: ksr_evrt_pre_routing(): event route core:pre-routing not defined
 3(10) DEBUG: <core> [core/receive.c:471]: receive_msg(): preparing to run routing scripts...
 3(10) DEBUG: sanity [sanity.c:247]: check_ruri_sip_version(): check_ruri_sip_version entered
 3(10) DEBUG: sanity [sanity.c:270]: check_ruri_sip_version(): check_ruri_sip_version passed
 3(10) DEBUG: sanity [sanity.c:277]: check_ruri_scheme(): check_ruri_scheme entered
 3(10) DEBUG: sanity [sanity.c:297]: check_ruri_scheme(): check_ruri_scheme passed
 3(10) DEBUG: sanity [sanity.c:318]: check_required_headers(): check_required_headers entered
 3(10) DEBUG: <core> [core/parser/parse_hname2.c:301]: parse_sip_header_name(): parsed header name [Max-Forwards] type 8
 3(10) DEBUG: <core> [core/parser/parse_hname2.c:301]: parse_sip_header_name(): parsed header name [Route] type 9
 3(10) DEBUG: <core> [core/parser/parse_hname2.c:301]: parse_sip_header_name(): parsed header name [User-Agent] type 28
 3(10) DEBUG: <core> [core/parser/msg_parser.c:91]: get_hdr_field(): found end of header
 3(10) DEBUG: sanity [sanity.c:340]: check_required_headers(): check_required_headers passed
 3(10) DEBUG: sanity [sanity.c:506]: check_cseq_method(): check_cseq_method entered
 3(10) DEBUG: sanity [sanity.c:539]: check_cseq_method(): check_cseq_method passed
 3(10) DEBUG: sanity [sanity.c:548]: check_cseq_value(): check_cseq_value entered
 3(10) DEBUG: sanity [sanity.c:576]: check_cseq_value(): check_cseq_value passed
 3(10) DEBUG: sanity [sanity.c:585]: check_cl(): check_cl entered
 3(10) WARNING: sanity [sanity.c:612]: check_cl(): content length header missing in request
 3(10) DEBUG: sanity [sanity.c:622]: check_expires_value(): check_expires_value entered
 3(10) DEBUG: sanity [sanity.c:659]: check_expires_value(): no expires header found
 3(10) DEBUG: sanity [sanity.c:758]: check_parse_uris(): check_parse_uris entered
 3(10) DEBUG: sanity [sanity.c:762]: check_parse_uris(): parsing ruri
 3(10) DEBUG: sanity [sanity.c:776]: check_parse_uris(): looking up From header
 3(10) DEBUG: <core> [core/parser/parse_addr_spec.c:185]: parse_to_param(): add param: tag=F3tzt-wzu
 3(10) DEBUG: <core> [core/parser/parse_addr_spec.c:884]: parse_addr_spec(): end of header reached, state=29
 3(10) DEBUG: sanity [sanity.c:791]: check_parse_uris(): looking up To header
 3(10) DEBUG: sanity [sanity.c:838]: check_parse_uris(): check_parse_uris passed
 3(10) DEBUG: sanity [sanity_mod.c:254]: w_sanity_check(): sanity checks result: 1
 3(10) DEBUG: maxfwd [mf_funcs.c:74]: is_maxfwd_present(): value = 70 
 3(10) DEBUG: tm [t_lookup.c:1053]: t_check_msg(): msg (0x72ec244160a0) id=3/10 global id=2/10 T start=0xffffffffffffffff
 3(10) DEBUG: tm [t_lookup.c:497]: t_lookup_request(): start searching: hash=10798, isACK=0
 3(10) DEBUG: tm [t_lookup.c:455]: matching_3261(): RFC3261 transaction matching failed - via branch [z9hG4bK.NOdGEZBzG]
 3(10) DEBUG: tm [t_lookup.c:675]: t_lookup_request(): no transaction found
 3(10) DEBUG: tm [t_lookup.c:1122]: t_check_msg(): msg (0x72ec244160a0) id=3/10 global id=3/10 T end=(nil)
 3(10) DEBUG: <core> [core/socket_info.c:702]: grep_sock_info(): checking if host==us: 11==11 && [10.100.0.10] == [10.100.0.10]
 3(10) DEBUG: <core> [core/socket_info.c:709]: grep_sock_info(): checking if port 5060 (advertise 0) matches port 5060
 3(10) DEBUG: <core> [core/forward.c:429]: check_self(): host (0:10.100.0.10:5060) == me
 3(10) DEBUG: rr [loose.c:1102]: redo_route_params(): Topmost route URI: 'sip:10.100.0.10;lr=on;ftag=F3tzt-wzu' is me
 3(10) DEBUG: rr [record.c:479]: record_route(): inserted record route (r2: 1 - plen: 0)
 3(10) DEBUG: siputils [checks.c:123]: has_totag(): totag found
 3(10) DEBUG: rr [loose.c:85]: is_preloaded(): is_preloaded: No
 3(10) DEBUG: <core> [core/socket_info.c:702]: grep_sock_info(): checking if host==us: 10==11 && [10.100.0.2] == [10.100.0.10]
 3(10) DEBUG: <core> [core/socket_info.c:709]: grep_sock_info(): checking if port 5060 (advertise 0) matches port 64767
 3(10) DEBUG: <core> [core/socket_info.c:702]: grep_sock_info(): checking if host==us: 10==7 && [10.100.0.2] == [0.0.0.0]
 3(10) DEBUG: <core> [core/socket_info.c:709]: grep_sock_info(): checking if port 5060 (advertise 0) matches port 64767
 3(10) DEBUG: <core> [core/name_alias.h:62]: grep_aliases(): matching (0:10.100.0.2:64767) vs. (1:e7fab9f716f5:5060)
 3(10) DEBUG: <core> [core/name_alias.h:62]: grep_aliases(): matching (0:10.100.0.2:64767) vs. (0:kamailio:0)
 3(10) DEBUG: <core> [core/forward.c:431]: check_self(): host (0:10.100.0.2:64767) != me
 3(10) DEBUG: <core> [core/socket_info.c:702]: grep_sock_info(): checking if host==us: 11==11 && [10.100.0.10] == [10.100.0.10]
 3(10) DEBUG: <core> [core/socket_info.c:709]: grep_sock_info(): checking if port 5060 (advertise 0) matches port 5060
 3(10) DEBUG: <core> [core/forward.c:429]: check_self(): host (0:10.100.0.10:5060) == me
 3(10) DEBUG: rr [loose.c:855]: after_loose(): Topmost route URI: 'sip:10.100.0.10;lr=on;ftag=F3tzt-wzu' is me
 3(10) DEBUG: <core> [core/parser/msg_parser.c:91]: get_hdr_field(): found end of header
 3(10) DEBUG: rr [loose.c:181]: find_next_route(): No next Route HF found
 3(10) DEBUG: rr [loose.c:886]: after_loose(): No next URI found
 3(10) DEBUG: rtpengine [rtpengine.c:1861]: build_rtpp_socks(): same rtpengines list version: 1 (1785186633)
 3(10) DEBUG: rtpengine [rtpengine.c:3309]: select_rtpp_node_old(): rtpengine hash table lookup find node=udp:10.100.0.11:22222 for calllen=10 callid=60G5ohQ39k viabranch=
 3(10) DEBUG: rtpengine [rtpengine.c:2720]: rtpp_function_call(): proxy reply: d7:createdi1785186670e10:created_usi922808e11:last signali1785186672e4:SSRCd10:2494068446d11:average MOSd3:MOSi43e15:round-trip timei84713e19:round-trip time legi84585e6:jitteri27e11:packet lossi0e7:samplesi6ee10:lowest MOSd3:MOSi43e15:round-trip timei69856e19:round-trip time legi69856e6:jitteri14e11:packet lossi0e11:reported ati1785186677ee11:highest MOSd3:MOSi43e15:round-trip timei69856e19:round-trip time legi69856e6:jitteri14e11:packet lossi0e11:reported ati1785186677ee15:MOS progressiond8:intervali0e7:entriesld3:MOSi43e15:round-trip timei69856e19:round-trip time legi69856e6:jitteri14e11:packet lossi0e11:reported ati1785186677eed3:MOSi43e15:round-trip timei89039e19:round-trip time legi88911e6:jitteri16e11:packet lossi0e11:reported ati1785186678eed3:MOSi43e15:round-trip timei53838e19:round-trip time legi53722e6:jitteri53e11:packet lossi0e11:reported ati1785186681eed3:MOSi43e15:round-trip timei129176e19:round-trip time legi129086e6:jitteri42e11:packet lossi0e11:reported ati1785186683eed3:MOSi43e15:round-trip timei71266e19:round-trip time legi71034e6:jitteri24e11:packet lossi0e11:reported ati1785186684eed3:MOSi43e15:round-trip timei95106e19:round-trip time legi94906e6:jitteri18e11:packet lossi0e11:reported ati1785186685eeeee10:2401945868d11:average MOSd3:MOSi42e15:round-trip timei132802e19:round-trip time legi108984e6:jitteri26e11:packet lossi0e7:samplesi8ee10:lowest MOSd3:MOSi42e15:round-trip timei350155e19:round-trip time legi255249e6:jitteri24e11:packet lossi0e11:reported ati1785186691ee11:highest MOSd3:MOSi43e15:round-trip timei52445e19:round-trip time legi52445e6:jitteri21e11:packet lossi0e11:reported ati1785186677ee15:MOS progressiond8:intervali1e7:entriesld3:MOSi43e15:round-trip timei52445e19:round-trip time legi52445e6:jitteri21e11:packet lossi0e11:reported ati1785186677eed3:MOSi43e15:round-trip timei58482e19:round-trip time legi58375e6:jitteri17e11:packet lossi0e11:reported ati1785186678eed3:MOSi43e15:round-trip timei40145e19:round-trip time legi40015e6:jitteri15e11:packet lossi0e11:reported ati1785186680eed3:MOSi43e15:round-trip timei96866e19:round-trip time legi96770e6:jitteri59e11:packet lossi0e11:reported ati1785186682eed3:MOSi43e15:round-trip timei119226e19:round-trip time legi119065e6:jitteri39e11:packet lossi0e11:reported ati1785186683eed3:MOSi43e15:round-trip timei138825e19:round-trip time legi138584e6:jitteri21e11:packet lossi0e11:reported ati1785186684eed3:MOSi43e15:round-trip timei206279e19:round-trip time legi111373e6:jitteri16e11:packet lossi0e11:reported ati1785186685eed3:MOSi42e15:round-trip timei350155e19:round-trip time legi255249e6:jitteri24e11:packet lossi0e11:reported ati1785186691eeeeee4:tagsd9:F3tzt-wzud3:tag9:F3tzt-wzu7:createdi1785186670e16:in dialogue with7:G3zjbuB6:mediasld5:indexi1e4:type5:audio8:protocol7:RTP/AVP7:streamsld10:local porti30022e13:local address11:10.100.0.116:family4:IPv48:endpointd6:family4:IPv47:address10:10.100.0.24:porti7078ee19:advertised endpointd6:family4:IPv47:address9:10.45.0.34:porti7078ee11:last packeti1785186693e5:flagsl3:RTP6:filled9:confirmed10:kernelized17:no kernel supporte4:SSRCi2494068446e5:statsd7:packetsi622e5:bytesi23477e6:errorsi0eeed10:local porti30023e13:local address11:10.100.0.116:family4:IPv48:endpointd6:family4:IPv47:address10:10.100.0.24:porti7079ee19:advertised endpointd6:family4:IPv47:address9:10.45.0.34:porti7079ee11:last packeti1785186686e5:flagsl4:RTCP6:filled9:confirmed10:kernelized17:no kernel supporte4:SSRCi2494068446e5:statsd7:packetsi20e5:bytesi2104e6:errorsi0eeee5:flagsl11:initialized4:send4:recveeee7:G3zjbuBd3:tag7:G3zjbuB7:createdi1785186670e16:in dialogue with9:F3tzt-wzu6:mediasld5:indexi1e4:type5:audio8:protocol7:RTP/AVP7:streamsld10:local porti30000e13:local address11:10.100.0.116:family4:IPv48:endpointd6:family4:IPv47:address10:10.100.0.24:porti7078ee19:advertised endpointd6:family4:IPv47:address9:10.45.0.24:porti7078ee11:last packeti1785186693e5:flagsl3:RTP6:filled9:confirmed10:kernelized17:no kernel supporte4:SSRCi2401945868e5:statsd7:packetsi625e5:bytesi23476e6:errorsi0eeed10:local porti30001e13:local address11:10.100.0.116:family4:IPv48:endpointd6:family4:IPv47:address10:10.100.0.24:porti7079ee19:advertised endpointd6:family4:IPv47:address9:10.45.0.24:porti7079ee11:last packeti1785186691e5:flagsl4:RTCP6:filled9:confirmed10:kernelized17:no kernel supporte4:SSRCi2401945868e5:statsd7:packetsi18e5:bytesi2064e6:errorsi0eeee5:flagsl11:initialized4:send4:recv15:ICE controllingeeeee6:totalsd3:RTPd7:packetsi1247e5:bytesi46953e6:errorsi0ee4:RTCPd7:packetsi38e5:bytesi4168e6:errorsi0eee6:result2:oke
 3(10) DEBUG: rtpengine [rtpengine.c:2830]: rtpp_function_call(): rtpengine hash table remove entry for callen=10 callid=60G5ohQ39k viabranch=
 3(10) DEBUG: tm [t_lookup.c:1346]: t_newtran(): msg (0x72ec244160a0) id=3/10 global id=3/10 T start=(nil)
 3(10) DEBUG: tm [t_lookup.c:497]: t_lookup_request(): start searching: hash=10798, isACK=0
 3(10) DEBUG: tm [t_lookup.c:455]: matching_3261(): RFC3261 transaction matching failed - via branch [z9hG4bK.NOdGEZBzG]
 3(10) DEBUG: tm [t_lookup.c:675]: t_lookup_request(): no transaction found
 3(10) DEBUG: <core> [core/crypto/md5utils.c:67]: MD5StringArray(): MD5 calculated: 2f91410cfa59df5f8eeed2ceb30194ab
 3(10) DEBUG: <core> [core/forward.c:175]: get_out_socket(): socket determined: 0x72ec243cb078
 3(10) DEBUG: <core> [core/msg_translator.c:1799]: check_boundaries(): no multi-part body
 3(10) DEBUG: tm [t_funcs.c:373]: t_relay_to(): new transaction forwarded
 3(10) DEBUG: <core> [core/receive.c:528]: receive_msg(): request-route executed in: 5406 usec
 3(10) DEBUG: <core> [core/usr_avp.c:637]: destroy_avp_list(): destroying list (nil)
 3(10) DEBUG: <core> [core/usr_avp.c:637]: destroy_avp_list(): destroying list (nil)
 3(10) DEBUG: <core> [core/usr_avp.c:637]: destroy_avp_list(): destroying list (nil)
 3(10) DEBUG: <core> [core/usr_avp.c:637]: destroy_avp_list(): destroying list (nil)
 3(10) DEBUG: <core> [core/usr_avp.c:637]: destroy_avp_list(): destroying list (nil)
 3(10) DEBUG: <core> [core/usr_avp.c:637]: destroy_avp_list(): destroying list (nil)
 3(10) DEBUG: <core> [core/xavp.c:541]: xavp_destroy_list(): destroying xavp list (nil)
 3(10) DEBUG: <core> [core/xavp.c:541]: xavp_destroy_list(): destroying xavp list (nil)
 3(10) DEBUG: <core> [core/xavp.c:541]: xavp_destroy_list(): destroying xavp list (nil)
 3(10) DEBUG: <core> [core/receive.c:628]: receive_msg(): cleaning up
 4(11) DEBUG: <core> [core/udp_server.c:494]: udp_rcv_loop(): received on udp socket: (112/100/429) [[SIP/2.0 200 Ok 0D  0A Via: SIP/2.0/UDP 10.100.0.10;branch=z9hG4bKe2a2.2f91410cfa59df5f8eeed2ceb30194ab.0 0D  0A ]]
 4(11) DEBUG: <core> [core/parser/parse_fline.c:249]: parse_first_line(): first line type 2 (reply(status)) flags 1
 4(11) DEBUG: <core> [core/parser/msg_parser.c:689]: parse_msg(): SIP Reply  (status):
 4(11) DEBUG: <core> [core/parser/msg_parser.c:690]: parse_msg():  version: <SIP/2.0>
 4(11) DEBUG: <core> [core/parser/msg_parser.c:692]: parse_msg():  status:  <200>
 4(11) DEBUG: <core> [core/parser/msg_parser.c:694]: parse_msg():  reason:  <Ok>
 4(11) DEBUG: <core> [core/parser/parse_hname2.c:301]: parse_sip_header_name(): parsed header name [Via] type 1
 4(11) DEBUG: <core> [core/parser/parse_via.c:1300]: parse_via_param(): Found param type 232, <branch> = <z9hG4bKe2a2.2f91410cfa59df5f8eeed2ceb30194ab.0>; state=16
 4(11) DEBUG: <core> [core/parser/parse_via.c:2639]: parse_via(): end of header reached, state=5
 4(11) DEBUG: <core> [core/parser/msg_parser.c:555]: parse_headers(): Via found, flags=2
 4(11) DEBUG: <core> [core/parser/msg_parser.c:557]: parse_headers(): this is the first via
 4(11) DEBUG: <core> [core/parser/parse_hname2.c:301]: parse_sip_header_name(): parsed header name [Via] type 1
 4(11) DEBUG: <core> [core/parser/parse_via.c:1300]: parse_via_param(): Found param type 234, <received> = <10.100.0.2>; state=6
 4(11) DEBUG: <core> [core/parser/parse_via.c:1300]: parse_via_param(): Found param type 232, <branch> = <z9hG4bK.NOdGEZBzG>; state=6
 4(11) DEBUG: <core> [core/parser/parse_via.c:1300]: parse_via_param(): Found param type 235, <rport> = <5080>; state=16
 4(11) DEBUG: <core> [core/parser/parse_via.c:2639]: parse_via(): end of header reached, state=5
 4(11) DEBUG: <core> [core/parser/msg_parser.c:555]: parse_headers(): Via found, flags=78
 4(11) DEBUG: <core> [core/parser/msg_parser.c:568]: parse_headers(): this is the second via
 4(11) DEBUG: <core> [core/parser/parse_hname2.c:301]: parse_sip_header_name(): parsed header name [From] type 4
 4(11) DEBUG: <core> [core/parser/parse_hname2.c:301]: parse_sip_header_name(): parsed header name [To] type 3
 4(11) DEBUG: <core> [core/parser/parse_addr_spec.c:185]: parse_to_param(): add param: tag=G3zjbuB
 4(11) DEBUG: <core> [core/parser/parse_addr_spec.c:884]: parse_addr_spec(): end of header reached, state=29
 4(11) DEBUG: <core> [core/parser/msg_parser.c:172]: get_hdr_field(): <To> [35]; uri=[sip:ue1@10.100.0.10]
 4(11) DEBUG: <core> [core/parser/msg_parser.c:174]: get_hdr_field(): to body (21)[<sip:ue1@10.100.0.10>], to tag (7)[G3zjbuB]
 4(11) DEBUG: <core> [core/parser/parse_hname2.c:301]: parse_sip_header_name(): parsed header name [Call-ID] type 6
 4(11) DEBUG: <core> [core/parser/parse_hname2.c:301]: parse_sip_header_name(): parsed header name [CSeq] type 5
 4(11) DEBUG: <core> [core/parser/msg_parser.c:152]: get_hdr_field(): cseq <CSeq>: <21> <BYE>
 4(11) DEBUG: <core> [core/receive.c:389]: receive_msg(): --- received sip message - reply - call-id: [60G5ohQ39k] - cseq: [21 BYE]
 4(11) DEBUG: <core> [core/receive.c:261]: ksr_evrt_pre_routing(): event route core:pre-routing not defined
 4(11) DEBUG: <core> [core/parser/parse_hname2.c:301]: parse_sip_header_name(): parsed header name [User-Agent] type 28
 4(11) DEBUG: <core> [core/parser/parse_hname2.c:301]: parse_sip_header_name(): parsed header name [Supported] type 17
 4(11) DEBUG: <core> [core/parser/parse_hname2.c:301]: parse_sip_header_name(): parsed header name [Record-route] type 10
 4(11) DEBUG: <core> [core/parser/msg_parser.c:91]: get_hdr_field(): found end of header
 4(11) DEBUG: tm [t_lookup.c:1053]: t_check_msg(): msg (0x72ec244160a0) id=3/11 global id=2/11 T start=0xffffffffffffffff
 4(11) DEBUG: tm [t_lookup.c:912]: t_reply_matching(): t_reply_matching: hash 10798 label 0 branch 0
 4(11) DEBUG: tm [t_lookup.c:986]: t_reply_matching(): reply (0x72ec244160a0) matched an active transaction (T=0x72ec200ee2f0)!
 4(11) DEBUG: tm [t_lookup.c:1122]: t_check_msg(): msg (0x72ec244160a0) id=3/11 global id=3/11 T end=0x72ec200ee2f0
 4(11) DEBUG: tm [t_reply.c:2363]: reply_received(): transaction found - T:0x72ec200ee2f0 branch:0
 4(11) DEBUG: tm [t_reply.c:2376]: reply_received(): original status uas=0, uac[0]=0 local=0 is_invite=0)
 4(11) DEBUG: tm [t_reply.c:1363]: t_should_relay_response(): ->>>>>>>>> T_code=0, new_code=200
 4(11) DEBUG: tm [t_reply.c:1610]: t_should_relay_response(): rps completed - uas status: 0
 4(11) DEBUG: tm [t_reply.c:1924]: relay_reply(): reply status=4 branch=0, save=0, relay=0 icode=0 msg status=200
 4(11) DEBUG: <core> [core/msg_translator.c:2340]: generate_res_buf_from_sip_res(): old size: 429, new size: 345
 4(11) DEBUG: <core> [core/msg_translator.c:2357]: generate_res_buf_from_sip_res(): copied size: orig:100, new: 16, rest: 329 msg=
SIP/2.0 200 Ok
Via: SIP/2.0/UDP 10.45.0.3:5080;received=10.100.0.2;branch=z9hG4bK.NOdGEZBzG;rport=5080
From: <sip:ue2@10.100.0.10>;tag=F3tzt-wzu
To: <sip:ue1@10.100.0.10>;tag=G3zjbuB
Call-ID: 60G5ohQ39k
CSeq: 21 BYE
User-Agent: Linphonec/4.4.21
Supported: replaces, outbound, gruu
Record-route: <sip:10.100.0.10;lr=on;ftag=F3tzt-wzu>


 4(11) DEBUG: tm [t_reply.c:2126]: relay_reply(): reply buffer sent out
 4(11) DEBUG: tm [t_funcs.c:120]: put_on_wait(): put T [0x72ec200ee2f0] on wait
 4(11) DEBUG: tm [t_reply.c:1763]: cleanup_uac_timers(): RETR/FR timers reset
 4(11) DEBUG: <core> [core/receive.c:617]: receive_msg(): reply-route executed in: 470 usec
 4(11) DEBUG: <core> [core/usr_avp.c:637]: destroy_avp_list(): destroying list (nil)
 4(11) DEBUG: <core> [core/usr_avp.c:637]: destroy_avp_list(): destroying list (nil)
 4(11) DEBUG: <core> [core/usr_avp.c:637]: destroy_avp_list(): destroying list (nil)
 4(11) DEBUG: <core> [core/usr_avp.c:637]: destroy_avp_list(): destroying list (nil)
 4(11) DEBUG: <core> [core/usr_avp.c:637]: destroy_avp_list(): destroying list (nil)
 4(11) DEBUG: <core> [core/usr_avp.c:637]: destroy_avp_list(): destroying list (nil)
 4(11) DEBUG: <core> [core/xavp.c:541]: xavp_destroy_list(): destroying xavp list (nil)
 4(11) DEBUG: <core> [core/xavp.c:541]: xavp_destroy_list(): destroying xavp list (nil)
 4(11) DEBUG: <core> [core/xavp.c:541]: xavp_destroy_list(): destroying xavp list (nil)
 4(11) DEBUG: <core> [core/receive.c:628]: receive_msg(): cleaning up
 1(8) DEBUG: <core> [core/udp_server.c:517]: udp_rcv_loop(): probing packet received from 10.100.0.2 55315
 2(9) DEBUG: <core> [core/udp_server.c:517]: udp_rcv_loop(): probing packet received from 10.100.0.2 65532
10(17) DEBUG: tm [timer.c:646]: wait_handler(): finished transaction: 0x72ec200ee2f0 (p:0x72ec1ff1dc50/n:0x72ec1ff1dc50)
10(17) DEBUG: tm [h_table.c:132]: free_cell_helper(): freeing transaction 0x72ec200ee2f0 from timer.c:655
 3(10) DEBUG: <core> [core/udp_server.c:494]: udp_rcv_loop(): received on udp socket: (112/100/511) [[REGISTER sip:10.100.0.10 SIP/2.0 0D  0A Via: SIP/2.0/UDP 10.45.0.3:5080;branch=z9hG4bK.BgfVioEy1;rport 0D  0A Fr]]
 3(10) DEBUG: <core> [core/parser/parse_fline.c:249]: parse_first_line(): first line type 1 (request) flags 1
 3(10) DEBUG: <core> [core/parser/msg_parser.c:679]: parse_msg(): SIP Request:
 3(10) DEBUG: <core> [core/parser/msg_parser.c:680]: parse_msg():  method:  <REGISTER>
 3(10) DEBUG: <core> [core/parser/msg_parser.c:682]: parse_msg():  uri:     <sip:10.100.0.10>
 3(10) DEBUG: <core> [core/parser/msg_parser.c:684]: parse_msg():  version: <SIP/2.0>
 3(10) DEBUG: <core> [core/parser/parse_hname2.c:301]: parse_sip_header_name(): parsed header name [Via] type 1
 3(10) DEBUG: <core> [core/parser/parse_via.c:1300]: parse_via_param(): Found param type 232, <branch> = <z9hG4bK.BgfVioEy1>; state=6
 3(10) DEBUG: <core> [core/parser/parse_via.c:1300]: parse_via_param(): Found param type 235, <rport> = <n/a>; state=17
 3(10) DEBUG: <core> [core/parser/parse_via.c:2639]: parse_via(): end of header reached, state=5
 3(10) DEBUG: <core> [core/parser/msg_parser.c:555]: parse_headers(): Via found, flags=2
 3(10) DEBUG: <core> [core/parser/msg_parser.c:557]: parse_headers(): this is the first via
 3(10) DEBUG: <core> [core/parser/parse_hname2.c:301]: parse_sip_header_name(): parsed header name [From] type 4
 3(10) DEBUG: <core> [core/parser/parse_hname2.c:301]: parse_sip_header_name(): parsed header name [To] type 3
 3(10) DEBUG: <core> [core/parser/parse_addr_spec.c:884]: parse_addr_spec(): end of header reached, state=9
 3(10) DEBUG: <core> [core/parser/msg_parser.c:172]: get_hdr_field(): <To> [21]; uri=[sip:ue2@10.100.0.10]
 3(10) DEBUG: <core> [core/parser/msg_parser.c:174]: get_hdr_field(): to body (21)[sip:ue2@10.100.0.10
], to tag (0)[]
 3(10) DEBUG: <core> [core/parser/parse_hname2.c:301]: parse_sip_header_name(): parsed header name [CSeq] type 5
 3(10) DEBUG: <core> [core/parser/msg_parser.c:152]: get_hdr_field(): cseq <CSeq>: <22> <REGISTER>
 3(10) DEBUG: <core> [core/parser/parse_hname2.c:301]: parse_sip_header_name(): parsed header name [Call-ID] type 6
 3(10) DEBUG: <core> [core/receive.c:389]: receive_msg(): --- received sip message - request - call-id: [dsvYoZjw3U] - cseq: [22 REGISTER]
 3(10) DEBUG: <core> [core/receive.c:261]: ksr_evrt_pre_routing(): event route core:pre-routing not defined
 3(10) DEBUG: <core> [core/receive.c:471]: receive_msg(): preparing to run routing scripts...
 3(10) DEBUG: sanity [sanity.c:247]: check_ruri_sip_version(): check_ruri_sip_version entered
 3(10) DEBUG: sanity [sanity.c:270]: check_ruri_sip_version(): check_ruri_sip_version passed
 3(10) DEBUG: sanity [sanity.c:277]: check_ruri_scheme(): check_ruri_scheme entered
 3(10) DEBUG: sanity [sanity.c:297]: check_ruri_scheme(): check_ruri_scheme passed
 3(10) DEBUG: sanity [sanity.c:318]: check_required_headers(): check_required_headers entered
 3(10) DEBUG: <core> [core/parser/parse_hname2.c:301]: parse_sip_header_name(): parsed header name [Max-Forwards] type 8
 3(10) DEBUG: <core> [core/parser/parse_hname2.c:301]: parse_sip_header_name(): parsed header name [Supported] type 17
 3(10) DEBUG: <core> [core/parser/parse_hname2.c:301]: parse_sip_header_name(): parsed header name [Accept] type 23
 3(10) DEBUG: <core> [core/parser/parse_hname2.c:301]: parse_sip_header_name(): parsed header name [Accept] type 23
 3(10) DEBUG: <core> [core/parser/parse_hname2.c:301]: parse_sip_header_name(): parsed header name [Accept] type 23
 3(10) DEBUG: <core> [core/parser/parse_hname2.c:301]: parse_sip_header_name(): parsed header name [Contact] type 7
 3(10) DEBUG: <core> [core/parser/parse_hname2.c:301]: parse_sip_header_name(): parsed header name [Expires] type 14
 3(10) DEBUG: <core> [core/parser/parse_hname2.c:301]: parse_sip_header_name(): parsed header name [User-Agent] type 28
 3(10) DEBUG: <core> [core/parser/msg_parser.c:91]: get_hdr_field(): found end of header
 3(10) DEBUG: sanity [sanity.c:340]: check_required_headers(): check_required_headers passed
 3(10) DEBUG: sanity [sanity.c:506]: check_cseq_method(): check_cseq_method entered
 3(10) DEBUG: sanity [sanity.c:539]: check_cseq_method(): check_cseq_method passed
 3(10) DEBUG: sanity [sanity.c:548]: check_cseq_value(): check_cseq_value entered
 3(10) DEBUG: sanity [sanity.c:576]: check_cseq_value(): check_cseq_value passed
 3(10) DEBUG: sanity [sanity.c:585]: check_cl(): check_cl entered
 3(10) WARNING: sanity [sanity.c:612]: check_cl(): content length header missing in request
 3(10) DEBUG: sanity [sanity.c:622]: check_expires_value(): check_expires_value entered
 3(10) DEBUG: sanity [sanity.c:657]: check_expires_value(): check_expires_value passed
 3(10) DEBUG: sanity [sanity.c:758]: check_parse_uris(): check_parse_uris entered
 3(10) DEBUG: sanity [sanity.c:762]: check_parse_uris(): parsing ruri
 3(10) DEBUG: sanity [sanity.c:776]: check_parse_uris(): looking up From header
 3(10) DEBUG: <core> [core/parser/parse_addr_spec.c:185]: parse_to_param(): add param: tag=AXZuULbt5
 3(10) DEBUG: <core> [core/parser/parse_addr_spec.c:884]: parse_addr_spec(): end of header reached, state=29
 3(10) DEBUG: sanity [sanity.c:791]: check_parse_uris(): looking up To header
 3(10) DEBUG: sanity [sanity.c:838]: check_parse_uris(): check_parse_uris passed
 3(10) DEBUG: sanity [sanity_mod.c:254]: w_sanity_check(): sanity checks result: 1
 3(10) DEBUG: maxfwd [mf_funcs.c:74]: is_maxfwd_present(): value = 70 
 3(10) DEBUG: tm [t_lookup.c:1053]: t_check_msg(): msg (0x72ec244160a0) id=4/10 global id=3/10 T start=0xffffffffffffffff
 3(10) DEBUG: tm [t_lookup.c:497]: t_lookup_request(): start searching: hash=32351, isACK=0
 3(10) DEBUG: tm [t_lookup.c:455]: matching_3261(): RFC3261 transaction matching failed - via branch [z9hG4bK.BgfVioEy1]
 3(10) DEBUG: tm [t_lookup.c:675]: t_lookup_request(): no transaction found
 3(10) DEBUG: tm [t_lookup.c:1122]: t_check_msg(): msg (0x72ec244160a0) id=4/10 global id=4/10 T end=(nil)
 3(10) DEBUG: siputils [checks.c:120]: has_totag(): no totag
 3(10) DEBUG: <core> [core/msg_translator.c:162]: check_via_address(): (10.100.0.2, 10.45.0.3, 0)
 3(10) DEBUG: registrar [save.c:324]: pack_ci(): set instance[<urn:uuid:b1ec2359-ddd8-000f-aa02-ab2f9af9fbe2>]
 3(10) DEBUG: <core> [core/utils/sruid.c:214]: sruid_nextx(): new sruid is [uloc-6a67c949-a-2] (2 / 17)
 3(10) DEBUG: registrar [save.c:421]: pack_ci(): generated ruid is: uloc-6a67c949-a-2
 3(10) DEBUG: <core> [core/utils/sruid.c:214]: sruid_nextx(): new sruid is [uloc-6a67c949-a-3] (3 / 17)
 3(10) DEBUG: registrar [save.c:421]: pack_ci(): generated ruid is: uloc-6a67c949-a-3
 3(10) DEBUG: registrar [reply.c:334]: build_contact(): created Contact HF: Contact: <sip:ue2@10.100.0.2:5080;transport=udp>;expires=60;received="sip:10.100.0.2:5080";+sip.instance="<urn:uuid:b1ec2359-ddd8-000f-aa02-ab2f9af9fbe2>"

 3(10) DEBUG: sl [sl.c:310]: send_reply(): reply in stateless mode (sl)
 3(10) DEBUG: <core> [core/receive.c:126]: sip_check_fline(): first line indicates a SIP reply
 3(10) INFO: <script>: REGISTER sip:ue2@10.100.0.10 from 10.100.0.2:5080 saved (contact <sip:ue2@10.100.0.2:5080;transport=udp>;+sip.instance="<urn:uuid:b1ec2359-ddd8-000f-aa02-ab2f9af9fbe2>")
 3(10) DEBUG: <core> [core/receive.c:528]: receive_msg(): request-route executed in: 1362 usec
 3(10) DEBUG: <core> [core/usr_avp.c:637]: destroy_avp_list(): destroying list 0x72ec200ecf70
 3(10) DEBUG: <core> [core/usr_avp.c:637]: destroy_avp_list(): destroying list (nil)
 3(10) DEBUG: <core> [core/usr_avp.c:637]: destroy_avp_list(): destroying list (nil)
 3(10) DEBUG: <core> [core/usr_avp.c:637]: destroy_avp_list(): destroying list (nil)
 3(10) DEBUG: <core> [core/usr_avp.c:637]: destroy_avp_list(): destroying list (nil)
 3(10) DEBUG: <core> [core/usr_avp.c:637]: destroy_avp_list(): destroying list (nil)
 3(10) DEBUG: <core> [core/xavp.c:541]: xavp_destroy_list(): destroying xavp list (nil)
 3(10) DEBUG: <core> [core/xavp.c:541]: xavp_destroy_list(): destroying xavp list (nil)
 3(10) DEBUG: <core> [core/xavp.c:541]: xavp_destroy_list(): destroying xavp list (nil)
 3(10) DEBUG: <core> [core/receive.c:628]: receive_msg(): cleaning up
 4(11) DEBUG: <core> [core/udp_server.c:494]: udp_rcv_loop(): received on udp socket: (112/100/512) [[REGISTER sip:10.100.0.10 SIP/2.0 0D  0A Via: SIP/2.0/UDP 10.45.0.2:5080;branch=z9hG4bK.3MXGtz8rO;rport 0D  0A Fr]]
 4(11) DEBUG: <core> [core/parser/parse_fline.c:249]: parse_first_line(): first line type 1 (request) flags 1
 4(11) DEBUG: <core> [core/parser/msg_parser.c:679]: parse_msg(): SIP Request:
 4(11) DEBUG: <core> [core/parser/msg_parser.c:680]: parse_msg():  method:  <REGISTER>
 4(11) DEBUG: <core> [core/parser/msg_parser.c:682]: parse_msg():  uri:     <sip:10.100.0.10>
 4(11) DEBUG: <core> [core/parser/msg_parser.c:684]: parse_msg():  version: <SIP/2.0>
 4(11) DEBUG: <core> [core/parser/parse_hname2.c:301]: parse_sip_header_name(): parsed header name [Via] type 1
 4(11) DEBUG: <core> [core/parser/parse_via.c:1300]: parse_via_param(): Found param type 232, <branch> = <z9hG4bK.3MXGtz8rO>; state=6
 4(11) DEBUG: <core> [core/parser/parse_via.c:1300]: parse_via_param(): Found param type 235, <rport> = <n/a>; state=17
 4(11) DEBUG: <core> [core/parser/parse_via.c:2639]: parse_via(): end of header reached, state=5
 4(11) DEBUG: <core> [core/parser/msg_parser.c:555]: parse_headers(): Via found, flags=2
 4(11) DEBUG: <core> [core/parser/msg_parser.c:557]: parse_headers(): this is the first via
 4(11) DEBUG: <core> [core/parser/parse_hname2.c:301]: parse_sip_header_name(): parsed header name [From] type 4
 4(11) DEBUG: <core> [core/parser/parse_hname2.c:301]: parse_sip_header_name(): parsed header name [To] type 3
 4(11) DEBUG: <core> [core/parser/parse_addr_spec.c:884]: parse_addr_spec(): end of header reached, state=9
 4(11) DEBUG: <core> [core/parser/msg_parser.c:172]: get_hdr_field(): <To> [21]; uri=[sip:ue1@10.100.0.10]
 4(11) DEBUG: <core> [core/parser/msg_parser.c:174]: get_hdr_field(): to body (21)[sip:ue1@10.100.0.10
], to tag (0)[]
 4(11) DEBUG: <core> [core/parser/parse_hname2.c:301]: parse_sip_header_name(): parsed header name [CSeq] type 5
 4(11) DEBUG: <core> [core/parser/msg_parser.c:152]: get_hdr_field(): cseq <CSeq>: <22> <REGISTER>
 4(11) DEBUG: <core> [core/parser/parse_hname2.c:301]: parse_sip_header_name(): parsed header name [Call-ID] type 6
 4(11) DEBUG: <core> [core/receive.c:389]: receive_msg(): --- received sip message - request - call-id: [0vxMX1n5jC] - cseq: [22 REGISTER]
 4(11) DEBUG: <core> [core/receive.c:261]: ksr_evrt_pre_routing(): event route core:pre-routing not defined
 4(11) DEBUG: <core> [core/receive.c:471]: receive_msg(): preparing to run routing scripts...
 4(11) DEBUG: sanity [sanity.c:247]: check_ruri_sip_version(): check_ruri_sip_version entered
 4(11) DEBUG: sanity [sanity.c:270]: check_ruri_sip_version(): check_ruri_sip_version passed
 4(11) DEBUG: sanity [sanity.c:277]: check_ruri_scheme(): check_ruri_scheme entered
 4(11) DEBUG: sanity [sanity.c:297]: check_ruri_scheme(): check_ruri_scheme passed
 4(11) DEBUG: sanity [sanity.c:318]: check_required_headers(): check_required_headers entered
 4(11) DEBUG: <core> [core/parser/parse_hname2.c:301]: parse_sip_header_name(): parsed header name [Max-Forwards] type 8
 4(11) DEBUG: <core> [core/parser/parse_hname2.c:301]: parse_sip_header_name(): parsed header name [Supported] type 17
 4(11) DEBUG: <core> [core/parser/parse_hname2.c:301]: parse_sip_header_name(): parsed header name [Accept] type 23
 4(11) DEBUG: <core> [core/parser/parse_hname2.c:301]: parse_sip_header_name(): parsed header name [Accept] type 23
 4(11) DEBUG: <core> [core/parser/parse_hname2.c:301]: parse_sip_header_name(): parsed header name [Accept] type 23
 4(11) DEBUG: <core> [core/parser/parse_hname2.c:301]: parse_sip_header_name(): parsed header name [Contact] type 7
 4(11) DEBUG: <core> [core/parser/parse_hname2.c:301]: parse_sip_header_name(): parsed header name [Expires] type 14
 4(11) DEBUG: <core> [core/parser/parse_hname2.c:301]: parse_sip_header_name(): parsed header name [User-Agent] type 28
 4(11) DEBUG: <core> [core/parser/msg_parser.c:91]: get_hdr_field(): found end of header
 4(11) DEBUG: sanity [sanity.c:340]: check_required_headers(): check_required_headers passed
 4(11) DEBUG: sanity [sanity.c:506]: check_cseq_method(): check_cseq_method entered
 4(11) DEBUG: sanity [sanity.c:539]: check_cseq_method(): check_cseq_method passed
 4(11) DEBUG: sanity [sanity.c:548]: check_cseq_value(): check_cseq_value entered
 4(11) DEBUG: sanity [sanity.c:576]: check_cseq_value(): check_cseq_value passed
 4(11) DEBUG: sanity [sanity.c:585]: check_cl(): check_cl entered
 4(11) WARNING: sanity [sanity.c:612]: check_cl(): content length header missing in request
 4(11) DEBUG: sanity [sanity.c:622]: check_expires_value(): check_expires_value entered
 4(11) DEBUG: sanity [sanity.c:657]: check_expires_value(): check_expires_value passed
 4(11) DEBUG: sanity [sanity.c:758]: check_parse_uris(): check_parse_uris entered
 4(11) DEBUG: sanity [sanity.c:762]: check_parse_uris(): parsing ruri
 4(11) DEBUG: sanity [sanity.c:776]: check_parse_uris(): looking up From header
 4(11) DEBUG: <core> [core/parser/parse_addr_spec.c:185]: parse_to_param(): add param: tag=hAwde4SMe
 4(11) DEBUG: <core> [core/parser/parse_addr_spec.c:884]: parse_addr_spec(): end of header reached, state=29
 4(11) DEBUG: sanity [sanity.c:791]: check_parse_uris(): looking up To header
 4(11) DEBUG: sanity [sanity.c:838]: check_parse_uris(): check_parse_uris passed
 4(11) DEBUG: sanity [sanity_mod.c:254]: w_sanity_check(): sanity checks result: 1
 4(11) DEBUG: maxfwd [mf_funcs.c:74]: is_maxfwd_present(): value = 70 
 4(11) DEBUG: tm [t_lookup.c:1053]: t_check_msg(): msg (0x72ec244160a0) id=4/11 global id=3/11 T start=0xffffffffffffffff
 4(11) DEBUG: tm [t_lookup.c:497]: t_lookup_request(): start searching: hash=7007, isACK=0
 4(11) DEBUG: tm [t_lookup.c:455]: matching_3261(): RFC3261 transaction matching failed - via branch [z9hG4bK.3MXGtz8rO]
 4(11) DEBUG: tm [t_lookup.c:675]: t_lookup_request(): no transaction found
 4(11) DEBUG: tm [t_lookup.c:1122]: t_check_msg(): msg (0x72ec244160a0) id=4/11 global id=4/11 T end=(nil)
 4(11) DEBUG: siputils [checks.c:120]: has_totag(): no totag
 4(11) DEBUG: registrar [save.c:324]: pack_ci(): set instance[<urn:uuid:0eb0eedb-d3c7-0093-a588-a2ecb233c438>]
 4(11) DEBUG: <core> [core/utils/sruid.c:214]: sruid_nextx(): new sruid is [uloc-6a67c949-b-3] (3 / 17)
 4(11) DEBUG: registrar [save.c:421]: pack_ci(): generated ruid is: uloc-6a67c949-b-3
 4(11) DEBUG: <core> [core/utils/sruid.c:214]: sruid_nextx(): new sruid is [uloc-6a67c949-b-4] (4 / 17)
 4(11) DEBUG: registrar [save.c:421]: pack_ci(): generated ruid is: uloc-6a67c949-b-4
 4(11) DEBUG: registrar [reply.c:334]: build_contact(): created Contact HF: Contact: <sip:ue1@10.100.0.2:64767;transport=udp>;expires=60;received="sip:10.100.0.2:64767";+sip.instance="<urn:uuid:0eb0eedb-d3c7-0093-a588-a2ecb233c438>"

 4(11) DEBUG: sl [sl.c:310]: send_reply(): reply in stateless mode (sl)
 4(11) DEBUG: <core> [core/receive.c:126]: sip_check_fline(): first line indicates a SIP reply
 4(11) INFO: <script>: REGISTER sip:ue1@10.100.0.10 from 10.100.0.2:64767 saved (contact <sip:ue1@10.100.0.2:64767;transport=udp>;+sip.instance="<urn:uuid:0eb0eedb-d3c7-0093-a588-a2ecb233c438>")
 4(11) DEBUG: <core> [core/receive.c:528]: receive_msg(): request-route executed in: 796 usec
 4(11) DEBUG: <core> [core/usr_avp.c:637]: destroy_avp_list(): destroying list 0x72ec200ecf70
 4(11) DEBUG: <core> [core/usr_avp.c:637]: destroy_avp_list(): destroying list (nil)
 4(11) DEBUG: <core> [core/usr_avp.c:637]: destroy_avp_list(): destroying list (nil)
 4(11) DEBUG: <core> [core/usr_avp.c:637]: destroy_avp_list(): destroying list (nil)
 4(11) DEBUG: <core> [core/usr_avp.c:637]: destroy_avp_list(): destroying list (nil)
 4(11) DEBUG: <core> [core/usr_avp.c:637]: destroy_avp_list(): destroying list (nil)
 4(11) DEBUG: <core> [core/xavp.c:541]: xavp_destroy_list(): destroying xavp list (nil)
 4(11) DEBUG: <core> [core/xavp.c:541]: xavp_destroy_list(): destroying xavp list (nil)
 4(11) DEBUG: <core> [core/xavp.c:541]: xavp_destroy_list(): destroying xavp list (nil)
 4(11) DEBUG: <core> [core/receive.c:628]: receive_msg(): cleaning up
 1(8) DEBUG: <core> [core/udp_server.c:517]: udp_rcv_loop(): probing packet received from 10.100.0.2 55315
 2(9) DEBUG: <core> [core/udp_server.c:517]: udp_rcv_loop(): probing packet received from 10.100.0.2 65532
 3(10) DEBUG: <core> [core/udp_server.c:517]: udp_rcv_loop(): probing packet received from 10.100.0.2 55315
 4(11) DEBUG: <core> [core/udp_server.c:517]: udp_rcv_loop(): probing packet received from 10.100.0.2 65532
 1(8) DEBUG: <core> [core/udp_server.c:517]: udp_rcv_loop(): probing packet received from 10.100.0.2 55315
 2(9) DEBUG: <core> [core/udp_server.c:517]: udp_rcv_loop(): probing packet received from 10.100.0.2 65532
 3(10) DEBUG: <core> [core/udp_server.c:517]: udp_rcv_loop(): probing packet received from 10.100.0.2 55315
 4(11) DEBUG: <core> [core/udp_server.c:517]: udp_rcv_loop(): probing packet received from 10.100.0.2 65532
 1(8) DEBUG: <core> [core/udp_server.c:517]: udp_rcv_loop(): probing packet received from 10.100.0.2 55315
 2(9) DEBUG: <core> [core/udp_server.c:517]: udp_rcv_loop(): probing packet received from 10.100.0.2 65532
 3(10) DEBUG: <core> [core/udp_server.c:494]: udp_rcv_loop(): received on udp socket: (112/100/1085) [[INVITE sip:ue1@10.100.0.10 SIP/2.0 0D  0A Via: SIP/2.0/UDP 10.45.0.3:5080;branch=z9hG4bK.oUwSrQNYB;rport 0D  0A ]]
 3(10) DEBUG: <core> [core/parser/parse_fline.c:249]: parse_first_line(): first line type 1 (request) flags 1
 3(10) DEBUG: <core> [core/parser/msg_parser.c:679]: parse_msg(): SIP Request:
 3(10) DEBUG: <core> [core/parser/msg_parser.c:680]: parse_msg():  method:  <INVITE>
 3(10) DEBUG: <core> [core/parser/msg_parser.c:682]: parse_msg():  uri:     <sip:ue1@10.100.0.10>
 3(10) DEBUG: <core> [core/parser/msg_parser.c:684]: parse_msg():  version: <SIP/2.0>
 3(10) DEBUG: <core> [core/parser/parse_hname2.c:301]: parse_sip_header_name(): parsed header name [Via] type 1
 3(10) DEBUG: <core> [core/parser/parse_via.c:1300]: parse_via_param(): Found param type 232, <branch> = <z9hG4bK.oUwSrQNYB>; state=6
 3(10) DEBUG: <core> [core/parser/parse_via.c:1300]: parse_via_param(): Found param type 235, <rport> = <n/a>; state=17
 3(10) DEBUG: <core> [core/parser/parse_via.c:2639]: parse_via(): end of header reached, state=5
 3(10) DEBUG: <core> [core/parser/msg_parser.c:555]: parse_headers(): Via found, flags=2
 3(10) DEBUG: <core> [core/parser/msg_parser.c:557]: parse_headers(): this is the first via
 3(10) DEBUG: <core> [core/parser/parse_hname2.c:301]: parse_sip_header_name(): parsed header name [From] type 4
 3(10) DEBUG: <core> [core/parser/parse_hname2.c:301]: parse_sip_header_name(): parsed header name [To] type 3
 3(10) DEBUG: <core> [core/parser/parse_addr_spec.c:884]: parse_addr_spec(): end of header reached, state=9
 3(10) DEBUG: <core> [core/parser/msg_parser.c:172]: get_hdr_field(): <To> [21]; uri=[sip:ue1@10.100.0.10]
 3(10) DEBUG: <core> [core/parser/msg_parser.c:174]: get_hdr_field(): to body (21)[sip:ue1@10.100.0.10
], to tag (0)[]
 3(10) DEBUG: <core> [core/parser/parse_hname2.c:301]: parse_sip_header_name(): parsed header name [CSeq] type 5
 3(10) DEBUG: <core> [core/parser/msg_parser.c:152]: get_hdr_field(): cseq <CSeq>: <20> <INVITE>
 3(10) DEBUG: <core> [core/parser/parse_hname2.c:301]: parse_sip_header_name(): parsed header name [Call-ID] type 6
 3(10) DEBUG: <core> [core/receive.c:389]: receive_msg(): --- received sip message - request - call-id: [AMZwkDpU5~] - cseq: [20 INVITE]
 3(10) DEBUG: <core> [core/receive.c:261]: ksr_evrt_pre_routing(): event route core:pre-routing not defined
 3(10) DEBUG: <core> [core/receive.c:471]: receive_msg(): preparing to run routing scripts...
 3(10) DEBUG: sanity [sanity.c:247]: check_ruri_sip_version(): check_ruri_sip_version entered
 3(10) DEBUG: sanity [sanity.c:270]: check_ruri_sip_version(): check_ruri_sip_version passed
 3(10) DEBUG: sanity [sanity.c:277]: check_ruri_scheme(): check_ruri_scheme entered
 3(10) DEBUG: sanity [sanity.c:297]: check_ruri_scheme(): check_ruri_scheme passed
 3(10) DEBUG: sanity [sanity.c:318]: check_required_headers(): check_required_headers entered
 3(10) DEBUG: <core> [core/parser/parse_hname2.c:301]: parse_sip_header_name(): parsed header name [Max-Forwards] type 8
 3(10) DEBUG: <core> [core/parser/parse_hname2.c:301]: parse_sip_header_name(): parsed header name [Supported] type 17
 3(10) DEBUG: <core> [core/parser/parse_hname2.c:301]: parse_sip_header_name(): parsed header name [Allow] type 21
 3(10) DEBUG: <core> [core/parser/parse_hname2.c:301]: parse_sip_header_name(): parsed header name [Content-Type] type 11
 3(10) DEBUG: <core> [core/parser/parse_hname2.c:301]: parse_sip_header_name(): parsed header name [Content-Length] type 12
 3(10) DEBUG: <core> [core/parser/msg_parser.c:187]: get_hdr_field(): content_length=486
 3(10) DEBUG: <core> [core/parser/parse_hname2.c:301]: parse_sip_header_name(): parsed header name [Contact] type 7
 3(10) DEBUG: <core> [core/parser/parse_hname2.c:301]: parse_sip_header_name(): parsed header name [User-Agent] type 28
 3(10) DEBUG: <core> [core/parser/msg_parser.c:91]: get_hdr_field(): found end of header
 3(10) DEBUG: sanity [sanity.c:340]: check_required_headers(): check_required_headers passed
 3(10) DEBUG: sanity [sanity.c:506]: check_cseq_method(): check_cseq_method entered
 3(10) DEBUG: sanity [sanity.c:539]: check_cseq_method(): check_cseq_method passed
 3(10) DEBUG: sanity [sanity.c:548]: check_cseq_value(): check_cseq_value entered
 3(10) DEBUG: sanity [sanity.c:576]: check_cseq_value(): check_cseq_value passed
 3(10) DEBUG: sanity [sanity.c:585]: check_cl(): check_cl entered
 3(10) DEBUG: sanity [sanity.c:610]: check_cl(): check_cl passed
 3(10) DEBUG: sanity [sanity.c:622]: check_expires_value(): check_expires_value entered
 3(10) DEBUG: sanity [sanity.c:659]: check_expires_value(): no expires header found
 3(10) DEBUG: sanity [sanity.c:758]: check_parse_uris(): check_parse_uris entered
 3(10) DEBUG: sanity [sanity.c:762]: check_parse_uris(): parsing ruri
 3(10) DEBUG: sanity [sanity.c:776]: check_parse_uris(): looking up From header
 3(10) DEBUG: <core> [core/parser/parse_addr_spec.c:185]: parse_to_param(): add param: tag=4hEyLwT8d
 3(10) DEBUG: <core> [core/parser/parse_addr_spec.c:884]: parse_addr_spec(): end of header reached, state=29
 3(10) DEBUG: sanity [sanity.c:791]: check_parse_uris(): looking up To header
 3(10) DEBUG: sanity [sanity.c:838]: check_parse_uris(): check_parse_uris passed
 3(10) DEBUG: sanity [sanity_mod.c:254]: w_sanity_check(): sanity checks result: 1
 3(10) DEBUG: maxfwd [mf_funcs.c:74]: is_maxfwd_present(): value = 70 
 3(10) DEBUG: tm [t_lookup.c:1053]: t_check_msg(): msg (0x72ec244160a0) id=5/10 global id=4/10 T start=(nil)
 3(10) DEBUG: tm [t_lookup.c:497]: t_lookup_request(): start searching: hash=51226, isACK=0
 3(10) DEBUG: tm [t_lookup.c:455]: matching_3261(): RFC3261 transaction matching failed - via branch [z9hG4bK.oUwSrQNYB]
 3(10) DEBUG: tm [t_lookup.c:675]: t_lookup_request(): no transaction found
 3(10) DEBUG: tm [t_lookup.c:1122]: t_check_msg(): msg (0x72ec244160a0) id=5/10 global id=5/10 T end=(nil)
 3(10) DEBUG: rr [loose.c:1293]: is_direction(): param ftag not found
 3(10) DEBUG: rr [record.c:479]: record_route(): inserted record route (r2: 1 - plen: 0)
 3(10) DEBUG: siputils [checks.c:120]: has_totag(): no totag
 3(10) DEBUG: registrar [lookup.c:345]: lookup_helper(): contact for [ue1] found by address
 3(10) DEBUG: <core> [core/parser/sdp/sdp_helpr_funcs.c:682]: extract_sess_version(): oline(34): >o=ue2 3703 3341 IN IP4 10.45.0.3
<
 3(10) DEBUG: <core> [core/parser/sdp/sdp_helpr_funcs.c:711]: extract_sess_version(): end 4: >3341<
 3(10) DEBUG: <core> [core/parser/sdp/sdp_helpr_funcs.c:566]: extract_mediaip(): located IP address [10.45.0.3] in `o=' field
 3(10) DEBUG: <core> [core/parser/sdp/sdp_helpr_funcs.c:566]: extract_mediaip(): located IP address [10.45.0.3] in `c=' field
 3(10) DEBUG: <core> [core/parser/sdp/sdp.c:599]: parse_sdp_session(): ignoring unknown type in a= line: `a=rtcp-fb:* trr-int ...'
 3(10) DEBUG: <core> [core/parser/sdp/sdp.c:599]: parse_sdp_session(): ignoring unknown type in a= line: `a=rtcp-fb:* ccm tmmb...'
 3(10) DEBUG: rtpengine [rtpengine_funcs.c:144]: check_content_type(): type <application/sdp> found valid
 3(10) DEBUG: rtpengine [rtpengine.c:1861]: build_rtpp_socks(): same rtpengines list version: 1 (1785186633)
 3(10) DEBUG: rtpengine [rtpengine.c:3305]: select_rtpp_node_old(): rtpengine hash table lookup failed to find node for calllen=10 callid=AMZwkDpU5~ viabranch=
 3(10) DEBUG: rtpengine [rtpengine.c:3196]: select_rtpp_node_new(): sum is = 134
 3(10) DEBUG: rtpengine [rtpengine.c:2720]: rtpp_function_call(): proxy reply: d3:sdp561:v=0
o=ue2 3703 3341 IN IP4 10.100.0.11
s=Talk
c=IN IP4 10.100.0.11
t=0 0
a=rtcp-xr:rcvr-rtt=all:10000 stat-summary=loss,dup,jitt,TTL voip-metrics
m=audio 30034 RTP/AVP 96 97 98 0 8 101 99 100
a=rtcp-fb:* trr-int 1000
a=rtcp-fb:* ccm tmmbr
a=rtpmap:96 opus/48000/2
a=fmtp:96 useinbandfec=1
a=rtpmap:97 speex/16000
a=fmtp:97 vbr=on
a=rtpmap:98 speex/8000
a=fmtp:98 vbr=on
a=rtpmap:0 PCMU/8000
a=rtpmap:8 PCMA/8000
a=rtpmap:101 telephone-event/48000
a=rtpmap:99 telephone-event/16000
a=rtpmap:100 telephone-event/8000
a=sendrecv
a=rtcp:30035
6:result2:oke
 3(10) DEBUG: rtpengine [rtpengine.c:2813]: rtpp_function_call(): rtpengine hash table insert node=udp:10.100.0.11:22222 for calllen=10 callid=AMZwkDpU5~ viabranch=
 3(10) DEBUG: tm [t_lookup.c:1346]: t_newtran(): msg (0x72ec244160a0) id=5/10 global id=5/10 T start=(nil)
 3(10) DEBUG: tm [t_lookup.c:497]: t_lookup_request(): start searching: hash=51226, isACK=0
 3(10) DEBUG: tm [t_lookup.c:455]: matching_3261(): RFC3261 transaction matching failed - via branch [z9hG4bK.oUwSrQNYB]
 3(10) DEBUG: tm [t_lookup.c:675]: t_lookup_request(): no transaction found
 3(10) DEBUG: <core> [core/crypto/md5utils.c:67]: MD5StringArray(): MD5 calculated: ceeb06b4cfed74eb9492f10d213dcc48
 3(10) DEBUG: tm [t_funcs.c:325]: t_relay_to(): new INVITE
 3(10) DEBUG: tm [t_reply.c:637]: _reply_light(): reply sent out - buf=0x72ec24417118: SIP/2.0 100 trying -... shmem=0x72ec200f1928: SIP/2.0 100 trying -
 3(10) DEBUG: tm [t_reply.c:648]: _reply_light(): finished
 3(10) DEBUG: <core> [core/msg_translator.c:1799]: check_boundaries(): no multi-part body
 3(10) DEBUG: <core> [core/msg_translator.c:432]: clen_builder(): content-length: 561 (561)
 3(10) DEBUG: tm [t_funcs.c:373]: t_relay_to(): new transaction forwarded
 3(10) DEBUG: <core> [core/receive.c:528]: receive_msg(): request-route executed in: 5915 usec
 3(10) DEBUG: <core> [core/usr_avp.c:637]: destroy_avp_list(): destroying list (nil)
 3(10) DEBUG: <core> [core/usr_avp.c:637]: destroy_avp_list(): destroying list (nil)
 3(10) DEBUG: <core> [core/usr_avp.c:637]: destroy_avp_list(): destroying list (nil)
 3(10) DEBUG: <core> [core/usr_avp.c:637]: destroy_avp_list(): destroying list (nil)
 3(10) DEBUG: <core> [core/usr_avp.c:637]: destroy_avp_list(): destroying list (nil)
 3(10) DEBUG: <core> [core/usr_avp.c:637]: destroy_avp_list(): destroying list (nil)
 3(10) DEBUG: <core> [core/xavp.c:541]: xavp_destroy_list(): destroying xavp list (nil)
 3(10) DEBUG: <core> [core/xavp.c:541]: xavp_destroy_list(): destroying xavp list (nil)
 3(10) DEBUG: <core> [core/xavp.c:541]: xavp_destroy_list(): destroying xavp list (nil)
 3(10) DEBUG: <core> [core/receive.c:628]: receive_msg(): cleaning up
 3(10) DEBUG: <core> [core/parser/sdp/sdp.c:863]: free_sdp(): _sdp = 0x72ec24416288
 3(10) DEBUG: <core> [core/parser/sdp/sdp.c:865]: free_sdp(): sdp = 0x72ec24403f08
 3(10) DEBUG: <core> [core/parser/sdp/sdp.c:867]: free_sdp(): session = 0x72ec24403fb0
 4(11) DEBUG: <core> [core/udp_server.c:494]: udp_rcv_loop(): received on udp socket: (106/100/301) [[SIP/2.0 100 Trying 0D  0A Via: SIP/2.0/UDP 10.100.0.10;branch=z9hG4bKa18c.ceeb06b4cfed74eb9492f10d213dcc48]]
 4(11) DEBUG: <core> [core/parser/parse_fline.c:249]: parse_first_line(): first line type 2 (reply(status)) flags 1
 4(11) DEBUG: <core> [core/parser/msg_parser.c:689]: parse_msg(): SIP Reply  (status):
 4(11) DEBUG: <core> [core/parser/msg_parser.c:690]: parse_msg():  version: <SIP/2.0>
 4(11) DEBUG: <core> [core/parser/msg_parser.c:692]: parse_msg():  status:  <100>
 4(11) DEBUG: <core> [core/parser/msg_parser.c:694]: parse_msg():  reason:  <Trying>
 4(11) DEBUG: <core> [core/parser/parse_hname2.c:301]: parse_sip_header_name(): parsed header name [Via] type 1
 4(11) DEBUG: <core> [core/parser/parse_via.c:1300]: parse_via_param(): Found param type 232, <branch> = <z9hG4bKa18c.ceeb06b4cfed74eb9492f10d213dcc48.0>; state=16
 4(11) DEBUG: <core> [core/parser/parse_via.c:2639]: parse_via(): end of header reached, state=5
 4(11) DEBUG: <core> [core/parser/msg_parser.c:555]: parse_headers(): Via found, flags=2
 4(11) DEBUG: <core> [core/parser/msg_parser.c:557]: parse_headers(): this is the first via
 4(11) DEBUG: <core> [core/parser/parse_hname2.c:301]: parse_sip_header_name(): parsed header name [Via] type 1
 4(11) DEBUG: <core> [core/parser/parse_via.c:1300]: parse_via_param(): Found param type 234, <received> = <10.100.0.2>; state=6
 4(11) DEBUG: <core> [core/parser/parse_via.c:1300]: parse_via_param(): Found param type 232, <branch> = <z9hG4bK.oUwSrQNYB>; state=6
 4(11) DEBUG: <core> [core/parser/parse_via.c:1300]: parse_via_param(): Found param type 235, <rport> = <5080>; state=16
 4(11) DEBUG: <core> [core/parser/parse_via.c:2639]: parse_via(): end of header reached, state=5
 4(11) DEBUG: <core> [core/parser/msg_parser.c:555]: parse_headers(): Via found, flags=78
 4(11) DEBUG: <core> [core/parser/msg_parser.c:568]: parse_headers(): this is the second via
 4(11) DEBUG: <core> [core/parser/parse_hname2.c:301]: parse_sip_header_name(): parsed header name [From] type 4
 4(11) DEBUG: <core> [core/parser/parse_hname2.c:301]: parse_sip_header_name(): parsed header name [To] type 3
 4(11) DEBUG: <core> [core/parser/parse_addr_spec.c:884]: parse_addr_spec(): end of header reached, state=9
 4(11) DEBUG: <core> [core/parser/msg_parser.c:172]: get_hdr_field(): <To> [21]; uri=[sip:ue1@10.100.0.10]
 4(11) DEBUG: <core> [core/parser/msg_parser.c:174]: get_hdr_field(): to body (21)[sip:ue1@10.100.0.10
], to tag (0)[]
 4(11) DEBUG: <core> [core/parser/parse_hname2.c:301]: parse_sip_header_name(): parsed header name [Call-ID] type 6
 4(11) DEBUG: <core> [core/parser/parse_hname2.c:301]: parse_sip_header_name(): parsed header name [CSeq] type 5
 4(11) DEBUG: <core> [core/parser/msg_parser.c:152]: get_hdr_field(): cseq <CSeq>: <20> <INVITE>
 4(11) DEBUG: <core> [core/receive.c:389]: receive_msg(): --- received sip message - reply - call-id: [AMZwkDpU5~] - cseq: [20 INVITE]
 4(11) DEBUG: <core> [core/receive.c:261]: ksr_evrt_pre_routing(): event route core:pre-routing not defined
 4(11) DEBUG: tm [t_lookup.c:1053]: t_check_msg(): msg (0x72ec244160a0) id=5/11 global id=4/11 T start=(nil)
 4(11) DEBUG: tm [t_lookup.c:912]: t_reply_matching(): t_reply_matching: hash 51226 label 0 branch 0
 4(11) DEBUG: tm [t_lookup.c:986]: t_reply_matching(): reply (0x72ec244160a0) matched an active transaction (T=0x72ec200ee2f0)!
 4(11) DEBUG: tm [t_lookup.c:1122]: t_check_msg(): msg (0x72ec244160a0) id=5/11 global id=5/11 T end=0x72ec200ee2f0
 4(11) DEBUG: tm [t_reply.c:2363]: reply_received(): transaction found - T:0x72ec200ee2f0 branch:0
 4(11) DEBUG: tm [t_reply.c:2376]: reply_received(): original status uas=100, uac[0]=0 local=0 is_invite=1)
 4(11) DEBUG: tm [t_reply.c:1363]: t_should_relay_response(): ->>>>>>>>> T_code=100, new_code=100
 4(11) DEBUG: tm [t_reply.c:1613]: t_should_relay_response(): rps provisional - uas status: 100
 1(8) DEBUG: <core> [core/udp_server.c:494]: udp_rcv_loop(): received on udp socket: (106/100/437) [[SIP/2.0 180 Ringing 0D  0A Via: SIP/2.0/UDP 10.100.0.10;branch=z9hG4bKa18c.ceeb06b4cfed74eb9492f10d213dcc4]]
 4(11) DEBUG: tm [t_reply.c:1924]: relay_reply(): reply status=5 branch=0, save=0, relay=-1 icode=0 msg status=100
 4(11) DEBUG: <core> [core/receive.c:617]: receive_msg(): reply-route executed in: 120 usec
 4(11) DEBUG: <core> [core/usr_avp.c:637]: destroy_avp_list(): destroying list (nil)
 4(11) DEBUG: <core> [core/usr_avp.c:637]: destroy_avp_list(): destroying list (nil)
 4(11) DEBUG: <core> [core/usr_avp.c:637]: destroy_avp_list(): destroying list (nil)
 4(11) DEBUG: <core> [core/usr_avp.c:637]: destroy_avp_list(): destroying list (nil)
 4(11) DEBUG: <core> [core/usr_avp.c:637]: destroy_avp_list(): destroying list (nil)
 4(11) DEBUG: <core> [core/usr_avp.c:637]: destroy_avp_list(): destroying list (nil)
 4(11) DEBUG: <core> [core/xavp.c:541]: xavp_destroy_list(): destroying xavp list (nil)
 4(11) DEBUG: <core> [core/xavp.c:541]: xavp_destroy_list(): destroying xavp list (nil)
 4(11) DEBUG: <core> [core/xavp.c:541]: xavp_destroy_list(): destroying xavp list (nil)
 4(11) DEBUG: <core> [core/receive.c:628]: receive_msg(): cleaning up
 1(8) DEBUG: <core> [core/parser/parse_fline.c:249]: parse_first_line(): first line type 2 (reply(status)) flags 1
 1(8) DEBUG: <core> [core/parser/msg_parser.c:689]: parse_msg(): SIP Reply  (status):
 1(8) DEBUG: <core> [core/parser/msg_parser.c:690]: parse_msg():  version: <SIP/2.0>
 1(8) DEBUG: <core> [core/parser/msg_parser.c:692]: parse_msg():  status:  <180>
 1(8) DEBUG: <core> [core/parser/msg_parser.c:694]: parse_msg():  reason:  <Ringing>
 1(8) DEBUG: <core> [core/parser/parse_hname2.c:301]: parse_sip_header_name(): parsed header name [Via] type 1
 1(8) DEBUG: <core> [core/parser/parse_via.c:1300]: parse_via_param(): Found param type 232, <branch> = <z9hG4bKa18c.ceeb06b4cfed74eb9492f10d213dcc48.0>; state=16
 1(8) DEBUG: <core> [core/parser/parse_via.c:2639]: parse_via(): end of header reached, state=5
 1(8) DEBUG: <core> [core/parser/msg_parser.c:555]: parse_headers(): Via found, flags=2
 1(8) DEBUG: <core> [core/parser/msg_parser.c:557]: parse_headers(): this is the first via
 1(8) DEBUG: <core> [core/parser/parse_hname2.c:301]: parse_sip_header_name(): parsed header name [Via] type 1
 1(8) DEBUG: <core> [core/parser/parse_via.c:1300]: parse_via_param(): Found param type 234, <received> = <10.100.0.2>; state=6
 1(8) DEBUG: <core> [core/parser/parse_via.c:1300]: parse_via_param(): Found param type 232, <branch> = <z9hG4bK.oUwSrQNYB>; state=6
 1(8) DEBUG: <core> [core/parser/parse_via.c:1300]: parse_via_param(): Found param type 235, <rport> = <5080>; state=16
 1(8) DEBUG: <core> [core/parser/parse_via.c:2639]: parse_via(): end of header reached, state=5
 1(8) DEBUG: <core> [core/parser/msg_parser.c:555]: parse_headers(): Via found, flags=78
 1(8) DEBUG: <core> [core/parser/msg_parser.c:568]: parse_headers(): this is the second via
 1(8) DEBUG: <core> [core/parser/parse_hname2.c:301]: parse_sip_header_name(): parsed header name [From] type 4
 1(8) DEBUG: <core> [core/parser/parse_hname2.c:301]: parse_sip_header_name(): parsed header name [To] type 3
 1(8) DEBUG: <core> [core/parser/parse_addr_spec.c:185]: parse_to_param(): add param: tag=7apWqbD
 1(8) DEBUG: <core> [core/parser/parse_addr_spec.c:884]: parse_addr_spec(): end of header reached, state=29
 1(8) DEBUG: <core> [core/parser/msg_parser.c:172]: get_hdr_field(): <To> [35]; uri=[sip:ue1@10.100.0.10]
 1(8) DEBUG: <core> [core/parser/msg_parser.c:174]: get_hdr_field(): to body (21)[<sip:ue1@10.100.0.10>], to tag (7)[7apWqbD]
 1(8) DEBUG: <core> [core/parser/parse_hname2.c:301]: parse_sip_header_name(): parsed header name [Call-ID] type 6
 1(8) DEBUG: <core> [core/parser/parse_hname2.c:301]: parse_sip_header_name(): parsed header name [CSeq] type 5
 1(8) DEBUG: <core> [core/parser/msg_parser.c:152]: get_hdr_field(): cseq <CSeq>: <20> <INVITE>
 1(8) DEBUG: <core> [core/receive.c:389]: receive_msg(): --- received sip message - reply - call-id: [AMZwkDpU5~] - cseq: [20 INVITE]
 1(8) DEBUG: <core> [core/receive.c:261]: ksr_evrt_pre_routing(): event route core:pre-routing not defined
 1(8) DEBUG: <core> [core/parser/parse_hname2.c:301]: parse_sip_header_name(): parsed header name [User-Agent] type 28
 1(8) DEBUG: <core> [core/parser/parse_hname2.c:301]: parse_sip_header_name(): parsed header name [Supported] type 17
 1(8) DEBUG: <core> [core/parser/parse_hname2.c:301]: parse_sip_header_name(): parsed header name [Record-route] type 10
 1(8) DEBUG: <core> [core/parser/msg_parser.c:91]: get_hdr_field(): found end of header
 1(8) DEBUG: tm [t_lookup.c:1053]: t_check_msg(): msg (0x72ec244160a0) id=3/8 global id=2/8 T start=0xffffffffffffffff
 1(8) DEBUG: tm [t_lookup.c:912]: t_reply_matching(): t_reply_matching: hash 51226 label 0 branch 0
 1(8) DEBUG: tm [t_lookup.c:986]: t_reply_matching(): reply (0x72ec244160a0) matched an active transaction (T=0x72ec200ee2f0)!
 1(8) DEBUG: tm [t_lookup.c:1122]: t_check_msg(): msg (0x72ec244160a0) id=3/8 global id=3/8 T end=0x72ec200ee2f0
 1(8) DEBUG: tm [t_reply.c:2363]: reply_received(): transaction found - T:0x72ec200ee2f0 branch:0
 1(8) DEBUG: tm [t_reply.c:2376]: reply_received(): original status uas=100, uac[0]=100 local=0 is_invite=1)
 1(8) DEBUG: tm [t_reply.c:1363]: t_should_relay_response(): ->>>>>>>>> T_code=100, new_code=180
 1(8) DEBUG: tm [t_reply.c:1613]: t_should_relay_response(): rps provisional - uas status: 100
 1(8) DEBUG: tm [t_reply.c:1924]: relay_reply(): reply status=5 branch=0, save=0, relay=0 icode=0 msg status=180
 1(8) DEBUG: <core> [core/msg_translator.c:2340]: generate_res_buf_from_sip_res(): old size: 437, new size: 353
 1(8) DEBUG: <core> [core/msg_translator.c:2357]: generate_res_buf_from_sip_res(): copied size: orig:105, new: 21, rest: 332 msg=
SIP/2.0 180 Ringing
Via: SIP/2.0/UDP 10.45.0.3:5080;received=10.100.0.2;branch=z9hG4bK.oUwSrQNYB;rport=5080
From: <sip:ue2@10.100.0.10>;tag=4hEyLwT8d
To: <sip:ue1@10.100.0.10>;tag=7apWqbD
Call-ID: AMZwkDpU5~
CSeq: 20 INVITE
User-Agent: Linphonec/4.4.21
Supported: replaces, outbound, gruu
Record-route: <sip:10.100.0.10;lr=on;ftag=4hEyLwT8d>


 1(8) DEBUG: tm [t_reply.c:2126]: relay_reply(): reply buffer sent out
 1(8) DEBUG: <core> [core/receive.c:617]: receive_msg(): reply-route executed in: 494 usec
 1(8) DEBUG: <core> [core/usr_avp.c:637]: destroy_avp_list(): destroying list (nil)
 1(8) DEBUG: <core> [core/usr_avp.c:637]: destroy_avp_list(): destroying list (nil)
 1(8) DEBUG: <core> [core/usr_avp.c:637]: destroy_avp_list(): destroying list (nil)
 1(8) DEBUG: <core> [core/usr_avp.c:637]: destroy_avp_list(): destroying list (nil)
 1(8) DEBUG: <core> [core/usr_avp.c:637]: destroy_avp_list(): destroying list (nil)
 1(8) DEBUG: <core> [core/usr_avp.c:637]: destroy_avp_list(): destroying list (nil)
 1(8) DEBUG: <core> [core/xavp.c:541]: xavp_destroy_list(): destroying xavp list (nil)
 1(8) DEBUG: <core> [core/xavp.c:541]: xavp_destroy_list(): destroying xavp list (nil)
 1(8) DEBUG: <core> [core/xavp.c:541]: xavp_destroy_list(): destroying xavp list (nil)
 1(8) DEBUG: <core> [core/receive.c:628]: receive_msg(): cleaning up
 2(9) DEBUG: <core> [core/udp_server.c:494]: udp_rcv_loop(): received on udp socket: (112/100/511) [[REGISTER sip:10.100.0.10 SIP/2.0 0D  0A Via: SIP/2.0/UDP 10.45.0.3:5080;branch=z9hG4bK.-fTDwX66u;rport 0D  0A Fr]]
 2(9) DEBUG: <core> [core/parser/parse_fline.c:249]: parse_first_line(): first line type 1 (request) flags 1
 2(9) DEBUG: <core> [core/parser/msg_parser.c:679]: parse_msg(): SIP Request:
 2(9) DEBUG: <core> [core/parser/msg_parser.c:680]: parse_msg():  method:  <REGISTER>
 2(9) DEBUG: <core> [core/parser/msg_parser.c:682]: parse_msg():  uri:     <sip:10.100.0.10>
 2(9) DEBUG: <core> [core/parser/msg_parser.c:684]: parse_msg():  version: <SIP/2.0>
 2(9) DEBUG: <core> [core/parser/parse_hname2.c:301]: parse_sip_header_name(): parsed header name [Via] type 1
 2(9) DEBUG: <core> [core/parser/parse_via.c:1300]: parse_via_param(): Found param type 232, <branch> = <z9hG4bK.-fTDwX66u>; state=6
 2(9) DEBUG: <core> [core/parser/parse_via.c:1300]: parse_via_param(): Found param type 235, <rport> = <n/a>; state=17
 2(9) DEBUG: <core> [core/parser/parse_via.c:2639]: parse_via(): end of header reached, state=5
 2(9) DEBUG: <core> [core/parser/msg_parser.c:555]: parse_headers(): Via found, flags=2
 2(9) DEBUG: <core> [core/parser/msg_parser.c:557]: parse_headers(): this is the first via
 2(9) DEBUG: <core> [core/parser/parse_hname2.c:301]: parse_sip_header_name(): parsed header name [From] type 4
 2(9) DEBUG: <core> [core/parser/parse_hname2.c:301]: parse_sip_header_name(): parsed header name [To] type 3
 2(9) DEBUG: <core> [core/parser/parse_addr_spec.c:884]: parse_addr_spec(): end of header reached, state=9
 2(9) DEBUG: <core> [core/parser/msg_parser.c:172]: get_hdr_field(): <To> [21]; uri=[sip:ue2@10.100.0.10]
 2(9) DEBUG: <core> [core/parser/msg_parser.c:174]: get_hdr_field(): to body (21)[sip:ue2@10.100.0.10
], to tag (0)[]
 2(9) DEBUG: <core> [core/parser/parse_hname2.c:301]: parse_sip_header_name(): parsed header name [CSeq] type 5
 2(9) DEBUG: <core> [core/parser/msg_parser.c:152]: get_hdr_field(): cseq <CSeq>: <23> <REGISTER>
 2(9) DEBUG: <core> [core/parser/parse_hname2.c:301]: parse_sip_header_name(): parsed header name [Call-ID] type 6
 2(9) DEBUG: <core> [core/receive.c:389]: receive_msg(): --- received sip message - request - call-id: [dsvYoZjw3U] - cseq: [23 REGISTER]
 2(9) DEBUG: <core> [core/receive.c:261]: ksr_evrt_pre_routing(): event route core:pre-routing not defined
 2(9) DEBUG: <core> [core/receive.c:471]: receive_msg(): preparing to run routing scripts...
 2(9) DEBUG: sanity [sanity.c:247]: check_ruri_sip_version(): check_ruri_sip_version entered
 2(9) DEBUG: sanity [sanity.c:270]: check_ruri_sip_version(): check_ruri_sip_version passed
 2(9) DEBUG: sanity [sanity.c:277]: check_ruri_scheme(): check_ruri_scheme entered
 2(9) DEBUG: sanity [sanity.c:297]: check_ruri_scheme(): check_ruri_scheme passed
 2(9) DEBUG: sanity [sanity.c:318]: check_required_headers(): check_required_headers entered
 2(9) DEBUG: <core> [core/parser/parse_hname2.c:301]: parse_sip_header_name(): parsed header name [Max-Forwards] type 8
 2(9) DEBUG: <core> [core/parser/parse_hname2.c:301]: parse_sip_header_name(): parsed header name [Supported] type 17
 2(9) DEBUG: <core> [core/parser/parse_hname2.c:301]: parse_sip_header_name(): parsed header name [Accept] type 23
 2(9) DEBUG: <core> [core/parser/parse_hname2.c:301]: parse_sip_header_name(): parsed header name [Accept] type 23
 2(9) DEBUG: <core> [core/parser/parse_hname2.c:301]: parse_sip_header_name(): parsed header name [Accept] type 23
 2(9) DEBUG: <core> [core/parser/parse_hname2.c:301]: parse_sip_header_name(): parsed header name [Contact] type 7
 2(9) DEBUG: <core> [core/parser/parse_hname2.c:301]: parse_sip_header_name(): parsed header name [Expires] type 14
 2(9) DEBUG: <core> [core/parser/parse_hname2.c:301]: parse_sip_header_name(): parsed header name [User-Agent] type 28
 2(9) DEBUG: <core> [core/parser/msg_parser.c:91]: get_hdr_field(): found end of header
 2(9) DEBUG: sanity [sanity.c:340]: check_required_headers(): check_required_headers passed
 2(9) DEBUG: sanity [sanity.c:506]: check_cseq_method(): check_cseq_method entered
 2(9) DEBUG: sanity [sanity.c:539]: check_cseq_method(): check_cseq_method passed
 2(9) DEBUG: sanity [sanity.c:548]: check_cseq_value(): check_cseq_value entered
 2(9) DEBUG: sanity [sanity.c:576]: check_cseq_value(): check_cseq_value passed
 2(9) DEBUG: sanity [sanity.c:585]: check_cl(): check_cl entered
 2(9) WARNING: sanity [sanity.c:612]: check_cl(): content length header missing in request
 2(9) DEBUG: sanity [sanity.c:622]: check_expires_value(): check_expires_value entered
 2(9) DEBUG: sanity [sanity.c:657]: check_expires_value(): check_expires_value passed
 2(9) DEBUG: sanity [sanity.c:758]: check_parse_uris(): check_parse_uris entered
 2(9) DEBUG: sanity [sanity.c:762]: check_parse_uris(): parsing ruri
 2(9) DEBUG: sanity [sanity.c:776]: check_parse_uris(): looking up From header
 2(9) DEBUG: <core> [core/parser/parse_addr_spec.c:185]: parse_to_param(): add param: tag=AXZuULbt5
 2(9) DEBUG: <core> [core/parser/parse_addr_spec.c:884]: parse_addr_spec(): end of header reached, state=29
 2(9) DEBUG: sanity [sanity.c:791]: check_parse_uris(): looking up To header
 2(9) DEBUG: sanity [sanity.c:838]: check_parse_uris(): check_parse_uris passed
 2(9) DEBUG: sanity [sanity_mod.c:254]: w_sanity_check(): sanity checks result: 1
 2(9) DEBUG: maxfwd [mf_funcs.c:74]: is_maxfwd_present(): value = 70 
 2(9) DEBUG: tm [t_lookup.c:1053]: t_check_msg(): msg (0x72ec244160a0) id=4/9 global id=3/9 T start=(nil)
 2(9) DEBUG: tm [t_lookup.c:497]: t_lookup_request(): start searching: hash=32352, isACK=0
 2(9) DEBUG: tm [t_lookup.c:455]: matching_3261(): RFC3261 transaction matching failed - via branch [z9hG4bK.-fTDwX66u]
 2(9) DEBUG: tm [t_lookup.c:675]: t_lookup_request(): no transaction found
 2(9) DEBUG: tm [t_lookup.c:1122]: t_check_msg(): msg (0x72ec244160a0) id=4/9 global id=4/9 T end=(nil)
 2(9) DEBUG: siputils [checks.c:120]: has_totag(): no totag
 2(9) DEBUG: <core> [core/msg_translator.c:162]: check_via_address(): (10.100.0.2, 10.45.0.3, 0)
 2(9) DEBUG: registrar [save.c:324]: pack_ci(): set instance[<urn:uuid:b1ec2359-ddd8-000f-aa02-ab2f9af9fbe2>]
 2(9) DEBUG: <core> [core/utils/sruid.c:214]: sruid_nextx(): new sruid is [uloc-6a67c949-9-2] (2 / 17)
 2(9) DEBUG: registrar [save.c:421]: pack_ci(): generated ruid is: uloc-6a67c949-9-2
 2(9) DEBUG: <core> [core/utils/sruid.c:214]: sruid_nextx(): new sruid is [uloc-6a67c949-9-3] (3 / 17)
 2(9) DEBUG: registrar [save.c:421]: pack_ci(): generated ruid is: uloc-6a67c949-9-3
 2(9) DEBUG: registrar [reply.c:334]: build_contact(): created Contact HF: Contact: <sip:ue2@10.100.0.2:5080;transport=udp>;expires=60;received="sip:10.100.0.2:5080";+sip.instance="<urn:uuid:b1ec2359-ddd8-000f-aa02-ab2f9af9fbe2>"

 2(9) DEBUG: sl [sl.c:310]: send_reply(): reply in stateless mode (sl)
 2(9) DEBUG: <core> [core/receive.c:126]: sip_check_fline(): first line indicates a SIP reply
 2(9) INFO: <script>: REGISTER sip:ue2@10.100.0.10 from 10.100.0.2:5080 saved (contact <sip:ue2@10.100.0.2:5080;transport=udp>;+sip.instance="<urn:uuid:b1ec2359-ddd8-000f-aa02-ab2f9af9fbe2>")
 2(9) DEBUG: <core> [core/receive.c:528]: receive_msg(): request-route executed in: 750 usec
 2(9) DEBUG: <core> [core/usr_avp.c:637]: destroy_avp_list(): destroying list 0x72ec200f1928
 2(9) DEBUG: <core> [core/usr_avp.c:637]: destroy_avp_list(): destroying list (nil)
 2(9) DEBUG: <core> [core/usr_avp.c:637]: destroy_avp_list(): destroying list (nil)
 2(9) DEBUG: <core> [core/usr_avp.c:637]: destroy_avp_list(): destroying list (nil)
 2(9) DEBUG: <core> [core/usr_avp.c:637]: destroy_avp_list(): destroying list (nil)
 2(9) DEBUG: <core> [core/usr_avp.c:637]: destroy_avp_list(): destroying list (nil)
 2(9) DEBUG: <core> [core/xavp.c:541]: xavp_destroy_list(): destroying xavp list (nil)
 2(9) DEBUG: <core> [core/xavp.c:541]: xavp_destroy_list(): destroying xavp list (nil)
 2(9) DEBUG: <core> [core/xavp.c:541]: xavp_destroy_list(): destroying xavp list (nil)
 2(9) DEBUG: <core> [core/receive.c:628]: receive_msg(): cleaning up
 3(10) DEBUG: <core> [core/udp_server.c:494]: udp_rcv_loop(): received on udp socket: (112/100/512) [[REGISTER sip:10.100.0.10 SIP/2.0 0D  0A Via: SIP/2.0/UDP 10.45.0.2:5080;branch=z9hG4bK.LgvgCNEJJ;rport 0D  0A Fr]]
 3(10) DEBUG: <core> [core/parser/parse_fline.c:249]: parse_first_line(): first line type 1 (request) flags 1
 3(10) DEBUG: <core> [core/parser/msg_parser.c:679]: parse_msg(): SIP Request:
 3(10) DEBUG: <core> [core/parser/msg_parser.c:680]: parse_msg():  method:  <REGISTER>
 3(10) DEBUG: <core> [core/parser/msg_parser.c:682]: parse_msg():  uri:     <sip:10.100.0.10>
 3(10) DEBUG: <core> [core/parser/msg_parser.c:684]: parse_msg():  version: <SIP/2.0>
 3(10) DEBUG: <core> [core/parser/parse_hname2.c:301]: parse_sip_header_name(): parsed header name [Via] type 1
 3(10) DEBUG: <core> [core/parser/parse_via.c:1300]: parse_via_param(): Found param type 232, <branch> = <z9hG4bK.LgvgCNEJJ>; state=6
 3(10) DEBUG: <core> [core/parser/parse_via.c:1300]: parse_via_param(): Found param type 235, <rport> = <n/a>; state=17
 3(10) DEBUG: <core> [core/parser/parse_via.c:2639]: parse_via(): end of header reached, state=5
 3(10) DEBUG: <core> [core/parser/msg_parser.c:555]: parse_headers(): Via found, flags=2
 3(10) DEBUG: <core> [core/parser/msg_parser.c:557]: parse_headers(): this is the first via
 3(10) DEBUG: <core> [core/parser/parse_hname2.c:301]: parse_sip_header_name(): parsed header name [From] type 4
 3(10) DEBUG: <core> [core/parser/parse_hname2.c:301]: parse_sip_header_name(): parsed header name [To] type 3
 3(10) DEBUG: <core> [core/parser/parse_addr_spec.c:884]: parse_addr_spec(): end of header reached, state=9
 3(10) DEBUG: <core> [core/parser/msg_parser.c:172]: get_hdr_field(): <To> [21]; uri=[sip:ue1@10.100.0.10]
 3(10) DEBUG: <core> [core/parser/msg_parser.c:174]: get_hdr_field(): to body (21)[sip:ue1@10.100.0.10
], to tag (0)[]
 3(10) DEBUG: <core> [core/parser/parse_hname2.c:301]: parse_sip_header_name(): parsed header name [CSeq] type 5
 3(10) DEBUG: <core> [core/parser/msg_parser.c:152]: get_hdr_field(): cseq <CSeq>: <23> <REGISTER>
 3(10) DEBUG: <core> [core/parser/parse_hname2.c:301]: parse_sip_header_name(): parsed header name [Call-ID] type 6
 3(10) DEBUG: <core> [core/receive.c:389]: receive_msg(): --- received sip message - request - call-id: [0vxMX1n5jC] - cseq: [23 REGISTER]
 3(10) DEBUG: <core> [core/receive.c:261]: ksr_evrt_pre_routing(): event route core:pre-routing not defined
 3(10) DEBUG: <core> [core/receive.c:471]: receive_msg(): preparing to run routing scripts...
 3(10) DEBUG: sanity [sanity.c:247]: check_ruri_sip_version(): check_ruri_sip_version entered
 3(10) DEBUG: sanity [sanity.c:270]: check_ruri_sip_version(): check_ruri_sip_version passed
 3(10) DEBUG: sanity [sanity.c:277]: check_ruri_scheme(): check_ruri_scheme entered
 3(10) DEBUG: sanity [sanity.c:297]: check_ruri_scheme(): check_ruri_scheme passed
 3(10) DEBUG: sanity [sanity.c:318]: check_required_headers(): check_required_headers entered
 3(10) DEBUG: <core> [core/parser/parse_hname2.c:301]: parse_sip_header_name(): parsed header name [Max-Forwards] type 8
 3(10) DEBUG: <core> [core/parser/parse_hname2.c:301]: parse_sip_header_name(): parsed header name [Supported] type 17
 3(10) DEBUG: <core> [core/parser/parse_hname2.c:301]: parse_sip_header_name(): parsed header name [Accept] type 23
 3(10) DEBUG: <core> [core/parser/parse_hname2.c:301]: parse_sip_header_name(): parsed header name [Accept] type 23
 3(10) DEBUG: <core> [core/parser/parse_hname2.c:301]: parse_sip_header_name(): parsed header name [Accept] type 23
 3(10) DEBUG: <core> [core/parser/parse_hname2.c:301]: parse_sip_header_name(): parsed header name [Contact] type 7
 3(10) DEBUG: <core> [core/parser/parse_hname2.c:301]: parse_sip_header_name(): parsed header name [Expires] type 14
 3(10) DEBUG: <core> [core/parser/parse_hname2.c:301]: parse_sip_header_name(): parsed header name [User-Agent] type 28
 3(10) DEBUG: <core> [core/parser/msg_parser.c:91]: get_hdr_field(): found end of header
 3(10) DEBUG: sanity [sanity.c:340]: check_required_headers(): check_required_headers passed
 3(10) DEBUG: sanity [sanity.c:506]: check_cseq_method(): check_cseq_method entered
 3(10) DEBUG: sanity [sanity.c:539]: check_cseq_method(): check_cseq_method passed
 3(10) DEBUG: sanity [sanity.c:548]: check_cseq_value(): check_cseq_value entered
 3(10) DEBUG: sanity [sanity.c:576]: check_cseq_value(): check_cseq_value passed
 3(10) DEBUG: sanity [sanity.c:585]: check_cl(): check_cl entered
 3(10) WARNING: sanity [sanity.c:612]: check_cl(): content length header missing in request
 3(10) DEBUG: sanity [sanity.c:622]: check_expires_value(): check_expires_value entered
 3(10) DEBUG: sanity [sanity.c:657]: check_expires_value(): check_expires_value passed
 3(10) DEBUG: sanity [sanity.c:758]: check_parse_uris(): check_parse_uris entered
 3(10) DEBUG: sanity [sanity.c:762]: check_parse_uris(): parsing ruri
 3(10) DEBUG: sanity [sanity.c:776]: check_parse_uris(): looking up From header
 3(10) DEBUG: <core> [core/parser/parse_addr_spec.c:185]: parse_to_param(): add param: tag=hAwde4SMe
 3(10) DEBUG: <core> [core/parser/parse_addr_spec.c:884]: parse_addr_spec(): end of header reached, state=29
 3(10) DEBUG: sanity [sanity.c:791]: check_parse_uris(): looking up To header
 3(10) DEBUG: sanity [sanity.c:838]: check_parse_uris(): check_parse_uris passed
 3(10) DEBUG: sanity [sanity_mod.c:254]: w_sanity_check(): sanity checks result: 1
 3(10) DEBUG: maxfwd [mf_funcs.c:74]: is_maxfwd_present(): value = 70 
 3(10) DEBUG: tm [t_lookup.c:1053]: t_check_msg(): msg (0x72ec244160a0) id=6/10 global id=5/10 T start=0xffffffffffffffff
 3(10) DEBUG: tm [t_lookup.c:497]: t_lookup_request(): start searching: hash=7008, isACK=0
 3(10) DEBUG: tm [t_lookup.c:455]: matching_3261(): RFC3261 transaction matching failed - via branch [z9hG4bK.LgvgCNEJJ]
 3(10) DEBUG: tm [t_lookup.c:675]: t_lookup_request(): no transaction found
 3(10) DEBUG: tm [t_lookup.c:1122]: t_check_msg(): msg (0x72ec244160a0) id=6/10 global id=6/10 T end=(nil)
 3(10) DEBUG: siputils [checks.c:120]: has_totag(): no totag
 3(10) DEBUG: registrar [save.c:324]: pack_ci(): set instance[<urn:uuid:0eb0eedb-d3c7-0093-a588-a2ecb233c438>]
 3(10) DEBUG: <core> [core/utils/sruid.c:214]: sruid_nextx(): new sruid is [uloc-6a67c949-a-4] (4 / 17)
 3(10) DEBUG: registrar [save.c:421]: pack_ci(): generated ruid is: uloc-6a67c949-a-4
 3(10) DEBUG: <core> [core/utils/sruid.c:214]: sruid_nextx(): new sruid is [uloc-6a67c949-a-5] (5 / 17)
 3(10) DEBUG: registrar [save.c:421]: pack_ci(): generated ruid is: uloc-6a67c949-a-5
 3(10) DEBUG: registrar [reply.c:334]: build_contact(): created Contact HF: Contact: <sip:ue1@10.100.0.2:64767;transport=udp>;expires=60;received="sip:10.100.0.2:64767";+sip.instance="<urn:uuid:0eb0eedb-d3c7-0093-a588-a2ecb233c438>"

 3(10) DEBUG: sl [sl.c:310]: send_reply(): reply in stateless mode (sl)
 3(10) DEBUG: <core> [core/receive.c:126]: sip_check_fline(): first line indicates a SIP reply
 3(10) INFO: <script>: REGISTER sip:ue1@10.100.0.10 from 10.100.0.2:64767 saved (contact <sip:ue1@10.100.0.2:64767;transport=udp>;+sip.instance="<urn:uuid:0eb0eedb-d3c7-0093-a588-a2ecb233c438>")
 3(10) DEBUG: <core> [core/receive.c:528]: receive_msg(): request-route executed in: 682 usec
 3(10) DEBUG: <core> [core/usr_avp.c:637]: destroy_avp_list(): destroying list 0x72ec200f1928
 3(10) DEBUG: <core> [core/usr_avp.c:637]: destroy_avp_list(): destroying list (nil)
 3(10) DEBUG: <core> [core/usr_avp.c:637]: destroy_avp_list(): destroying list (nil)
 3(10) DEBUG: <core> [core/usr_avp.c:637]: destroy_avp_list(): destroying list (nil)
 3(10) DEBUG: <core> [core/usr_avp.c:637]: destroy_avp_list(): destroying list (nil)
 3(10) DEBUG: <core> [core/usr_avp.c:637]: destroy_avp_list(): destroying list (nil)
 3(10) DEBUG: <core> [core/xavp.c:541]: xavp_destroy_list(): destroying xavp list (nil)
 3(10) DEBUG: <core> [core/xavp.c:541]: xavp_destroy_list(): destroying xavp list (nil)
 3(10) DEBUG: <core> [core/xavp.c:541]: xavp_destroy_list(): destroying xavp list (nil)
 3(10) DEBUG: <core> [core/receive.c:628]: receive_msg(): cleaning up
 4(11) DEBUG: <core> [core/udp_server.c:494]: udp_rcv_loop(): received on udp socket: (112/100/1225) [[SIP/2.0 200 Ok 0D  0A Via: SIP/2.0/UDP 10.100.0.10;branch=z9hG4bKa18c.ceeb06b4cfed74eb9492f10d213dcc48.0 0D  0A ]]
 4(11) DEBUG: <core> [core/parser/parse_fline.c:249]: parse_first_line(): first line type 2 (reply(status)) flags 1
 4(11) DEBUG: <core> [core/parser/msg_parser.c:689]: parse_msg(): SIP Reply  (status):
 4(11) DEBUG: <core> [core/parser/msg_parser.c:690]: parse_msg():  version: <SIP/2.0>
 4(11) DEBUG: <core> [core/parser/msg_parser.c:692]: parse_msg():  status:  <200>
 4(11) DEBUG: <core> [core/parser/msg_parser.c:694]: parse_msg():  reason:  <Ok>
 4(11) DEBUG: <core> [core/parser/parse_hname2.c:301]: parse_sip_header_name(): parsed header name [Via] type 1
 4(11) DEBUG: <core> [core/parser/parse_via.c:1300]: parse_via_param(): Found param type 232, <branch> = <z9hG4bKa18c.ceeb06b4cfed74eb9492f10d213dcc48.0>; state=16
 4(11) DEBUG: <core> [core/parser/parse_via.c:2639]: parse_via(): end of header reached, state=5
 4(11) DEBUG: <core> [core/parser/msg_parser.c:555]: parse_headers(): Via found, flags=2
 4(11) DEBUG: <core> [core/parser/msg_parser.c:557]: parse_headers(): this is the first via
 4(11) DEBUG: <core> [core/parser/parse_hname2.c:301]: parse_sip_header_name(): parsed header name [Via] type 1
 4(11) DEBUG: <core> [core/parser/parse_via.c:1300]: parse_via_param(): Found param type 234, <received> = <10.100.0.2>; state=6
 4(11) DEBUG: <core> [core/parser/parse_via.c:1300]: parse_via_param(): Found param type 232, <branch> = <z9hG4bK.oUwSrQNYB>; state=6
 4(11) DEBUG: <core> [core/parser/parse_via.c:1300]: parse_via_param(): Found param type 235, <rport> = <5080>; state=16
 4(11) DEBUG: <core> [core/parser/parse_via.c:2639]: parse_via(): end of header reached, state=5
 4(11) DEBUG: <core> [core/parser/msg_parser.c:555]: parse_headers(): Via found, flags=78
 4(11) DEBUG: <core> [core/parser/msg_parser.c:568]: parse_headers(): this is the second via
 4(11) DEBUG: <core> [core/parser/parse_hname2.c:301]: parse_sip_header_name(): parsed header name [From] type 4
 4(11) DEBUG: <core> [core/parser/parse_hname2.c:301]: parse_sip_header_name(): parsed header name [To] type 3
 4(11) DEBUG: <core> [core/parser/parse_addr_spec.c:185]: parse_to_param(): add param: tag=7apWqbD
 4(11) DEBUG: <core> [core/parser/parse_addr_spec.c:884]: parse_addr_spec(): end of header reached, state=29
 4(11) DEBUG: <core> [core/parser/msg_parser.c:172]: get_hdr_field(): <To> [35]; uri=[sip:ue1@10.100.0.10]
 4(11) DEBUG: <core> [core/parser/msg_parser.c:174]: get_hdr_field(): to body (21)[<sip:ue1@10.100.0.10>], to tag (7)[7apWqbD]
 4(11) DEBUG: <core> [core/parser/parse_hname2.c:301]: parse_sip_header_name(): parsed header name [Call-ID] type 6
 4(11) DEBUG: <core> [core/parser/parse_hname2.c:301]: parse_sip_header_name(): parsed header name [CSeq] type 5
 4(11) DEBUG: <core> [core/parser/msg_parser.c:152]: get_hdr_field(): cseq <CSeq>: <20> <INVITE>
 4(11) DEBUG: <core> [core/receive.c:389]: receive_msg(): --- received sip message - reply - call-id: [AMZwkDpU5~] - cseq: [20 INVITE]
 4(11) DEBUG: <core> [core/receive.c:261]: ksr_evrt_pre_routing(): event route core:pre-routing not defined
 4(11) DEBUG: <core> [core/parser/parse_hname2.c:301]: parse_sip_header_name(): parsed header name [User-Agent] type 28
 4(11) DEBUG: <core> [core/parser/parse_hname2.c:301]: parse_sip_header_name(): parsed header name [Supported] type 17
 4(11) DEBUG: <core> [core/parser/parse_hname2.c:301]: parse_sip_header_name(): parsed header name [Allow] type 21
 4(11) DEBUG: <core> [core/parser/parse_hname2.c:301]: parse_sip_header_name(): parsed header name [Contact] type 7
 4(11) DEBUG: <core> [core/parser/parse_hname2.c:301]: parse_sip_header_name(): parsed header name [Content-Type] type 11
 4(11) DEBUG: <core> [core/parser/parse_hname2.c:301]: parse_sip_header_name(): parsed header name [Content-Length] type 12
 4(11) DEBUG: <core> [core/parser/msg_parser.c:187]: get_hdr_field(): content_length=485
 4(11) DEBUG: textops [textops.c:4144]: has_body_helper(): content type is 196611
 4(11) DEBUG: <core> [core/parser/parse_hname2.c:301]: parse_sip_header_name(): parsed header name [Record-route] type 10
 4(11) DEBUG: <core> [core/parser/msg_parser.c:91]: get_hdr_field(): found end of header
 4(11) DEBUG: <core> [core/parser/sdp/sdp_helpr_funcs.c:682]: extract_sess_version(): oline(33): >o=ue1 294 2548 IN IP4 10.45.0.2
<
 4(11) DEBUG: <core> [core/parser/sdp/sdp_helpr_funcs.c:711]: extract_sess_version(): end 4: >2548<
 4(11) DEBUG: <core> [core/parser/sdp/sdp_helpr_funcs.c:566]: extract_mediaip(): located IP address [10.45.0.2] in `o=' field
 4(11) DEBUG: <core> [core/parser/sdp/sdp_helpr_funcs.c:566]: extract_mediaip(): located IP address [10.45.0.2] in `c=' field
 4(11) DEBUG: <core> [core/parser/sdp/sdp.c:599]: parse_sdp_session(): ignoring unknown type in a= line: `a=rtcp-fb:* trr-int ...'
 4(11) DEBUG: <core> [core/parser/sdp/sdp.c:599]: parse_sdp_session(): ignoring unknown type in a= line: `a=rtcp-fb:* ccm tmmb...'
 4(11) DEBUG: <core> [core/parser/parse_addr_spec.c:185]: parse_to_param(): add param: tag=4hEyLwT8d
 4(11) DEBUG: <core> [core/parser/parse_addr_spec.c:884]: parse_addr_spec(): end of header reached, state=29
 4(11) DEBUG: rtpengine [rtpengine_funcs.c:144]: check_content_type(): type <application/sdp> found valid
 4(11) DEBUG: rtpengine [rtpengine.c:1861]: build_rtpp_socks(): same rtpengines list version: 1 (1785186633)
 4(11) DEBUG: rtpengine [rtpengine.c:3309]: select_rtpp_node_old(): rtpengine hash table lookup find node=udp:10.100.0.11:22222 for calllen=10 callid=AMZwkDpU5~ viabranch=
 4(11) DEBUG: rtpengine [rtpengine.c:2720]: rtpp_function_call(): proxy reply: d3:sdp560:v=0
o=ue1 294 2548 IN IP4 10.100.0.11
s=Talk
c=IN IP4 10.100.0.11
t=0 0
a=rtcp-xr:rcvr-rtt=all:10000 stat-summary=loss,dup,jitt,TTL voip-metrics
m=audio 30056 RTP/AVP 96 97 98 0 8 101 99 100
a=rtcp-fb:* trr-int 1000
a=rtcp-fb:* ccm tmmbr
a=rtpmap:96 opus/48000/2
a=fmtp:96 useinbandfec=1
a=rtpmap:97 speex/16000
a=fmtp:97 vbr=on
a=rtpmap:98 speex/8000
a=fmtp:98 vbr=on
a=rtpmap:0 PCMU/8000
a=rtpmap:8 PCMA/8000
a=rtpmap:101 telephone-event/48000
a=rtpmap:99 telephone-event/16000
a=rtpmap:100 telephone-event/8000
a=sendrecv
a=rtcp:30057
6:result2:oke
 4(11) DEBUG: tm [t_lookup.c:1053]: t_check_msg(): msg (0x72ec244160a0) id=6/11 global id=5/11 T start=0xffffffffffffffff
 4(11) DEBUG: tm [t_lookup.c:912]: t_reply_matching(): t_reply_matching: hash 51226 label 0 branch 0
 4(11) DEBUG: tm [t_lookup.c:986]: t_reply_matching(): reply (0x72ec244160a0) matched an active transaction (T=0x72ec200ee2f0)!
 4(11) DEBUG: tm [t_lookup.c:1122]: t_check_msg(): msg (0x72ec244160a0) id=6/11 global id=6/11 T end=0x72ec200ee2f0
 4(11) DEBUG: tm [t_reply.c:2363]: reply_received(): transaction found - T:0x72ec200ee2f0 branch:0
 4(11) DEBUG: tm [t_reply.c:2376]: reply_received(): original status uas=180, uac[0]=180 local=0 is_invite=1)
 4(11) DEBUG: tm [t_reply.c:1363]: t_should_relay_response(): ->>>>>>>>> T_code=180, new_code=200
 4(11) DEBUG: tm [t_reply.c:1610]: t_should_relay_response(): rps completed - uas status: 180
 4(11) DEBUG: tm [t_reply.c:1924]: relay_reply(): reply status=4 branch=0, save=0, relay=0 icode=0 msg status=200
 4(11) DEBUG: <core> [core/msg_translator.c:432]: clen_builder(): content-length: 560 (560)
 4(11) DEBUG: <core> [core/msg_translator.c:2340]: generate_res_buf_from_sip_res(): old size: 1225, new size: 1216
 4(11) DEBUG: <core> [core/msg_translator.c:2357]: generate_res_buf_from_sip_res(): copied size: orig:1225, new: 1216, rest: 0 msg=
SIP/2.0 200 Ok
Via: SIP/2.0/UDP 10.45.0.3:5080;received=10.100.0.2;branch=z9hG4bK.oUwSrQNYB;rport=5080
From: <sip:ue2@10.100.0.10>;tag=4hEyLwT8d
To: <sip:ue1@10.100.0.10>;tag=7apWqbD
Call-ID: AMZwkDpU5~
CSeq: 20 INVITE
User-Agent: Linphonec/4.4.21
Supported: replaces, outbound, gruu
Allow: INVITE, ACK, CANCEL, OPTIONS, BYE, REFER, NOTIFY, MESSAGE, SUBSCRIBE, INFO, PRACK, UPDATE
Contact: <sip:ue1@10.100.0.2:64767;transport=udp>;expires=60;received="sip:10.100.0.2:64767";+sip.instance="<urn:uuid:0eb0eedb-d3c7-0093-a588-a2ecb233c438>"
Content-Type: application/sdp
Content-Length: 560
Record-route: <sip:10.100.0.10;lr=on;ftag=4hEyLwT8d>

v=0
o=ue1 294 2548 IN IP4 10.100.0.11
s=Talk
c=IN IP4 10.100.0.11
t=0 0
a=rtcp-xr:rcvr-rtt=all:10000 stat-summary=loss,dup,jitt,TTL voip-metrics
m=audio 30056 RTP/AVP 96 97 98 0 8 101 99 100
a=rtcp-fb:* trr-int 1000
a=rtcp-fb:* ccm tmmbr
a=rtpmap:96 opus/48000/2
a=fmtp:96 useinbandfec=1
a=rtpmap:97 speex/16000
a=fmtp:97 vbr=on
a=rtpmap:98 speex/8000
a=fmtp:98 vbr=on
a=rtpmap:0 PCMU/8000
a=rtpmap:8 PCMA/8000
a=rtpmap:101 telephone-event/48000
a=rtpmap:99 telephone-event/16000
a=rtpmap:100 telephone-event/8000
a=sendrecv
a=rtcp:30057

 4(11) DEBUG: tm [t_reply.c:2126]: relay_reply(): reply buffer sent out
 4(11) DEBUG: tm [t_funcs.c:120]: put_on_wait(): put T [0x72ec200ee2f0] on wait
 4(11) DEBUG: tm [t_reply.c:1763]: cleanup_uac_timers(): RETR/FR timers reset
 4(11) DEBUG: <core> [core/receive.c:617]: receive_msg(): reply-route executed in: 3468 usec
 4(11) DEBUG: <core> [core/usr_avp.c:637]: destroy_avp_list(): destroying list (nil)
 4(11) DEBUG: <core> [core/usr_avp.c:637]: destroy_avp_list(): destroying list (nil)
 4(11) DEBUG: <core> [core/usr_avp.c:637]: destroy_avp_list(): destroying list (nil)
 4(11) DEBUG: <core> [core/usr_avp.c:637]: destroy_avp_list(): destroying list (nil)
 4(11) DEBUG: <core> [core/usr_avp.c:637]: destroy_avp_list(): destroying list (nil)
 4(11) DEBUG: <core> [core/usr_avp.c:637]: destroy_avp_list(): destroying list (nil)
 4(11) DEBUG: <core> [core/xavp.c:541]: xavp_destroy_list(): destroying xavp list (nil)
 4(11) DEBUG: <core> [core/xavp.c:541]: xavp_destroy_list(): destroying xavp list (nil)
 4(11) DEBUG: <core> [core/xavp.c:541]: xavp_destroy_list(): destroying xavp list (nil)
 4(11) DEBUG: <core> [core/receive.c:628]: receive_msg(): cleaning up
 4(11) DEBUG: <core> [core/parser/sdp/sdp.c:863]: free_sdp(): _sdp = 0x72ec24416288
 4(11) DEBUG: <core> [core/parser/sdp/sdp.c:865]: free_sdp(): sdp = 0x72ec24400d28
 4(11) DEBUG: <core> [core/parser/sdp/sdp.c:867]: free_sdp(): session = 0x72ec24400dd0
 1(8) DEBUG: <core> [core/udp_server.c:494]: udp_rcv_loop(): received on udp socket: (106/100/330) [[ACK sip:ue1@10.100.0.2:64767;transport=udp SIP/2.0 0D  0A Via: SIP/2.0/UDP 10.45.0.3:5080;rport;branch=z9h]]
 1(8) DEBUG: <core> [core/parser/parse_fline.c:249]: parse_first_line(): first line type 1 (request) flags 1
 1(8) DEBUG: <core> [core/parser/msg_parser.c:679]: parse_msg(): SIP Request:
 1(8) DEBUG: <core> [core/parser/msg_parser.c:680]: parse_msg():  method:  <ACK>
 1(8) DEBUG: <core> [core/parser/msg_parser.c:682]: parse_msg():  uri:     <sip:ue1@10.100.0.2:64767;transport=udp>
 1(8) DEBUG: <core> [core/parser/msg_parser.c:684]: parse_msg():  version: <SIP/2.0>
 1(8) DEBUG: <core> [core/parser/parse_hname2.c:301]: parse_sip_header_name(): parsed header name [Via] type 1
 1(8) DEBUG: <core> [core/parser/parse_via.c:1300]: parse_via_param(): Found param type 235, <rport> = <n/a>; state=6
 1(8) DEBUG: <core> [core/parser/parse_via.c:1300]: parse_via_param(): Found param type 232, <branch> = <z9hG4bK.GZM0s71ZC>; state=16
 1(8) DEBUG: <core> [core/parser/parse_via.c:2639]: parse_via(): end of header reached, state=5
 1(8) DEBUG: <core> [core/parser/msg_parser.c:555]: parse_headers(): Via found, flags=2
 1(8) DEBUG: <core> [core/parser/msg_parser.c:557]: parse_headers(): this is the first via
 1(8) DEBUG: <core> [core/parser/parse_hname2.c:301]: parse_sip_header_name(): parsed header name [From] type 4
 1(8) DEBUG: <core> [core/parser/parse_hname2.c:301]: parse_sip_header_name(): parsed header name [To] type 3
 1(8) DEBUG: <core> [core/parser/parse_addr_spec.c:185]: parse_to_param(): add param: tag=7apWqbD
 1(8) DEBUG: <core> [core/parser/parse_addr_spec.c:884]: parse_addr_spec(): end of header reached, state=29
 1(8) DEBUG: <core> [core/parser/msg_parser.c:172]: get_hdr_field(): <To> [35]; uri=[sip:ue1@10.100.0.10]
 1(8) DEBUG: <core> [core/parser/msg_parser.c:174]: get_hdr_field(): to body (21)[<sip:ue1@10.100.0.10>], to tag (7)[7apWqbD]
 1(8) DEBUG: <core> [core/parser/parse_hname2.c:301]: parse_sip_header_name(): parsed header name [CSeq] type 5
 1(8) DEBUG: <core> [core/parser/msg_parser.c:152]: get_hdr_field(): cseq <CSeq>: <20> <ACK>
 1(8) DEBUG: <core> [core/parser/parse_hname2.c:301]: parse_sip_header_name(): parsed header name [Call-ID] type 6
 1(8) DEBUG: <core> [core/receive.c:389]: receive_msg(): --- received sip message - request - call-id: [AMZwkDpU5~] - cseq: [20 ACK]
 1(8) DEBUG: <core> [core/receive.c:261]: ksr_evrt_pre_routing(): event route core:pre-routing not defined
 1(8) DEBUG: <core> [core/receive.c:471]: receive_msg(): preparing to run routing scripts...
 1(8) DEBUG: sanity [sanity.c:247]: check_ruri_sip_version(): check_ruri_sip_version entered
 1(8) DEBUG: sanity [sanity.c:270]: check_ruri_sip_version(): check_ruri_sip_version passed
 1(8) DEBUG: sanity [sanity.c:277]: check_ruri_scheme(): check_ruri_scheme entered
 1(8) DEBUG: sanity [sanity.c:297]: check_ruri_scheme(): check_ruri_scheme passed
 1(8) DEBUG: sanity [sanity.c:318]: check_required_headers(): check_required_headers entered
 1(8) DEBUG: <core> [core/parser/parse_hname2.c:301]: parse_sip_header_name(): parsed header name [Max-Forwards] type 8
 1(8) DEBUG: <core> [core/parser/parse_hname2.c:301]: parse_sip_header_name(): parsed header name [Route] type 9
 1(8) DEBUG: <core> [core/parser/parse_hname2.c:301]: parse_sip_header_name(): parsed header name [User-Agent] type 28
 1(8) DEBUG: <core> [core/parser/msg_parser.c:91]: get_hdr_field(): found end of header
 1(8) DEBUG: sanity [sanity.c:340]: check_required_headers(): check_required_headers passed
 1(8) DEBUG: sanity [sanity.c:506]: check_cseq_method(): check_cseq_method entered
 1(8) DEBUG: sanity [sanity.c:539]: check_cseq_method(): check_cseq_method passed
 1(8) DEBUG: sanity [sanity.c:548]: check_cseq_value(): check_cseq_value entered
 1(8) DEBUG: sanity [sanity.c:576]: check_cseq_value(): check_cseq_value passed
 1(8) DEBUG: sanity [sanity.c:585]: check_cl(): check_cl entered
 1(8) WARNING: sanity [sanity.c:612]: check_cl(): content length header missing in request
 1(8) DEBUG: sanity [sanity.c:622]: check_expires_value(): check_expires_value entered
 1(8) DEBUG: sanity [sanity.c:659]: check_expires_value(): no expires header found
 1(8) DEBUG: sanity [sanity.c:758]: check_parse_uris(): check_parse_uris entered
 1(8) DEBUG: sanity [sanity.c:762]: check_parse_uris(): parsing ruri
 1(8) DEBUG: sanity [sanity.c:776]: check_parse_uris(): looking up From header
 1(8) DEBUG: <core> [core/parser/parse_addr_spec.c:185]: parse_to_param(): add param: tag=4hEyLwT8d
 1(8) DEBUG: <core> [core/parser/parse_addr_spec.c:884]: parse_addr_spec(): end of header reached, state=29
 1(8) DEBUG: sanity [sanity.c:791]: check_parse_uris(): looking up To header
 1(8) DEBUG: sanity [sanity.c:838]: check_parse_uris(): check_parse_uris passed
 1(8) DEBUG: sanity [sanity_mod.c:254]: w_sanity_check(): sanity checks result: 1
 1(8) DEBUG: maxfwd [mf_funcs.c:74]: is_maxfwd_present(): value = 70 
 1(8) DEBUG: <core> [core/socket_info.c:702]: grep_sock_info(): checking if host==us: 11==11 && [10.100.0.10] == [10.100.0.10]
 1(8) DEBUG: <core> [core/socket_info.c:709]: grep_sock_info(): checking if port 5060 (advertise 0) matches port 5060
 1(8) DEBUG: <core> [core/forward.c:429]: check_self(): host (0:10.100.0.10:5060) == me
 1(8) DEBUG: rr [loose.c:1102]: redo_route_params(): Topmost route URI: 'sip:10.100.0.10;lr=on;ftag=4hEyLwT8d' is me
 1(8) DEBUG: rr [record.c:479]: record_route(): inserted record route (r2: 1 - plen: 0)
 1(8) DEBUG: siputils [checks.c:123]: has_totag(): totag found
 1(8) DEBUG: rr [loose.c:85]: is_preloaded(): is_preloaded: No
 1(8) DEBUG: <core> [core/socket_info.c:702]: grep_sock_info(): checking if host==us: 10==11 && [10.100.0.2] == [10.100.0.10]
 1(8) DEBUG: <core> [core/socket_info.c:709]: grep_sock_info(): checking if port 5060 (advertise 0) matches port 64767
 1(8) DEBUG: <core> [core/socket_info.c:702]: grep_sock_info(): checking if host==us: 10==7 && [10.100.0.2] == [0.0.0.0]
 1(8) DEBUG: <core> [core/socket_info.c:709]: grep_sock_info(): checking if port 5060 (advertise 0) matches port 64767
 1(8) DEBUG: <core> [core/name_alias.h:62]: grep_aliases(): matching (0:10.100.0.2:64767) vs. (1:e7fab9f716f5:5060)
 1(8) DEBUG: <core> [core/name_alias.h:62]: grep_aliases(): matching (0:10.100.0.2:64767) vs. (0:kamailio:0)
 1(8) DEBUG: <core> [core/forward.c:431]: check_self(): host (0:10.100.0.2:64767) != me
 1(8) DEBUG: <core> [core/socket_info.c:702]: grep_sock_info(): checking if host==us: 11==11 && [10.100.0.10] == [10.100.0.10]
 1(8) DEBUG: <core> [core/socket_info.c:709]: grep_sock_info(): checking if port 5060 (advertise 0) matches port 5060
 1(8) DEBUG: <core> [core/forward.c:429]: check_self(): host (0:10.100.0.10:5060) == me
 1(8) DEBUG: rr [loose.c:855]: after_loose(): Topmost route URI: 'sip:10.100.0.10;lr=on;ftag=4hEyLwT8d' is me
 1(8) DEBUG: <core> [core/parser/msg_parser.c:91]: get_hdr_field(): found end of header
 1(8) DEBUG: rr [loose.c:181]: find_next_route(): No next Route HF found
 1(8) DEBUG: rr [loose.c:886]: after_loose(): No next URI found
 1(8) DEBUG: tm [t_lookup.c:1346]: t_newtran(): msg (0x72ec244160a0) id=4/8 global id=3/8 T start=0xffffffffffffffff
 1(8) DEBUG: tm [t_lookup.c:497]: t_lookup_request(): start searching: hash=51226, isACK=1
 1(8) DEBUG: tm [t_lookup.c:455]: matching_3261(): RFC3261 transaction matching failed - via branch [z9hG4bK.GZM0s71ZC]
 1(8) DEBUG: tm [t_lookup.c:675]: t_lookup_request(): no transaction found
 1(8) DEBUG: tm [t_funcs.c:283]: t_relay_to(): forwarding ACK statelessly
 1(8) DEBUG: <core> [core/crypto/md5utils.c:67]: MD5StringArray(): MD5 calculated: bc20551a58a82d499265b9f98eef59a4
 1(8) DEBUG: <core> [core/forward.c:175]: get_out_socket(): socket determined: 0x72ec243cb078
 1(8) DEBUG: <core> [core/msg_translator.c:1799]: check_boundaries(): no multi-part body
 1(8) DEBUG: <core> [core/forward.c:577]: forward_request(): Sending:
ACK sip:ue1@10.100.0.2:64767;transport=udp SIP/2.0
Record-Route: <sip:10.100.0.10;lr=on;ftag=4hEyLwT8d>
Via: SIP/2.0/UDP 10.100.0.10;branch=z9hG4bKa18c.bc20551a58a82d499265b9f98eef59a4.0
Via: SIP/2.0/UDP 10.45.0.3:5080;received=10.100.0.2;rport=5080;branch=z9hG4bK.GZM0s71ZC
From: <sip:ue2@10.100.0.10>;tag=4hEyLwT8d
To: <sip:ue1@10.100.0.10>;tag=7apWqbD
CSeq: 20 ACK
Call-ID: AMZwkDpU5~
Max-Forwards: 69
User-Agent: Linphonec/4.4.21

.
 1(8) DEBUG: <core> [core/forward.c:578]: forward_request(): orig. len=330, new_len=446, proto=1
 1(8) DEBUG: <core> [core/receive.c:528]: receive_msg(): request-route executed in: 1058 usec
 1(8) DEBUG: <core> [core/usr_avp.c:637]: destroy_avp_list(): destroying list (nil)
 1(8) DEBUG: <core> [core/usr_avp.c:637]: destroy_avp_list(): destroying list (nil)
 1(8) DEBUG: <core> [core/usr_avp.c:637]: destroy_avp_list(): destroying list (nil)
 1(8) DEBUG: <core> [core/usr_avp.c:637]: destroy_avp_list(): destroying list (nil)
 1(8) DEBUG: <core> [core/usr_avp.c:637]: destroy_avp_list(): destroying list (nil)
 1(8) DEBUG: <core> [core/usr_avp.c:637]: destroy_avp_list(): destroying list (nil)
 1(8) DEBUG: <core> [core/xavp.c:541]: xavp_destroy_list(): destroying xavp list (nil)
 1(8) DEBUG: <core> [core/xavp.c:541]: xavp_destroy_list(): destroying xavp list (nil)
 1(8) DEBUG: <core> [core/xavp.c:541]: xavp_destroy_list(): destroying xavp list (nil)
 1(8) DEBUG: <core> [core/receive.c:628]: receive_msg(): cleaning up
 2(9) DEBUG: <core> [core/udp_server.c:517]: udp_rcv_loop(): probing packet received from 10.100.0.2 55315
 3(10) DEBUG: <core> [core/udp_server.c:517]: udp_rcv_loop(): probing packet received from 10.100.0.2 65532
10(17) DEBUG: tm [timer.c:646]: wait_handler(): finished transaction: 0x72ec200ee2f0 (p:0x72ec200599d0/n:0x72ec200599d0)
10(17) DEBUG: tm [h_table.c:132]: free_cell_helper(): freeing transaction 0x72ec200ee2f0 from timer.c:655
 4(11) DEBUG: <core> [core/udp_server.c:517]: udp_rcv_loop(): probing packet received from 10.100.0.2 55315
 1(8) DEBUG: <core> [core/udp_server.c:517]: udp_rcv_loop(): probing packet received from 10.100.0.2 65532
 2(9) DEBUG: <core> [core/udp_server.c:517]: udp_rcv_loop(): probing packet received from 10.100.0.2 55315
 3(10) DEBUG: <core> [core/udp_server.c:517]: udp_rcv_loop(): probing packet received from 10.100.0.2 65532
 4(11) DEBUG: <core> [core/udp_server.c:494]: udp_rcv_loop(): received on udp socket: (106/100/330) [[BYE sip:ue1@10.100.0.2:64767;transport=udp SIP/2.0 0D  0A Via: SIP/2.0/UDP 10.45.0.3:5080;branch=z9hG4bK.g]]
 4(11) DEBUG: <core> [core/parser/parse_fline.c:249]: parse_first_line(): first line type 1 (request) flags 1
 4(11) DEBUG: <core> [core/parser/msg_parser.c:679]: parse_msg(): SIP Request:
 4(11) DEBUG: <core> [core/parser/msg_parser.c:680]: parse_msg():  method:  <BYE>
 4(11) DEBUG: <core> [core/parser/msg_parser.c:682]: parse_msg():  uri:     <sip:ue1@10.100.0.2:64767;transport=udp>
 4(11) DEBUG: <core> [core/parser/msg_parser.c:684]: parse_msg():  version: <SIP/2.0>
 4(11) DEBUG: <core> [core/parser/parse_hname2.c:301]: parse_sip_header_name(): parsed header name [Via] type 1
 4(11) DEBUG: <core> [core/parser/parse_via.c:1300]: parse_via_param(): Found param type 232, <branch> = <z9hG4bK.gkJ6fK2C->; state=6
 4(11) DEBUG: <core> [core/parser/parse_via.c:1300]: parse_via_param(): Found param type 235, <rport> = <n/a>; state=17
 4(11) DEBUG: <core> [core/parser/parse_via.c:2639]: parse_via(): end of header reached, state=5
 4(11) DEBUG: <core> [core/parser/msg_parser.c:555]: parse_headers(): Via found, flags=2
 4(11) DEBUG: <core> [core/parser/msg_parser.c:557]: parse_headers(): this is the first via
 4(11) DEBUG: <core> [core/parser/parse_hname2.c:301]: parse_sip_header_name(): parsed header name [From] type 4
 4(11) DEBUG: <core> [core/parser/parse_hname2.c:301]: parse_sip_header_name(): parsed header name [To] type 3
 4(11) DEBUG: <core> [core/parser/parse_addr_spec.c:185]: parse_to_param(): add param: tag=7apWqbD
 4(11) DEBUG: <core> [core/parser/parse_addr_spec.c:884]: parse_addr_spec(): end of header reached, state=29
 4(11) DEBUG: <core> [core/parser/msg_parser.c:172]: get_hdr_field(): <To> [35]; uri=[sip:ue1@10.100.0.10]
 4(11) DEBUG: <core> [core/parser/msg_parser.c:174]: get_hdr_field(): to body (21)[<sip:ue1@10.100.0.10>], to tag (7)[7apWqbD]
 4(11) DEBUG: <core> [core/parser/parse_hname2.c:301]: parse_sip_header_name(): parsed header name [CSeq] type 5
 4(11) DEBUG: <core> [core/parser/msg_parser.c:152]: get_hdr_field(): cseq <CSeq>: <21> <BYE>
 4(11) DEBUG: <core> [core/parser/parse_hname2.c:301]: parse_sip_header_name(): parsed header name [Call-ID] type 6
 4(11) DEBUG: <core> [core/receive.c:389]: receive_msg(): --- received sip message - request - call-id: [AMZwkDpU5~] - cseq: [21 BYE]
 4(11) DEBUG: <core> [core/receive.c:261]: ksr_evrt_pre_routing(): event route core:pre-routing not defined
 4(11) DEBUG: <core> [core/receive.c:471]: receive_msg(): preparing to run routing scripts...
 4(11) DEBUG: sanity [sanity.c:247]: check_ruri_sip_version(): check_ruri_sip_version entered
 4(11) DEBUG: sanity [sanity.c:270]: check_ruri_sip_version(): check_ruri_sip_version passed
 4(11) DEBUG: sanity [sanity.c:277]: check_ruri_scheme(): check_ruri_scheme entered
 4(11) DEBUG: sanity [sanity.c:297]: check_ruri_scheme(): check_ruri_scheme passed
 4(11) DEBUG: sanity [sanity.c:318]: check_required_headers(): check_required_headers entered
 4(11) DEBUG: <core> [core/parser/parse_hname2.c:301]: parse_sip_header_name(): parsed header name [Max-Forwards] type 8
 4(11) DEBUG: <core> [core/parser/parse_hname2.c:301]: parse_sip_header_name(): parsed header name [Route] type 9
 4(11) DEBUG: <core> [core/parser/parse_hname2.c:301]: parse_sip_header_name(): parsed header name [User-Agent] type 28
 4(11) DEBUG: <core> [core/parser/msg_parser.c:91]: get_hdr_field(): found end of header
 4(11) DEBUG: sanity [sanity.c:340]: check_required_headers(): check_required_headers passed
 4(11) DEBUG: sanity [sanity.c:506]: check_cseq_method(): check_cseq_method entered
 4(11) DEBUG: sanity [sanity.c:539]: check_cseq_method(): check_cseq_method passed
 4(11) DEBUG: sanity [sanity.c:548]: check_cseq_value(): check_cseq_value entered
 4(11) DEBUG: sanity [sanity.c:576]: check_cseq_value(): check_cseq_value passed
 4(11) DEBUG: sanity [sanity.c:585]: check_cl(): check_cl entered
 4(11) WARNING: sanity [sanity.c:612]: check_cl(): content length header missing in request
 4(11) DEBUG: sanity [sanity.c:622]: check_expires_value(): check_expires_value entered
 4(11) DEBUG: sanity [sanity.c:659]: check_expires_value(): no expires header found
 4(11) DEBUG: sanity [sanity.c:758]: check_parse_uris(): check_parse_uris entered
 4(11) DEBUG: sanity [sanity.c:762]: check_parse_uris(): parsing ruri
 4(11) DEBUG: sanity [sanity.c:776]: check_parse_uris(): looking up From header
 4(11) DEBUG: <core> [core/parser/parse_addr_spec.c:185]: parse_to_param(): add param: tag=4hEyLwT8d
 4(11) DEBUG: <core> [core/parser/parse_addr_spec.c:884]: parse_addr_spec(): end of header reached, state=29
 4(11) DEBUG: sanity [sanity.c:791]: check_parse_uris(): looking up To header
 4(11) DEBUG: sanity [sanity.c:838]: check_parse_uris(): check_parse_uris passed
 4(11) DEBUG: sanity [sanity_mod.c:254]: w_sanity_check(): sanity checks result: 1
 4(11) DEBUG: maxfwd [mf_funcs.c:74]: is_maxfwd_present(): value = 70 
 4(11) DEBUG: tm [t_lookup.c:1053]: t_check_msg(): msg (0x72ec244160a0) id=7/11 global id=6/11 T start=0xffffffffffffffff
 4(11) DEBUG: tm [t_lookup.c:497]: t_lookup_request(): start searching: hash=51227, isACK=0
 4(11) DEBUG: tm [t_lookup.c:455]: matching_3261(): RFC3261 transaction matching failed - via branch [z9hG4bK.gkJ6fK2C-]
 4(11) DEBUG: tm [t_lookup.c:675]: t_lookup_request(): no transaction found
 4(11) DEBUG: tm [t_lookup.c:1122]: t_check_msg(): msg (0x72ec244160a0) id=7/11 global id=7/11 T end=(nil)
 4(11) DEBUG: <core> [core/socket_info.c:702]: grep_sock_info(): checking if host==us: 11==11 && [10.100.0.10] == [10.100.0.10]
 4(11) DEBUG: <core> [core/socket_info.c:709]: grep_sock_info(): checking if port 5060 (advertise 0) matches port 5060
 4(11) DEBUG: <core> [core/forward.c:429]: check_self(): host (0:10.100.0.10:5060) == me
 4(11) DEBUG: rr [loose.c:1102]: redo_route_params(): Topmost route URI: 'sip:10.100.0.10;lr=on;ftag=4hEyLwT8d' is me
 4(11) DEBUG: rr [record.c:479]: record_route(): inserted record route (r2: 1 - plen: 0)
 4(11) DEBUG: siputils [checks.c:123]: has_totag(): totag found
 4(11) DEBUG: rr [loose.c:85]: is_preloaded(): is_preloaded: No
 4(11) DEBUG: <core> [core/socket_info.c:702]: grep_sock_info(): checking if host==us: 10==11 && [10.100.0.2] == [10.100.0.10]
 4(11) DEBUG: <core> [core/socket_info.c:709]: grep_sock_info(): checking if port 5060 (advertise 0) matches port 64767
 4(11) DEBUG: <core> [core/socket_info.c:702]: grep_sock_info(): checking if host==us: 10==7 && [10.100.0.2] == [0.0.0.0]
 4(11) DEBUG: <core> [core/socket_info.c:709]: grep_sock_info(): checking if port 5060 (advertise 0) matches port 64767
 4(11) DEBUG: <core> [core/name_alias.h:62]: grep_aliases(): matching (0:10.100.0.2:64767) vs. (1:e7fab9f716f5:5060)
 4(11) DEBUG: <core> [core/name_alias.h:62]: grep_aliases(): matching (0:10.100.0.2:64767) vs. (0:kamailio:0)
 4(11) DEBUG: <core> [core/forward.c:431]: check_self(): host (0:10.100.0.2:64767) != me
 4(11) DEBUG: <core> [core/socket_info.c:702]: grep_sock_info(): checking if host==us: 11==11 && [10.100.0.10] == [10.100.0.10]
 4(11) DEBUG: <core> [core/socket_info.c:709]: grep_sock_info(): checking if port 5060 (advertise 0) matches port 5060
 4(11) DEBUG: <core> [core/forward.c:429]: check_self(): host (0:10.100.0.10:5060) == me
 4(11) DEBUG: rr [loose.c:855]: after_loose(): Topmost route URI: 'sip:10.100.0.10;lr=on;ftag=4hEyLwT8d' is me
 4(11) DEBUG: <core> [core/parser/msg_parser.c:91]: get_hdr_field(): found end of header
 4(11) DEBUG: rr [loose.c:181]: find_next_route(): No next Route HF found
 4(11) DEBUG: rr [loose.c:886]: after_loose(): No next URI found
 4(11) DEBUG: rtpengine [rtpengine.c:1861]: build_rtpp_socks(): same rtpengines list version: 1 (1785186633)
 4(11) DEBUG: rtpengine [rtpengine.c:3309]: select_rtpp_node_old(): rtpengine hash table lookup find node=udp:10.100.0.11:22222 for calllen=10 callid=AMZwkDpU5~ viabranch=
 4(11) DEBUG: rtpengine [rtpengine.c:2720]: rtpp_function_call(): proxy reply: d7:createdi1785186754e10:created_usi698026e11:last signali1785186755e4:SSRCd10:1114763794d11:average MOSd3:MOSi43e15:round-trip timei123986e19:round-trip time legi109156e6:jitteri24e11:packet lossi0e7:samplesi6ee10:lowest MOSd3:MOSi43e15:round-trip timei133111e19:round-trip time legi133111e6:jitteri39e11:packet lossi0e11:reported ati1785186759ee11:highest MOSd3:MOSi43e15:round-trip timei133111e19:round-trip time legi133111e6:jitteri39e11:packet lossi0e11:reported ati1785186759ee15:MOS progressiond8:intervali1e7:entriesld3:MOSi43e15:round-trip timei133111e19:round-trip time legi133111e6:jitteri39e11:packet lossi0e11:reported ati1785186759eed3:MOSi43e15:round-trip timei136708e19:round-trip time legi136480e6:jitteri32e11:packet lossi0e11:reported ati1785186760eed3:MOSi43e15:round-trip timei94535e19:round-trip time legi94255e6:jitteri28e11:packet lossi0e11:reported ati1785186761eed3:MOSi43e15:round-trip timei230747e19:round-trip time legi142843e6:jitteri28e11:packet lossi0e11:reported ati1785186762eed3:MOSi43e15:round-trip timei81811e19:round-trip time legi81528e6:jitteri22e11:packet lossi0e11:reported ati1785186768eed3:MOSi43e15:round-trip timei67005e19:round-trip time legi66722e6:jitteri0e11:packet lossi0e11:reported ati1785186770eeeee9:170782788d11:average MOSd3:MOSi43e15:round-trip timei149306e19:round-trip time legi97842e6:jitteri20e11:packet lossi0e7:samplesi4ee10:lowest MOSd3:MOSi43e15:round-trip timei156171e19:round-trip time legi156171e6:jitteri33e11:packet lossi0e11:reported ati1785186759ee11:highest MOSd3:MOSi43e15:round-trip timei156171e19:round-trip time legi156171e6:jitteri33e11:packet lossi0e11:reported ati1785186759ee15:MOS progressiond8:intervali1e7:entriesld3:MOSi43e15:round-trip timei156171e19:round-trip time legi156171e6:jitteri33e11:packet lossi0e11:reported ati1785186759eed3:MOSi43e15:round-trip timei132852e19:round-trip time legi132662e6:jitteri23e11:packet lossi0e11:reported ati1785186762eed3:MOSi43e15:round-trip timei193757e19:round-trip time legi54815e6:jitteri24e11:packet lossi0e11:reported ati1785186766eed3:MOSi43e15:round-trip timei114444e19:round-trip time legi47722e6:jitteri0e11:packet lossi0e11:reported ati1785186770eeeeee4:tagsd9:4hEyLwT8dd3:tag9:4hEyLwT8d7:createdi1785186754e16:in dialogue with7:7apWqbD6:mediasld5:indexi1e4:type5:audio8:protocol7:RTP/AVP7:streamsld10:local porti30056e13:local address11:10.100.0.116:family4:IPv48:endpointd6:family4:IPv47:address10:10.100.0.24:porti7078ee19:advertised endpointd6:family4:IPv47:address9:10.45.0.34:porti7078ee11:last packeti1785186777e5:flagsl3:RTP6:filled9:confirmed10:kernelized17:no kernel supporte4:SSRCi1114763794e5:statsd7:packetsi540e5:bytesi16660e6:errorsi0eeed10:local porti30057e13:local address11:10.100.0.116:family4:IPv48:endpointd6:family4:IPv47:address10:10.100.0.24:porti7079ee19:advertised endpointd6:family4:IPv47:address9:10.45.0.34:porti7079ee11:last packeti1785186770e5:flagsl4:RTCP6:filled9:confirmed10:kernelized17:no kernel supporte4:SSRCi1114763794e5:statsd7:packetsi16e5:bytesi1788e6:errorsi0eeee5:flagsl11:initialized4:send4:recveeee7:7apWqbDd3:tag7:7apWqbD7:createdi1785186754e16:in dialogue with9:4hEyLwT8d6:mediasld5:indexi1e4:type5:audio8:protocol7:RTP/AVP7:streamsld10:local porti30034e13:local address11:10.100.0.116:family4:IPv48:endpointd6:family4:IPv47:address10:10.100.0.24:porti7078ee19:advertised endpointd6:family4:IPv47:address9:10.45.0.24:porti7078ee11:last packeti1785186777e5:flagsl3:RTP6:filled9:confirmed10:kernelized17:no kernel supporte4:SSRCi170782788e5:statsd7:packetsi546e5:bytesi17027e6:errorsi0eeed10:local porti30035e13:local address11:10.100.0.116:family4:IPv48:endpointd6:family4:IPv47:address10:10.100.0.24:porti7079ee19:advertised endpointd6:family4:IPv47:address9:10.45.0.24:porti7079ee11:last packeti1785186770e5:flagsl4:RTCP6:filled9:confirmed10:kernelized17:no kernel supporte4:SSRCi170782788e5:statsd7:packetsi16e5:bytesi1616e6:errorsi0eeee5:flagsl11:initialized4:send4:recv15:ICE controllingeeeee6:totalsd3:RTPd7:packetsi1086e5:bytesi33687e6:errorsi0ee4:RTCPd7:packetsi32e5:bytesi3404e6:errorsi0eee6:result2:oke
 4(11) DEBUG: rtpengine [rtpengine.c:2830]: rtpp_function_call(): rtpengine hash table remove entry for callen=10 callid=AMZwkDpU5~ viabranch=
 4(11) DEBUG: tm [t_lookup.c:1346]: t_newtran(): msg (0x72ec244160a0) id=7/11 global id=7/11 T start=(nil)
 4(11) DEBUG: tm [t_lookup.c:497]: t_lookup_request(): start searching: hash=51227, isACK=0
 4(11) DEBUG: tm [t_lookup.c:455]: matching_3261(): RFC3261 transaction matching failed - via branch [z9hG4bK.gkJ6fK2C-]
 4(11) DEBUG: tm [t_lookup.c:675]: t_lookup_request(): no transaction found
 4(11) DEBUG: <core> [core/crypto/md5utils.c:67]: MD5StringArray(): MD5 calculated: a386310e8f209d5081cdcd7315362327
 4(11) DEBUG: <core> [core/forward.c:175]: get_out_socket(): socket determined: 0x72ec243cb078
 4(11) DEBUG: <core> [core/msg_translator.c:1799]: check_boundaries(): no multi-part body
 4(11) DEBUG: tm [t_funcs.c:373]: t_relay_to(): new transaction forwarded
 4(11) DEBUG: <core> [core/receive.c:528]: receive_msg(): request-route executed in: 7389 usec
 4(11) DEBUG: <core> [core/usr_avp.c:637]: destroy_avp_list(): destroying list (nil)
 4(11) DEBUG: <core> [core/usr_avp.c:637]: destroy_avp_list(): destroying list (nil)
 4(11) DEBUG: <core> [core/usr_avp.c:637]: destroy_avp_list(): destroying list (nil)
 4(11) DEBUG: <core> [core/usr_avp.c:637]: destroy_avp_list(): destroying list (nil)
 4(11) DEBUG: <core> [core/usr_avp.c:637]: destroy_avp_list(): destroying list (nil)
 4(11) DEBUG: <core> [core/usr_avp.c:637]: destroy_avp_list(): destroying list (nil)
 4(11) DEBUG: <core> [core/xavp.c:541]: xavp_destroy_list(): destroying xavp list (nil)
 4(11) DEBUG: <core> [core/xavp.c:541]: xavp_destroy_list(): destroying xavp list (nil)
 4(11) DEBUG: <core> [core/xavp.c:541]: xavp_destroy_list(): destroying xavp list (nil)
 4(11) DEBUG: <core> [core/receive.c:628]: receive_msg(): cleaning up
 1(8) DEBUG: <core> [core/udp_server.c:494]: udp_rcv_loop(): received on udp socket: (112/100/429) [[SIP/2.0 200 Ok 0D  0A Via: SIP/2.0/UDP 10.100.0.10;branch=z9hG4bKb18c.a386310e8f209d5081cdcd7315362327.0 0D  0A ]]
 1(8) DEBUG: <core> [core/parser/parse_fline.c:249]: parse_first_line(): first line type 2 (reply(status)) flags 1
 1(8) DEBUG: <core> [core/parser/msg_parser.c:689]: parse_msg(): SIP Reply  (status):
 1(8) DEBUG: <core> [core/parser/msg_parser.c:690]: parse_msg():  version: <SIP/2.0>
 1(8) DEBUG: <core> [core/parser/msg_parser.c:692]: parse_msg():  status:  <200>
 1(8) DEBUG: <core> [core/parser/msg_parser.c:694]: parse_msg():  reason:  <Ok>
 1(8) DEBUG: <core> [core/parser/parse_hname2.c:301]: parse_sip_header_name(): parsed header name [Via] type 1
 1(8) DEBUG: <core> [core/parser/parse_via.c:1300]: parse_via_param(): Found param type 232, <branch> = <z9hG4bKb18c.a386310e8f209d5081cdcd7315362327.0>; state=16
 1(8) DEBUG: <core> [core/parser/parse_via.c:2639]: parse_via(): end of header reached, state=5
 1(8) DEBUG: <core> [core/parser/msg_parser.c:555]: parse_headers(): Via found, flags=2
 1(8) DEBUG: <core> [core/parser/msg_parser.c:557]: parse_headers(): this is the first via
 1(8) DEBUG: <core> [core/parser/parse_hname2.c:301]: parse_sip_header_name(): parsed header name [Via] type 1
 1(8) DEBUG: <core> [core/parser/parse_via.c:1300]: parse_via_param(): Found param type 234, <received> = <10.100.0.2>; state=6
 1(8) DEBUG: <core> [core/parser/parse_via.c:1300]: parse_via_param(): Found param type 232, <branch> = <z9hG4bK.gkJ6fK2C->; state=6
 1(8) DEBUG: <core> [core/parser/parse_via.c:1300]: parse_via_param(): Found param type 235, <rport> = <5080>; state=16
 1(8) DEBUG: <core> [core/parser/parse_via.c:2639]: parse_via(): end of header reached, state=5
 1(8) DEBUG: <core> [core/parser/msg_parser.c:555]: parse_headers(): Via found, flags=78
 1(8) DEBUG: <core> [core/parser/msg_parser.c:568]: parse_headers(): this is the second via
 1(8) DEBUG: <core> [core/parser/parse_hname2.c:301]: parse_sip_header_name(): parsed header name [From] type 4
 1(8) DEBUG: <core> [core/parser/parse_hname2.c:301]: parse_sip_header_name(): parsed header name [To] type 3
 1(8) DEBUG: <core> [core/parser/parse_addr_spec.c:185]: parse_to_param(): add param: tag=7apWqbD
 1(8) DEBUG: <core> [core/parser/parse_addr_spec.c:884]: parse_addr_spec(): end of header reached, state=29
 1(8) DEBUG: <core> [core/parser/msg_parser.c:172]: get_hdr_field(): <To> [35]; uri=[sip:ue1@10.100.0.10]
 1(8) DEBUG: <core> [core/parser/msg_parser.c:174]: get_hdr_field(): to body (21)[<sip:ue1@10.100.0.10>], to tag (7)[7apWqbD]
 1(8) DEBUG: <core> [core/parser/parse_hname2.c:301]: parse_sip_header_name(): parsed header name [Call-ID] type 6
 1(8) DEBUG: <core> [core/parser/parse_hname2.c:301]: parse_sip_header_name(): parsed header name [CSeq] type 5
 1(8) DEBUG: <core> [core/parser/msg_parser.c:152]: get_hdr_field(): cseq <CSeq>: <21> <BYE>
 1(8) DEBUG: <core> [core/receive.c:389]: receive_msg(): --- received sip message - reply - call-id: [AMZwkDpU5~] - cseq: [21 BYE]
 1(8) DEBUG: <core> [core/receive.c:261]: ksr_evrt_pre_routing(): event route core:pre-routing not defined
 1(8) DEBUG: <core> [core/parser/parse_hname2.c:301]: parse_sip_header_name(): parsed header name [User-Agent] type 28
 1(8) DEBUG: <core> [core/parser/parse_hname2.c:301]: parse_sip_header_name(): parsed header name [Supported] type 17
 1(8) DEBUG: <core> [core/parser/parse_hname2.c:301]: parse_sip_header_name(): parsed header name [Record-route] type 10
 1(8) DEBUG: <core> [core/parser/msg_parser.c:91]: get_hdr_field(): found end of header
 1(8) DEBUG: tm [t_lookup.c:1053]: t_check_msg(): msg (0x72ec244160a0) id=5/8 global id=4/8 T start=(nil)
 1(8) DEBUG: tm [t_lookup.c:912]: t_reply_matching(): t_reply_matching: hash 51227 label 0 branch 0
 1(8) DEBUG: tm [t_lookup.c:986]: t_reply_matching(): reply (0x72ec244160a0) matched an active transaction (T=0x72ec200ee2f0)!
 1(8) DEBUG: tm [t_lookup.c:1122]: t_check_msg(): msg (0x72ec244160a0) id=5/8 global id=5/8 T end=0x72ec200ee2f0
 1(8) DEBUG: tm [t_reply.c:2363]: reply_received(): transaction found - T:0x72ec200ee2f0 branch:0
 1(8) DEBUG: tm [t_reply.c:2376]: reply_received(): original status uas=0, uac[0]=0 local=0 is_invite=0)
 1(8) DEBUG: tm [t_reply.c:1363]: t_should_relay_response(): ->>>>>>>>> T_code=0, new_code=200
 1(8) DEBUG: tm [t_reply.c:1610]: t_should_relay_response(): rps completed - uas status: 0
 1(8) DEBUG: tm [t_reply.c:1924]: relay_reply(): reply status=4 branch=0, save=0, relay=0 icode=0 msg status=200
 1(8) DEBUG: <core> [core/msg_translator.c:2340]: generate_res_buf_from_sip_res(): old size: 429, new size: 345
 1(8) DEBUG: <core> [core/msg_translator.c:2357]: generate_res_buf_from_sip_res(): copied size: orig:100, new: 16, rest: 329 msg=
SIP/2.0 200 Ok
Via: SIP/2.0/UDP 10.45.0.3:5080;received=10.100.0.2;branch=z9hG4bK.gkJ6fK2C-;rport=5080
From: <sip:ue2@10.100.0.10>;tag=4hEyLwT8d
To: <sip:ue1@10.100.0.10>;tag=7apWqbD
Call-ID: AMZwkDpU5~
CSeq: 21 BYE
User-Agent: Linphonec/4.4.21
Supported: replaces, outbound, gruu
Record-route: <sip:10.100.0.10;lr=on;ftag=4hEyLwT8d>


 1(8) DEBUG: tm [t_reply.c:2126]: relay_reply(): reply buffer sent out
 1(8) DEBUG: tm [t_funcs.c:120]: put_on_wait(): put T [0x72ec200ee2f0] on wait
 1(8) DEBUG: tm [t_reply.c:1763]: cleanup_uac_timers(): RETR/FR timers reset
 1(8) DEBUG: <core> [core/receive.c:617]: receive_msg(): reply-route executed in: 496 usec
 1(8) DEBUG: <core> [core/usr_avp.c:637]: destroy_avp_list(): destroying list (nil)
 1(8) DEBUG: <core> [core/usr_avp.c:637]: destroy_avp_list(): destroying list (nil)
 1(8) DEBUG: <core> [core/usr_avp.c:637]: destroy_avp_list(): destroying list (nil)
 1(8) DEBUG: <core> [core/usr_avp.c:637]: destroy_avp_list(): destroying list (nil)
 1(8) DEBUG: <core> [core/usr_avp.c:637]: destroy_avp_list(): destroying list (nil)
 1(8) DEBUG: <core> [core/usr_avp.c:637]: destroy_avp_list(): destroying list (nil)
 1(8) DEBUG: <core> [core/xavp.c:541]: xavp_destroy_list(): destroying xavp list (nil)
 1(8) DEBUG: <core> [core/xavp.c:541]: xavp_destroy_list(): destroying xavp list (nil)
 1(8) DEBUG: <core> [core/xavp.c:541]: xavp_destroy_list(): destroying xavp list (nil)
 1(8) DEBUG: <core> [core/receive.c:628]: receive_msg(): cleaning up
10(17) DEBUG: tm [timer.c:646]: wait_handler(): finished transaction: 0x72ec200ee2f0 (p:0x72ec200599f0/n:0x72ec200599f0)
10(17) DEBUG: tm [h_table.c:132]: free_cell_helper(): freeing transaction 0x72ec200ee2f0 from timer.c:655
 2(9) DEBUG: <core> [core/udp_server.c:517]: udp_rcv_loop(): probing packet received from 10.100.0.2 55315
 3(10) DEBUG: <core> [core/udp_server.c:517]: udp_rcv_loop(): probing packet received from 10.100.0.2 65532
 4(11) DEBUG: <core> [core/udp_server.c:517]: udp_rcv_loop(): probing packet received from 10.100.0.2 65532
 1(8) DEBUG: <core> [core/udp_server.c:517]: udp_rcv_loop(): probing packet received from 10.100.0.2 55315
 2(9) DEBUG: <core> [core/udp_server.c:517]: udp_rcv_loop(): probing packet received from 10.100.0.2 55315
 3(10) DEBUG: <core> [core/udp_server.c:517]: udp_rcv_loop(): probing packet received from 10.100.0.2 65532
 4(11) DEBUG: <core> [core/udp_server.c:494]: udp_rcv_loop(): received on udp socket: (112/100/511) [[REGISTER sip:10.100.0.10 SIP/2.0 0D  0A Via: SIP/2.0/UDP 10.45.0.3:5080;branch=z9hG4bK.QIQqpOb~M;rport 0D  0A Fr]]
 4(11) DEBUG: <core> [core/parser/parse_fline.c:249]: parse_first_line(): first line type 1 (request) flags 1
 4(11) DEBUG: <core> [core/parser/msg_parser.c:679]: parse_msg(): SIP Request:
 4(11) DEBUG: <core> [core/parser/msg_parser.c:680]: parse_msg():  method:  <REGISTER>
 4(11) DEBUG: <core> [core/parser/msg_parser.c:682]: parse_msg():  uri:     <sip:10.100.0.10>
 4(11) DEBUG: <core> [core/parser/msg_parser.c:684]: parse_msg():  version: <SIP/2.0>
 4(11) DEBUG: <core> [core/parser/parse_hname2.c:301]: parse_sip_header_name(): parsed header name [Via] type 1
 4(11) DEBUG: <core> [core/parser/parse_via.c:1300]: parse_via_param(): Found param type 232, <branch> = <z9hG4bK.QIQqpOb~M>; state=6
 4(11) DEBUG: <core> [core/parser/parse_via.c:1300]: parse_via_param(): Found param type 235, <rport> = <n/a>; state=17
 4(11) DEBUG: <core> [core/parser/parse_via.c:2639]: parse_via(): end of header reached, state=5
 4(11) DEBUG: <core> [core/parser/msg_parser.c:555]: parse_headers(): Via found, flags=2
 4(11) DEBUG: <core> [core/parser/msg_parser.c:557]: parse_headers(): this is the first via
 4(11) DEBUG: <core> [core/parser/parse_hname2.c:301]: parse_sip_header_name(): parsed header name [From] type 4
 4(11) DEBUG: <core> [core/parser/parse_hname2.c:301]: parse_sip_header_name(): parsed header name [To] type 3
 4(11) DEBUG: <core> [core/parser/parse_addr_spec.c:884]: parse_addr_spec(): end of header reached, state=9
 4(11) DEBUG: <core> [core/parser/msg_parser.c:172]: get_hdr_field(): <To> [21]; uri=[sip:ue2@10.100.0.10]
 4(11) DEBUG: <core> [core/parser/msg_parser.c:174]: get_hdr_field(): to body (21)[sip:ue2@10.100.0.10
], to tag (0)[]
 4(11) DEBUG: <core> [core/parser/parse_hname2.c:301]: parse_sip_header_name(): parsed header name [CSeq] type 5
 4(11) DEBUG: <core> [core/parser/msg_parser.c:152]: get_hdr_field(): cseq <CSeq>: <24> <REGISTER>
 4(11) DEBUG: <core> [core/parser/parse_hname2.c:301]: parse_sip_header_name(): parsed header name [Call-ID] type 6
 4(11) DEBUG: <core> [core/receive.c:389]: receive_msg(): --- received sip message - request - call-id: [dsvYoZjw3U] - cseq: [24 REGISTER]
 4(11) DEBUG: <core> [core/receive.c:261]: ksr_evrt_pre_routing(): event route core:pre-routing not defined
 4(11) DEBUG: <core> [core/receive.c:471]: receive_msg(): preparing to run routing scripts...
 4(11) DEBUG: sanity [sanity.c:247]: check_ruri_sip_version(): check_ruri_sip_version entered
 4(11) DEBUG: sanity [sanity.c:270]: check_ruri_sip_version(): check_ruri_sip_version passed
 4(11) DEBUG: sanity [sanity.c:277]: check_ruri_scheme(): check_ruri_scheme entered
 4(11) DEBUG: sanity [sanity.c:297]: check_ruri_scheme(): check_ruri_scheme passed
 4(11) DEBUG: sanity [sanity.c:318]: check_required_headers(): check_required_headers entered
 4(11) DEBUG: <core> [core/parser/parse_hname2.c:301]: parse_sip_header_name(): parsed header name [Max-Forwards] type 8
 4(11) DEBUG: <core> [core/parser/parse_hname2.c:301]: parse_sip_header_name(): parsed header name [Supported] type 17
 4(11) DEBUG: <core> [core/parser/parse_hname2.c:301]: parse_sip_header_name(): parsed header name [Accept] type 23
 4(11) DEBUG: <core> [core/parser/parse_hname2.c:301]: parse_sip_header_name(): parsed header name [Accept] type 23
 4(11) DEBUG: <core> [core/parser/parse_hname2.c:301]: parse_sip_header_name(): parsed header name [Accept] type 23
 4(11) DEBUG: <core> [core/parser/parse_hname2.c:301]: parse_sip_header_name(): parsed header name [Contact] type 7
 4(11) DEBUG: <core> [core/parser/parse_hname2.c:301]: parse_sip_header_name(): parsed header name [Expires] type 14
 4(11) DEBUG: <core> [core/parser/parse_hname2.c:301]: parse_sip_header_name(): parsed header name [User-Agent] type 28
 4(11) DEBUG: <core> [core/parser/msg_parser.c:91]: get_hdr_field(): found end of header
 4(11) DEBUG: sanity [sanity.c:340]: check_required_headers(): check_required_headers passed
 4(11) DEBUG: sanity [sanity.c:506]: check_cseq_method(): check_cseq_method entered
 4(11) DEBUG: sanity [sanity.c:539]: check_cseq_method(): check_cseq_method passed
 4(11) DEBUG: sanity [sanity.c:548]: check_cseq_value(): check_cseq_value entered
 4(11) DEBUG: sanity [sanity.c:576]: check_cseq_value(): check_cseq_value passed
 4(11) DEBUG: sanity [sanity.c:585]: check_cl(): check_cl entered
 4(11) WARNING: sanity [sanity.c:612]: check_cl(): content length header missing in request
 4(11) DEBUG: sanity [sanity.c:622]: check_expires_value(): check_expires_value entered
 4(11) DEBUG: sanity [sanity.c:657]: check_expires_value(): check_expires_value passed
 4(11) DEBUG: sanity [sanity.c:758]: check_parse_uris(): check_parse_uris entered
 4(11) DEBUG: sanity [sanity.c:762]: check_parse_uris(): parsing ruri
 4(11) DEBUG: sanity [sanity.c:776]: check_parse_uris(): looking up From header
 4(11) DEBUG: <core> [core/parser/parse_addr_spec.c:185]: parse_to_param(): add param: tag=AXZuULbt5
 4(11) DEBUG: <core> [core/parser/parse_addr_spec.c:884]: parse_addr_spec(): end of header reached, state=29
 4(11) DEBUG: sanity [sanity.c:791]: check_parse_uris(): looking up To header
 4(11) DEBUG: sanity [sanity.c:838]: check_parse_uris(): check_parse_uris passed
 4(11) DEBUG: sanity [sanity_mod.c:254]: w_sanity_check(): sanity checks result: 1
 4(11) DEBUG: maxfwd [mf_funcs.c:74]: is_maxfwd_present(): value = 70 
 4(11) DEBUG: tm [t_lookup.c:1053]: t_check_msg(): msg (0x72ec244160a0) id=8/11 global id=7/11 T start=0xffffffffffffffff
 4(11) DEBUG: tm [t_lookup.c:497]: t_lookup_request(): start searching: hash=32349, isACK=0
 4(11) DEBUG: tm [t_lookup.c:455]: matching_3261(): RFC3261 transaction matching failed - via branch [z9hG4bK.QIQqpOb~M]
 4(11) DEBUG: tm [t_lookup.c:675]: t_lookup_request(): no transaction found
 4(11) DEBUG: tm [t_lookup.c:1122]: t_check_msg(): msg (0x72ec244160a0) id=8/11 global id=8/11 T end=(nil)
 4(11) DEBUG: siputils [checks.c:120]: has_totag(): no totag
 4(11) DEBUG: <core> [core/msg_translator.c:162]: check_via_address(): (10.100.0.2, 10.45.0.3, 0)
 4(11) DEBUG: registrar [save.c:324]: pack_ci(): set instance[<urn:uuid:b1ec2359-ddd8-000f-aa02-ab2f9af9fbe2>]
 4(11) DEBUG: <core> [core/utils/sruid.c:214]: sruid_nextx(): new sruid is [uloc-6a67c949-b-5] (5 / 17)
 4(11) DEBUG: registrar [save.c:421]: pack_ci(): generated ruid is: uloc-6a67c949-b-5
 4(11) DEBUG: <core> [core/utils/sruid.c:214]: sruid_nextx(): new sruid is [uloc-6a67c949-b-6] (6 / 17)
 4(11) DEBUG: registrar [save.c:421]: pack_ci(): generated ruid is: uloc-6a67c949-b-6
 4(11) DEBUG: registrar [reply.c:334]: build_contact(): created Contact HF: Contact: <sip:ue2@10.100.0.2:5080;transport=udp>;expires=60;received="sip:10.100.0.2:5080";+sip.instance="<urn:uuid:b1ec2359-ddd8-000f-aa02-ab2f9af9fbe2>"

 4(11) DEBUG: sl [sl.c:310]: send_reply(): reply in stateless mode (sl)
 4(11) DEBUG: <core> [core/receive.c:126]: sip_check_fline(): first line indicates a SIP reply
 4(11) INFO: <script>: REGISTER sip:ue2@10.100.0.10 from 10.100.0.2:5080 saved (contact <sip:ue2@10.100.0.2:5080;transport=udp>;+sip.instance="<urn:uuid:b1ec2359-ddd8-000f-aa02-ab2f9af9fbe2>")
 4(11) DEBUG: <core> [core/receive.c:528]: receive_msg(): request-route executed in: 1311 usec
 4(11) DEBUG: <core> [core/usr_avp.c:637]: destroy_avp_list(): destroying list 0x72ec200ecf70
 4(11) DEBUG: <core> [core/usr_avp.c:637]: destroy_avp_list(): destroying list (nil)
 4(11) DEBUG: <core> [core/usr_avp.c:637]: destroy_avp_list(): destroying list (nil)
 4(11) DEBUG: <core> [core/usr_avp.c:637]: destroy_avp_list(): destroying list (nil)
 4(11) DEBUG: <core> [core/usr_avp.c:637]: destroy_avp_list(): destroying list (nil)
 4(11) DEBUG: <core> [core/usr_avp.c:637]: destroy_avp_list(): destroying list (nil)
 4(11) DEBUG: <core> [core/xavp.c:541]: xavp_destroy_list(): destroying xavp list (nil)
 4(11) DEBUG: <core> [core/xavp.c:541]: xavp_destroy_list(): destroying xavp list (nil)
 4(11) DEBUG: <core> [core/xavp.c:541]: xavp_destroy_list(): destroying xavp list (nil)
 4(11) DEBUG: <core> [core/receive.c:628]: receive_msg(): cleaning up
 1(8) DEBUG: <core> [core/udp_server.c:494]: udp_rcv_loop(): received on udp socket: (112/100/512) [[REGISTER sip:10.100.0.10 SIP/2.0 0D  0A Via: SIP/2.0/UDP 10.45.0.2:5080;branch=z9hG4bK.Geiuq31wj;rport 0D  0A Fr]]
 1(8) DEBUG: <core> [core/parser/parse_fline.c:249]: parse_first_line(): first line type 1 (request) flags 1
 1(8) DEBUG: <core> [core/parser/msg_parser.c:679]: parse_msg(): SIP Request:
 1(8) DEBUG: <core> [core/parser/msg_parser.c:680]: parse_msg():  method:  <REGISTER>
 1(8) DEBUG: <core> [core/parser/msg_parser.c:682]: parse_msg():  uri:     <sip:10.100.0.10>
 1(8) DEBUG: <core> [core/parser/msg_parser.c:684]: parse_msg():  version: <SIP/2.0>
 1(8) DEBUG: <core> [core/parser/parse_hname2.c:301]: parse_sip_header_name(): parsed header name [Via] type 1
 1(8) DEBUG: <core> [core/parser/parse_via.c:1300]: parse_via_param(): Found param type 232, <branch> = <z9hG4bK.Geiuq31wj>; state=6
 1(8) DEBUG: <core> [core/parser/parse_via.c:1300]: parse_via_param(): Found param type 235, <rport> = <n/a>; state=17
 1(8) DEBUG: <core> [core/parser/parse_via.c:2639]: parse_via(): end of header reached, state=5
 1(8) DEBUG: <core> [core/parser/msg_parser.c:555]: parse_headers(): Via found, flags=2
 1(8) DEBUG: <core> [core/parser/msg_parser.c:557]: parse_headers(): this is the first via
 1(8) DEBUG: <core> [core/parser/parse_hname2.c:301]: parse_sip_header_name(): parsed header name [From] type 4
 1(8) DEBUG: <core> [core/parser/parse_hname2.c:301]: parse_sip_header_name(): parsed header name [To] type 3
 1(8) DEBUG: <core> [core/parser/parse_addr_spec.c:884]: parse_addr_spec(): end of header reached, state=9
 1(8) DEBUG: <core> [core/parser/msg_parser.c:172]: get_hdr_field(): <To> [21]; uri=[sip:ue1@10.100.0.10]
 1(8) DEBUG: <core> [core/parser/msg_parser.c:174]: get_hdr_field(): to body (21)[sip:ue1@10.100.0.10
], to tag (0)[]
 1(8) DEBUG: <core> [core/parser/parse_hname2.c:301]: parse_sip_header_name(): parsed header name [CSeq] type 5
 1(8) DEBUG: <core> [core/parser/msg_parser.c:152]: get_hdr_field(): cseq <CSeq>: <24> <REGISTER>
 1(8) DEBUG: <core> [core/parser/parse_hname2.c:301]: parse_sip_header_name(): parsed header name [Call-ID] type 6
 1(8) DEBUG: <core> [core/receive.c:389]: receive_msg(): --- received sip message - request - call-id: [0vxMX1n5jC] - cseq: [24 REGISTER]
 1(8) DEBUG: <core> [core/receive.c:261]: ksr_evrt_pre_routing(): event route core:pre-routing not defined
 1(8) DEBUG: <core> [core/receive.c:471]: receive_msg(): preparing to run routing scripts...
 1(8) DEBUG: sanity [sanity.c:247]: check_ruri_sip_version(): check_ruri_sip_version entered
 1(8) DEBUG: sanity [sanity.c:270]: check_ruri_sip_version(): check_ruri_sip_version passed
 1(8) DEBUG: sanity [sanity.c:277]: check_ruri_scheme(): check_ruri_scheme entered
 1(8) DEBUG: sanity [sanity.c:297]: check_ruri_scheme(): check_ruri_scheme passed
 1(8) DEBUG: sanity [sanity.c:318]: check_required_headers(): check_required_headers entered
 1(8) DEBUG: <core> [core/parser/parse_hname2.c:301]: parse_sip_header_name(): parsed header name [Max-Forwards] type 8
 1(8) DEBUG: <core> [core/parser/parse_hname2.c:301]: parse_sip_header_name(): parsed header name [Supported] type 17
 1(8) DEBUG: <core> [core/parser/parse_hname2.c:301]: parse_sip_header_name(): parsed header name [Accept] type 23
 1(8) DEBUG: <core> [core/parser/parse_hname2.c:301]: parse_sip_header_name(): parsed header name [Accept] type 23
 1(8) DEBUG: <core> [core/parser/parse_hname2.c:301]: parse_sip_header_name(): parsed header name [Accept] type 23
 1(8) DEBUG: <core> [core/parser/parse_hname2.c:301]: parse_sip_header_name(): parsed header name [Contact] type 7
 1(8) DEBUG: <core> [core/parser/parse_hname2.c:301]: parse_sip_header_name(): parsed header name [Expires] type 14
 1(8) DEBUG: <core> [core/parser/parse_hname2.c:301]: parse_sip_header_name(): parsed header name [User-Agent] type 28
 1(8) DEBUG: <core> [core/parser/msg_parser.c:91]: get_hdr_field(): found end of header
 1(8) DEBUG: sanity [sanity.c:340]: check_required_headers(): check_required_headers passed
 1(8) DEBUG: sanity [sanity.c:506]: check_cseq_method(): check_cseq_method entered
 1(8) DEBUG: sanity [sanity.c:539]: check_cseq_method(): check_cseq_method passed
 1(8) DEBUG: sanity [sanity.c:548]: check_cseq_value(): check_cseq_value entered
 1(8) DEBUG: sanity [sanity.c:576]: check_cseq_value(): check_cseq_value passed
 1(8) DEBUG: sanity [sanity.c:585]: check_cl(): check_cl entered
 1(8) WARNING: sanity [sanity.c:612]: check_cl(): content length header missing in request
 1(8) DEBUG: sanity [sanity.c:622]: check_expires_value(): check_expires_value entered
 1(8) DEBUG: sanity [sanity.c:657]: check_expires_value(): check_expires_value passed
 1(8) DEBUG: sanity [sanity.c:758]: check_parse_uris(): check_parse_uris entered
 1(8) DEBUG: sanity [sanity.c:762]: check_parse_uris(): parsing ruri
 1(8) DEBUG: sanity [sanity.c:776]: check_parse_uris(): looking up From header
 1(8) DEBUG: <core> [core/parser/parse_addr_spec.c:185]: parse_to_param(): add param: tag=hAwde4SMe
 1(8) DEBUG: <core> [core/parser/parse_addr_spec.c:884]: parse_addr_spec(): end of header reached, state=29
 1(8) DEBUG: sanity [sanity.c:791]: check_parse_uris(): looking up To header
 1(8) DEBUG: sanity [sanity.c:838]: check_parse_uris(): check_parse_uris passed
 1(8) DEBUG: sanity [sanity_mod.c:254]: w_sanity_check(): sanity checks result: 1
 1(8) DEBUG: maxfwd [mf_funcs.c:74]: is_maxfwd_present(): value = 70 
 1(8) DEBUG: tm [t_lookup.c:1053]: t_check_msg(): msg (0x72ec244160a0) id=6/8 global id=5/8 T start=0xffffffffffffffff
 1(8) DEBUG: tm [t_lookup.c:497]: t_lookup_request(): start searching: hash=7005, isACK=0
 1(8) DEBUG: tm [t_lookup.c:455]: matching_3261(): RFC3261 transaction matching failed - via branch [z9hG4bK.Geiuq31wj]
 1(8) DEBUG: tm [t_lookup.c:675]: t_lookup_request(): no transaction found
 1(8) DEBUG: tm [t_lookup.c:1122]: t_check_msg(): msg (0x72ec244160a0) id=6/8 global id=6/8 T end=(nil)
 1(8) DEBUG: siputils [checks.c:120]: has_totag(): no totag
 1(8) DEBUG: registrar [save.c:324]: pack_ci(): set instance[<urn:uuid:0eb0eedb-d3c7-0093-a588-a2ecb233c438>]
 1(8) DEBUG: <core> [core/utils/sruid.c:214]: sruid_nextx(): new sruid is [uloc-6a67c949-8-3] (3 / 17)
 1(8) DEBUG: registrar [save.c:421]: pack_ci(): generated ruid is: uloc-6a67c949-8-3
 1(8) DEBUG: <core> [core/utils/sruid.c:214]: sruid_nextx(): new sruid is [uloc-6a67c949-8-4] (4 / 17)
 1(8) DEBUG: registrar [save.c:421]: pack_ci(): generated ruid is: uloc-6a67c949-8-4
 1(8) DEBUG: registrar [reply.c:334]: build_contact(): created Contact HF: Contact: <sip:ue1@10.100.0.2:64767;transport=udp>;expires=60;received="sip:10.100.0.2:64767";+sip.instance="<urn:uuid:0eb0eedb-d3c7-0093-a588-a2ecb233c438>"

 1(8) DEBUG: sl [sl.c:310]: send_reply(): reply in stateless mode (sl)
 1(8) DEBUG: <core> [core/receive.c:126]: sip_check_fline(): first line indicates a SIP reply
 1(8) INFO: <script>: REGISTER sip:ue1@10.100.0.10 from 10.100.0.2:64767 saved (contact <sip:ue1@10.100.0.2:64767;transport=udp>;+sip.instance="<urn:uuid:0eb0eedb-d3c7-0093-a588-a2ecb233c438>")
 1(8) DEBUG: <core> [core/receive.c:528]: receive_msg(): request-route executed in: 511 usec
 1(8) DEBUG: <core> [core/usr_avp.c:637]: destroy_avp_list(): destroying list 0x72ec200ecf70
 1(8) DEBUG: <core> [core/usr_avp.c:637]: destroy_avp_list(): destroying list (nil)
 1(8) DEBUG: <core> [core/usr_avp.c:637]: destroy_avp_list(): destroying list (nil)
 1(8) DEBUG: <core> [core/usr_avp.c:637]: destroy_avp_list(): destroying list (nil)
 1(8) DEBUG: <core> [core/usr_avp.c:637]: destroy_avp_list(): destroying list (nil)
 1(8) DEBUG: <core> [core/usr_avp.c:637]: destroy_avp_list(): destroying list (nil)
 1(8) DEBUG: <core> [core/xavp.c:541]: xavp_destroy_list(): destroying xavp list (nil)
 1(8) DEBUG: <core> [core/xavp.c:541]: xavp_destroy_list(): destroying xavp list (nil)
 1(8) DEBUG: <core> [core/xavp.c:541]: xavp_destroy_list(): destroying xavp list (nil)
 1(8) DEBUG: <core> [core/receive.c:628]: receive_msg(): cleaning up
 2(9) DEBUG: <core> [core/udp_server.c:517]: udp_rcv_loop(): probing packet received from 10.100.0.2 55315
 3(10) DEBUG: <core> [core/udp_server.c:517]: udp_rcv_loop(): probing packet received from 10.100.0.2 65532
 4(11) DEBUG: <core> [core/udp_server.c:517]: udp_rcv_loop(): probing packet received from 10.100.0.2 55315
 1(8) DEBUG: <core> [core/udp_server.c:517]: udp_rcv_loop(): probing packet received from 10.100.0.2 65532
 2(9) DEBUG: <core> [core/udp_server.c:517]: udp_rcv_loop(): probing packet received from 10.100.0.2 55315
 3(10) DEBUG: <core> [core/udp_server.c:517]: udp_rcv_loop(): probing packet received from 10.100.0.2 65532
 4(11) DEBUG: <core> [core/udp_server.c:517]: udp_rcv_loop(): probing packet received from 10.100.0.2 55315
 1(8) DEBUG: <core> [core/udp_server.c:517]: udp_rcv_loop(): probing packet received from 10.100.0.2 65532
 2(9) DEBUG: <core> [core/udp_server.c:517]: udp_rcv_loop(): probing packet received from 10.100.0.2 55315
 3(10) DEBUG: <core> [core/udp_server.c:517]: udp_rcv_loop(): probing packet received from 10.100.0.2 65532
 4(11) DEBUG: <core> [core/udp_server.c:494]: udp_rcv_loop(): received on udp socket: (112/100/511) [[REGISTER sip:10.100.0.10 SIP/2.0 0D  0A Via: SIP/2.0/UDP 10.45.0.3:5080;branch=z9hG4bK.zZlly6Tdb;rport 0D  0A Fr]]
 4(11) DEBUG: <core> [core/parser/parse_fline.c:249]: parse_first_line(): first line type 1 (request) flags 1
 4(11) DEBUG: <core> [core/parser/msg_parser.c:679]: parse_msg(): SIP Request:
 4(11) DEBUG: <core> [core/parser/msg_parser.c:680]: parse_msg():  method:  <REGISTER>
 4(11) DEBUG: <core> [core/parser/msg_parser.c:682]: parse_msg():  uri:     <sip:10.100.0.10>
 4(11) DEBUG: <core> [core/parser/msg_parser.c:684]: parse_msg():  version: <SIP/2.0>
 4(11) DEBUG: <core> [core/parser/parse_hname2.c:301]: parse_sip_header_name(): parsed header name [Via] type 1
 4(11) DEBUG: <core> [core/parser/parse_via.c:1300]: parse_via_param(): Found param type 232, <branch> = <z9hG4bK.zZlly6Tdb>; state=6
 4(11) DEBUG: <core> [core/parser/parse_via.c:1300]: parse_via_param(): Found param type 235, <rport> = <n/a>; state=17
 4(11) DEBUG: <core> [core/parser/parse_via.c:2639]: parse_via(): end of header reached, state=5
 4(11) DEBUG: <core> [core/parser/msg_parser.c:555]: parse_headers(): Via found, flags=2
 4(11) DEBUG: <core> [core/parser/msg_parser.c:557]: parse_headers(): this is the first via
 4(11) DEBUG: <core> [core/parser/parse_hname2.c:301]: parse_sip_header_name(): parsed header name [From] type 4
 4(11) DEBUG: <core> [core/parser/parse_hname2.c:301]: parse_sip_header_name(): parsed header name [To] type 3
 4(11) DEBUG: <core> [core/parser/parse_addr_spec.c:884]: parse_addr_spec(): end of header reached, state=9
 4(11) DEBUG: <core> [core/parser/msg_parser.c:172]: get_hdr_field(): <To> [21]; uri=[sip:ue2@10.100.0.10]
 4(11) DEBUG: <core> [core/parser/msg_parser.c:174]: get_hdr_field(): to body (21)[sip:ue2@10.100.0.10
], to tag (0)[]
 4(11) DEBUG: <core> [core/parser/parse_hname2.c:301]: parse_sip_header_name(): parsed header name [CSeq] type 5
 4(11) DEBUG: <core> [core/parser/msg_parser.c:152]: get_hdr_field(): cseq <CSeq>: <25> <REGISTER>
 4(11) DEBUG: <core> [core/parser/parse_hname2.c:301]: parse_sip_header_name(): parsed header name [Call-ID] type 6
 4(11) DEBUG: <core> [core/receive.c:389]: receive_msg(): --- received sip message - request - call-id: [dsvYoZjw3U] - cseq: [25 REGISTER]
 4(11) DEBUG: <core> [core/receive.c:261]: ksr_evrt_pre_routing(): event route core:pre-routing not defined
 4(11) DEBUG: <core> [core/receive.c:471]: receive_msg(): preparing to run routing scripts...
 4(11) DEBUG: sanity [sanity.c:247]: check_ruri_sip_version(): check_ruri_sip_version entered
 4(11) DEBUG: sanity [sanity.c:270]: check_ruri_sip_version(): check_ruri_sip_version passed
 4(11) DEBUG: sanity [sanity.c:277]: check_ruri_scheme(): check_ruri_scheme entered
 4(11) DEBUG: sanity [sanity.c:297]: check_ruri_scheme(): check_ruri_scheme passed
 4(11) DEBUG: sanity [sanity.c:318]: check_required_headers(): check_required_headers entered
 4(11) DEBUG: <core> [core/parser/parse_hname2.c:301]: parse_sip_header_name(): parsed header name [Max-Forwards] type 8
 4(11) DEBUG: <core> [core/parser/parse_hname2.c:301]: parse_sip_header_name(): parsed header name [Supported] type 17
 4(11) DEBUG: <core> [core/parser/parse_hname2.c:301]: parse_sip_header_name(): parsed header name [Accept] type 23
 4(11) DEBUG: <core> [core/parser/parse_hname2.c:301]: parse_sip_header_name(): parsed header name [Accept] type 23
 4(11) DEBUG: <core> [core/parser/parse_hname2.c:301]: parse_sip_header_name(): parsed header name [Accept] type 23
 1(8) DEBUG: <core> [core/udp_server.c:494]: udp_rcv_loop(): received on udp socket: (112/100/512) [[REGISTER sip:10.100.0.10 SIP/2.0 0D  0A Via: SIP/2.0/UDP 10.45.0.2:5080;branch=z9hG4bK.wf0LGAVb~;rport 0D  0A Fr]]
 4(11) DEBUG: <core> [core/parser/parse_hname2.c:301]: parse_sip_header_name(): parsed header name [Contact] type 7
 4(11) DEBUG: <core> [core/parser/parse_hname2.c:301]: parse_sip_header_name(): parsed header name [Expires] type 14
 4(11) DEBUG: <core> [core/parser/parse_hname2.c:301]: parse_sip_header_name(): parsed header name [User-Agent] type 28
 4(11) DEBUG: <core> [core/parser/msg_parser.c:91]: get_hdr_field(): found end of header
 4(11) DEBUG: sanity [sanity.c:340]: check_required_headers(): check_required_headers passed
 4(11) DEBUG: sanity [sanity.c:506]: check_cseq_method(): check_cseq_method entered
 4(11) DEBUG: sanity [sanity.c:539]: check_cseq_method(): check_cseq_method passed
 4(11) DEBUG: sanity [sanity.c:548]: check_cseq_value(): check_cseq_value entered
 4(11) DEBUG: sanity [sanity.c:576]: check_cseq_value(): check_cseq_value passed
 4(11) DEBUG: sanity [sanity.c:585]: check_cl(): check_cl entered
 4(11) WARNING: sanity [sanity.c:612]: check_cl(): content length header missing in request
 4(11) DEBUG: sanity [sanity.c:622]: check_expires_value(): check_expires_value entered
 4(11) DEBUG: sanity [sanity.c:657]: check_expires_value(): check_expires_value passed
 4(11) DEBUG: sanity [sanity.c:758]: check_parse_uris(): check_parse_uris entered
 4(11) DEBUG: sanity [sanity.c:762]: check_parse_uris(): parsing ruri
 4(11) DEBUG: sanity [sanity.c:776]: check_parse_uris(): looking up From header
 4(11) DEBUG: <core> [core/parser/parse_addr_spec.c:185]: parse_to_param(): add param: tag=AXZuULbt5
 4(11) DEBUG: <core> [core/parser/parse_addr_spec.c:884]: parse_addr_spec(): end of header reached, state=29
 4(11) DEBUG: sanity [sanity.c:791]: check_parse_uris(): looking up To header
 4(11) DEBUG: sanity [sanity.c:838]: check_parse_uris(): check_parse_uris passed
 4(11) DEBUG: sanity [sanity_mod.c:254]: w_sanity_check(): sanity checks result: 1
 4(11) DEBUG: maxfwd [mf_funcs.c:74]: is_maxfwd_present(): value = 70 
 4(11) DEBUG: tm [t_lookup.c:1053]: t_check_msg(): msg (0x72ec244160a0) id=9/11 global id=8/11 T start=(nil)
 4(11) DEBUG: tm [t_lookup.c:497]: t_lookup_request(): start searching: hash=32350, isACK=0
 4(11) DEBUG: tm [t_lookup.c:455]: matching_3261(): RFC3261 transaction matching failed - via branch [z9hG4bK.zZlly6Tdb]
 4(11) DEBUG: tm [t_lookup.c:675]: t_lookup_request(): no transaction found
 4(11) DEBUG: tm [t_lookup.c:1122]: t_check_msg(): msg (0x72ec244160a0) id=9/11 global id=9/11 T end=(nil)
 4(11) DEBUG: siputils [checks.c:120]: has_totag(): no totag
 4(11) DEBUG: <core> [core/msg_translator.c:162]: check_via_address(): (10.100.0.2, 10.45.0.3, 0)
 4(11) DEBUG: registrar [save.c:324]: pack_ci(): set instance[<urn:uuid:b1ec2359-ddd8-000f-aa02-ab2f9af9fbe2>]
 4(11) DEBUG: <core> [core/utils/sruid.c:214]: sruid_nextx(): new sruid is [uloc-6a67c949-b-7] (7 / 17)
 4(11) DEBUG: registrar [save.c:421]: pack_ci(): generated ruid is: uloc-6a67c949-b-7
 4(11) DEBUG: <core> [core/utils/sruid.c:214]: sruid_nextx(): new sruid is [uloc-6a67c949-b-8] (8 / 17)
 4(11) DEBUG: registrar [save.c:421]: pack_ci(): generated ruid is: uloc-6a67c949-b-8
 4(11) DEBUG: registrar [reply.c:334]: build_contact(): created Contact HF: Contact: <sip:ue2@10.100.0.2:5080;transport=udp>;expires=60;received="sip:10.100.0.2:5080";+sip.instance="<urn:uuid:b1ec2359-ddd8-000f-aa02-ab2f9af9fbe2>"

 4(11) DEBUG: sl [sl.c:310]: send_reply(): reply in stateless mode (sl)
 4(11) DEBUG: <core> [core/receive.c:126]: sip_check_fline(): first line indicates a SIP reply
 1(8) DEBUG: <core> [core/parser/parse_fline.c:249]: parse_first_line(): first line type 1 (request) flags 1
 1(8) DEBUG: <core> [core/parser/msg_parser.c:679]: parse_msg(): SIP Request:
 1(8) DEBUG: <core> [core/parser/msg_parser.c:680]: parse_msg():  method:  <REGISTER>
 1(8) DEBUG: <core> [core/parser/msg_parser.c:682]: parse_msg():  uri:     <sip:10.100.0.10>
 1(8) DEBUG: <core> [core/parser/msg_parser.c:684]: parse_msg():  version: <SIP/2.0>
 1(8) DEBUG: <core> [core/parser/parse_hname2.c:301]: parse_sip_header_name(): parsed header name [Via] type 1
 1(8) DEBUG: <core> [core/parser/parse_via.c:1300]: parse_via_param(): Found param type 232, <branch> = <z9hG4bK.wf0LGAVb~>; state=6
 1(8) DEBUG: <core> [core/parser/parse_via.c:1300]: parse_via_param(): Found param type 235, <rport> = <n/a>; state=17
 1(8) DEBUG: <core> [core/parser/parse_via.c:2639]: parse_via(): end of header reached, state=5
 1(8) DEBUG: <core> [core/parser/msg_parser.c:555]: parse_headers(): Via found, flags=2
 1(8) DEBUG: <core> [core/parser/msg_parser.c:557]: parse_headers(): this is the first via
 1(8) DEBUG: <core> [core/parser/parse_hname2.c:301]: parse_sip_header_name(): parsed header name [From] type 4
 1(8) DEBUG: <core> [core/parser/parse_hname2.c:301]: parse_sip_header_name(): parsed header name [To] type 3
 1(8) DEBUG: <core> [core/parser/parse_addr_spec.c:884]: parse_addr_spec(): end of header reached, state=9
 1(8) DEBUG: <core> [core/parser/msg_parser.c:172]: get_hdr_field(): <To> [21]; uri=[sip:ue1@10.100.0.10]
 1(8) DEBUG: <core> [core/parser/msg_parser.c:174]: get_hdr_field(): to body (21)[sip:ue1@10.100.0.10
], to tag (0)[]
 1(8) DEBUG: <core> [core/parser/parse_hname2.c:301]: parse_sip_header_name(): parsed header name [CSeq] type 5
 1(8) DEBUG: <core> [core/parser/msg_parser.c:152]: get_hdr_field(): cseq <CSeq>: <25> <REGISTER>
 1(8) DEBUG: <core> [core/parser/parse_hname2.c:301]: parse_sip_header_name(): parsed header name [Call-ID] type 6
 1(8) DEBUG: <core> [core/receive.c:389]: receive_msg(): --- received sip message - request - call-id: [0vxMX1n5jC] - cseq: [25 REGISTER]
 4(11) INFO: <script>: REGISTER sip:ue2@10.100.0.10 from 10.100.0.2:5080 saved (contact <sip:ue2@10.100.0.2:5080;transport=udp>;+sip.instance="<urn:uuid:b1ec2359-ddd8-000f-aa02-ab2f9af9fbe2>")
 4(11) DEBUG: <core> [core/receive.c:528]: receive_msg(): request-route executed in: 4162 usec
 1(8) DEBUG: <core> [core/receive.c:261]: ksr_evrt_pre_routing(): event route core:pre-routing not defined
 1(8) DEBUG: <core> [core/receive.c:471]: receive_msg(): preparing to run routing scripts...
 4(11) DEBUG: <core> [core/usr_avp.c:637]: destroy_avp_list(): destroying list 0x72ec200ecf70
 4(11) DEBUG: <core> [core/usr_avp.c:637]: destroy_avp_list(): destroying list (nil)
 4(11) DEBUG: <core> [core/usr_avp.c:637]: destroy_avp_list(): destroying list (nil)
 4(11) DEBUG: <core> [core/usr_avp.c:637]: destroy_avp_list(): destroying list (nil)
 4(11) DEBUG: <core> [core/usr_avp.c:637]: destroy_avp_list(): destroying list (nil)
 4(11) DEBUG: <core> [core/usr_avp.c:637]: destroy_avp_list(): destroying list (nil)
 1(8) DEBUG: sanity [sanity.c:247]: check_ruri_sip_version(): check_ruri_sip_version entered
 4(11) DEBUG: <core> [core/xavp.c:541]: xavp_destroy_list(): destroying xavp list (nil)
 1(8) DEBUG: sanity [sanity.c:270]: check_ruri_sip_version(): check_ruri_sip_version passed
 4(11) DEBUG: <core> [core/xavp.c:541]: xavp_destroy_list(): destroying xavp list (nil)
 1(8) DEBUG: sanity [sanity.c:277]: check_ruri_scheme(): check_ruri_scheme entered
 4(11) DEBUG: <core> [core/xavp.c:541]: xavp_destroy_list(): destroying xavp list (nil)
 4(11) DEBUG: <core> [core/receive.c:628]: receive_msg(): cleaning up
 1(8) DEBUG: sanity [sanity.c:297]: check_ruri_scheme(): check_ruri_scheme passed
 1(8) DEBUG: sanity [sanity.c:318]: check_required_headers(): check_required_headers entered
 1(8) DEBUG: <core> [core/parser/parse_hname2.c:301]: parse_sip_header_name(): parsed header name [Max-Forwards] type 8
 1(8) DEBUG: <core> [core/parser/parse_hname2.c:301]: parse_sip_header_name(): parsed header name [Supported] type 17
 1(8) DEBUG: <core> [core/parser/parse_hname2.c:301]: parse_sip_header_name(): parsed header name [Accept] type 23
 1(8) DEBUG: <core> [core/parser/parse_hname2.c:301]: parse_sip_header_name(): parsed header name [Accept] type 23
 1(8) DEBUG: <core> [core/parser/parse_hname2.c:301]: parse_sip_header_name(): parsed header name [Accept] type 23
 1(8) DEBUG: <core> [core/parser/parse_hname2.c:301]: parse_sip_header_name(): parsed header name [Contact] type 7
 1(8) DEBUG: <core> [core/parser/parse_hname2.c:301]: parse_sip_header_name(): parsed header name [Expires] type 14
 1(8) DEBUG: <core> [core/parser/parse_hname2.c:301]: parse_sip_header_name(): parsed header name [User-Agent] type 28
 1(8) DEBUG: <core> [core/parser/msg_parser.c:91]: get_hdr_field(): found end of header
 1(8) DEBUG: sanity [sanity.c:340]: check_required_headers(): check_required_headers passed
 1(8) DEBUG: sanity [sanity.c:506]: check_cseq_method(): check_cseq_method entered
 1(8) DEBUG: sanity [sanity.c:539]: check_cseq_method(): check_cseq_method passed
 1(8) DEBUG: sanity [sanity.c:548]: check_cseq_value(): check_cseq_value entered
 1(8) DEBUG: sanity [sanity.c:576]: check_cseq_value(): check_cseq_value passed
 1(8) DEBUG: sanity [sanity.c:585]: check_cl(): check_cl entered
 1(8) WARNING: sanity [sanity.c:612]: check_cl(): content length header missing in request
 1(8) DEBUG: sanity [sanity.c:622]: check_expires_value(): check_expires_value entered
 1(8) DEBUG: sanity [sanity.c:657]: check_expires_value(): check_expires_value passed
 1(8) DEBUG: sanity [sanity.c:758]: check_parse_uris(): check_parse_uris entered
 1(8) DEBUG: sanity [sanity.c:762]: check_parse_uris(): parsing ruri
 1(8) DEBUG: sanity [sanity.c:776]: check_parse_uris(): looking up From header
 1(8) DEBUG: <core> [core/parser/parse_addr_spec.c:185]: parse_to_param(): add param: tag=hAwde4SMe
 1(8) DEBUG: <core> [core/parser/parse_addr_spec.c:884]: parse_addr_spec(): end of header reached, state=29
 1(8) DEBUG: sanity [sanity.c:791]: check_parse_uris(): looking up To header
 1(8) DEBUG: sanity [sanity.c:838]: check_parse_uris(): check_parse_uris passed
 1(8) DEBUG: sanity [sanity_mod.c:254]: w_sanity_check(): sanity checks result: 1
 1(8) DEBUG: maxfwd [mf_funcs.c:74]: is_maxfwd_present(): value = 70 
 1(8) DEBUG: tm [t_lookup.c:1053]: t_check_msg(): msg (0x72ec244160a0) id=7/8 global id=6/8 T start=(nil)
 1(8) DEBUG: tm [t_lookup.c:497]: t_lookup_request(): start searching: hash=7006, isACK=0
 1(8) DEBUG: tm [t_lookup.c:455]: matching_3261(): RFC3261 transaction matching failed - via branch [z9hG4bK.wf0LGAVb~]
 1(8) DEBUG: tm [t_lookup.c:675]: t_lookup_request(): no transaction found
 1(8) DEBUG: tm [t_lookup.c:1122]: t_check_msg(): msg (0x72ec244160a0) id=7/8 global id=7/8 T end=(nil)
 1(8) DEBUG: siputils [checks.c:120]: has_totag(): no totag
 1(8) DEBUG: registrar [save.c:324]: pack_ci(): set instance[<urn:uuid:0eb0eedb-d3c7-0093-a588-a2ecb233c438>]
 1(8) DEBUG: <core> [core/utils/sruid.c:214]: sruid_nextx(): new sruid is [uloc-6a67c949-8-5] (5 / 17)
 1(8) DEBUG: registrar [save.c:421]: pack_ci(): generated ruid is: uloc-6a67c949-8-5
 1(8) DEBUG: <core> [core/utils/sruid.c:214]: sruid_nextx(): new sruid is [uloc-6a67c949-8-6] (6 / 17)
 1(8) DEBUG: registrar [save.c:421]: pack_ci(): generated ruid is: uloc-6a67c949-8-6
 1(8) DEBUG: registrar [reply.c:334]: build_contact(): created Contact HF: Contact: <sip:ue1@10.100.0.2:64767;transport=udp>;expires=60;received="sip:10.100.0.2:64767";+sip.instance="<urn:uuid:0eb0eedb-d3c7-0093-a588-a2ecb233c438>"

 1(8) DEBUG: sl [sl.c:310]: send_reply(): reply in stateless mode (sl)
 1(8) DEBUG: <core> [core/receive.c:126]: sip_check_fline(): first line indicates a SIP reply
 1(8) INFO: <script>: REGISTER sip:ue1@10.100.0.10 from 10.100.0.2:64767 saved (contact <sip:ue1@10.100.0.2:64767;transport=udp>;+sip.instance="<urn:uuid:0eb0eedb-d3c7-0093-a588-a2ecb233c438>")
 1(8) DEBUG: <core> [core/receive.c:528]: receive_msg(): request-route executed in: 439 usec
 1(8) DEBUG: <core> [core/usr_avp.c:637]: destroy_avp_list(): destroying list 0x72ec200ecf70
 1(8) DEBUG: <core> [core/usr_avp.c:637]: destroy_avp_list(): destroying list (nil)
 1(8) DEBUG: <core> [core/usr_avp.c:637]: destroy_avp_list(): destroying list (nil)
 1(8) DEBUG: <core> [core/usr_avp.c:637]: destroy_avp_list(): destroying list (nil)
 1(8) DEBUG: <core> [core/usr_avp.c:637]: destroy_avp_list(): destroying list (nil)
 1(8) DEBUG: <core> [core/usr_avp.c:637]: destroy_avp_list(): destroying list (nil)
 1(8) DEBUG: <core> [core/xavp.c:541]: xavp_destroy_list(): destroying xavp list (nil)
 1(8) DEBUG: <core> [core/xavp.c:541]: xavp_destroy_list(): destroying xavp list (nil)
 1(8) DEBUG: <core> [core/xavp.c:541]: xavp_destroy_list(): destroying xavp list (nil)
 1(8) DEBUG: <core> [core/receive.c:628]: receive_msg(): cleaning up
 2(9) DEBUG: <core> [core/udp_server.c:517]: udp_rcv_loop(): probing packet received from 10.100.0.2 55315
 3(10) DEBUG: <core> [core/udp_server.c:517]: udp_rcv_loop(): probing packet received from 10.100.0.2 65532
 4(11) DEBUG: <core> [core/udp_server.c:517]: udp_rcv_loop(): probing packet received from 10.100.0.2 55315
 1(8) DEBUG: <core> [core/udp_server.c:517]: udp_rcv_loop(): probing packet received from 10.100.0.2 65532
 2(9) DEBUG: <core> [core/udp_server.c:517]: udp_rcv_loop(): probing packet received from 10.100.0.2 55315
 3(10) DEBUG: <core> [core/udp_server.c:517]: udp_rcv_loop(): probing packet received from 10.100.0.2 65532
 4(11) DEBUG: <core> [core/udp_server.c:517]: udp_rcv_loop(): probing packet received from 10.100.0.2 65532
 1(8) DEBUG: <core> [core/udp_server.c:517]: udp_rcv_loop(): probing packet received from 10.100.0.2 55315
 2(9) DEBUG: <core> [core/udp_server.c:517]: udp_rcv_loop(): probing packet received from 10.100.0.2 55315
 3(10) DEBUG: <core> [core/udp_server.c:517]: udp_rcv_loop(): probing packet received from 10.100.0.2 65532
 4(11) DEBUG: <core> [core/udp_server.c:517]: udp_rcv_loop(): probing packet received from 10.100.0.2 55315
 1(8) DEBUG: <core> [core/udp_server.c:517]: udp_rcv_loop(): probing packet received from 10.100.0.2 65532
 2(9) DEBUG: <core> [core/udp_server.c:494]: udp_rcv_loop(): received on udp socket: (112/100/512) [[REGISTER sip:10.100.0.10 SIP/2.0 0D  0A Via: SIP/2.0/UDP 10.45.0.2:5080;branch=z9hG4bK.jK3Uq0Siq;rport 0D  0A Fr]]
 2(9) DEBUG: <core> [core/parser/parse_fline.c:249]: parse_first_line(): first line type 1 (request) flags 1
 2(9) DEBUG: <core> [core/parser/msg_parser.c:679]: parse_msg(): SIP Request:
 2(9) DEBUG: <core> [core/parser/msg_parser.c:680]: parse_msg():  method:  <REGISTER>
 2(9) DEBUG: <core> [core/parser/msg_parser.c:682]: parse_msg():  uri:     <sip:10.100.0.10>
 2(9) DEBUG: <core> [core/parser/msg_parser.c:684]: parse_msg():  version: <SIP/2.0>
 2(9) DEBUG: <core> [core/parser/parse_hname2.c:301]: parse_sip_header_name(): parsed header name [Via] type 1
 2(9) DEBUG: <core> [core/parser/parse_via.c:1300]: parse_via_param(): Found param type 232, <branch> = <z9hG4bK.jK3Uq0Siq>; state=6
 2(9) DEBUG: <core> [core/parser/parse_via.c:1300]: parse_via_param(): Found param type 235, <rport> = <n/a>; state=17
 2(9) DEBUG: <core> [core/parser/parse_via.c:2639]: parse_via(): end of header reached, state=5
 2(9) DEBUG: <core> [core/parser/msg_parser.c:555]: parse_headers(): Via found, flags=2
 2(9) DEBUG: <core> [core/parser/msg_parser.c:557]: parse_headers(): this is the first via
 2(9) DEBUG: <core> [core/parser/parse_hname2.c:301]: parse_sip_header_name(): parsed header name [From] type 4
 2(9) DEBUG: <core> [core/parser/parse_hname2.c:301]: parse_sip_header_name(): parsed header name [To] type 3
 2(9) DEBUG: <core> [core/parser/parse_addr_spec.c:884]: parse_addr_spec(): end of header reached, state=9
 2(9) DEBUG: <core> [core/parser/msg_parser.c:172]: get_hdr_field(): <To> [21]; uri=[sip:ue1@10.100.0.10]
 2(9) DEBUG: <core> [core/parser/msg_parser.c:174]: get_hdr_field(): to body (21)[sip:ue1@10.100.0.10
], to tag (0)[]
 2(9) DEBUG: <core> [core/parser/parse_hname2.c:301]: parse_sip_header_name(): parsed header name [CSeq] type 5
 2(9) DEBUG: <core> [core/parser/msg_parser.c:152]: get_hdr_field(): cseq <CSeq>: <26> <REGISTER>
 2(9) DEBUG: <core> [core/parser/parse_hname2.c:301]: parse_sip_header_name(): parsed header name [Call-ID] type 6
 2(9) DEBUG: <core> [core/receive.c:389]: receive_msg(): --- received sip message - request - call-id: [0vxMX1n5jC] - cseq: [26 REGISTER]
 2(9) DEBUG: <core> [core/receive.c:261]: ksr_evrt_pre_routing(): event route core:pre-routing not defined
 2(9) DEBUG: <core> [core/receive.c:471]: receive_msg(): preparing to run routing scripts...
 2(9) DEBUG: sanity [sanity.c:247]: check_ruri_sip_version(): check_ruri_sip_version entered
 2(9) DEBUG: sanity [sanity.c:270]: check_ruri_sip_version(): check_ruri_sip_version passed
 2(9) DEBUG: sanity [sanity.c:277]: check_ruri_scheme(): check_ruri_scheme entered
 2(9) DEBUG: sanity [sanity.c:297]: check_ruri_scheme(): check_ruri_scheme passed
 2(9) DEBUG: sanity [sanity.c:318]: check_required_headers(): check_required_headers entered
 2(9) DEBUG: <core> [core/parser/parse_hname2.c:301]: parse_sip_header_name(): parsed header name [Max-Forwards] type 8
 2(9) DEBUG: <core> [core/parser/parse_hname2.c:301]: parse_sip_header_name(): parsed header name [Supported] type 17
 2(9) DEBUG: <core> [core/parser/parse_hname2.c:301]: parse_sip_header_name(): parsed header name [Accept] type 23
 2(9) DEBUG: <core> [core/parser/parse_hname2.c:301]: parse_sip_header_name(): parsed header name [Accept] type 23
 2(9) DEBUG: <core> [core/parser/parse_hname2.c:301]: parse_sip_header_name(): parsed header name [Accept] type 23
 2(9) DEBUG: <core> [core/parser/parse_hname2.c:301]: parse_sip_header_name(): parsed header name [Contact] type 7
 2(9) DEBUG: <core> [core/parser/parse_hname2.c:301]: parse_sip_header_name(): parsed header name [Expires] type 14
 2(9) DEBUG: <core> [core/parser/parse_hname2.c:301]: parse_sip_header_name(): parsed header name [User-Agent] type 28
 2(9) DEBUG: <core> [core/parser/msg_parser.c:91]: get_hdr_field(): found end of header
 2(9) DEBUG: sanity [sanity.c:340]: check_required_headers(): check_required_headers passed
 2(9) DEBUG: sanity [sanity.c:506]: check_cseq_method(): check_cseq_method entered
 2(9) DEBUG: sanity [sanity.c:539]: check_cseq_method(): check_cseq_method passed
 2(9) DEBUG: sanity [sanity.c:548]: check_cseq_value(): check_cseq_value entered
 2(9) DEBUG: sanity [sanity.c:576]: check_cseq_value(): check_cseq_value passed
 2(9) DEBUG: sanity [sanity.c:585]: check_cl(): check_cl entered
 2(9) WARNING: sanity [sanity.c:612]: check_cl(): content length header missing in request
 2(9) DEBUG: sanity [sanity.c:622]: check_expires_value(): check_expires_value entered
 2(9) DEBUG: sanity [sanity.c:657]: check_expires_value(): check_expires_value passed
 2(9) DEBUG: sanity [sanity.c:758]: check_parse_uris(): check_parse_uris entered
 2(9) DEBUG: sanity [sanity.c:762]: check_parse_uris(): parsing ruri
 2(9) DEBUG: sanity [sanity.c:776]: check_parse_uris(): looking up From header
 2(9) DEBUG: <core> [core/parser/parse_addr_spec.c:185]: parse_to_param(): add param: tag=hAwde4SMe
 2(9) DEBUG: <core> [core/parser/parse_addr_spec.c:884]: parse_addr_spec(): end of header reached, state=29
 2(9) DEBUG: sanity [sanity.c:791]: check_parse_uris(): looking up To header
 2(9) DEBUG: sanity [sanity.c:838]: check_parse_uris(): check_parse_uris passed
 2(9) DEBUG: sanity [sanity_mod.c:254]: w_sanity_check(): sanity checks result: 1
 2(9) DEBUG: maxfwd [mf_funcs.c:74]: is_maxfwd_present(): value = 70 
 2(9) DEBUG: tm [t_lookup.c:1053]: t_check_msg(): msg (0x72ec244160a0) id=5/9 global id=4/9 T start=(nil)
 2(9) DEBUG: tm [t_lookup.c:497]: t_lookup_request(): start searching: hash=7003, isACK=0
 2(9) DEBUG: tm [t_lookup.c:455]: matching_3261(): RFC3261 transaction matching failed - via branch [z9hG4bK.jK3Uq0Siq]
 2(9) DEBUG: tm [t_lookup.c:675]: t_lookup_request(): no transaction found
 2(9) DEBUG: tm [t_lookup.c:1122]: t_check_msg(): msg (0x72ec244160a0) id=5/9 global id=5/9 T end=(nil)
 2(9) DEBUG: siputils [checks.c:120]: has_totag(): no totag
 3(10) DEBUG: <core> [core/udp_server.c:494]: udp_rcv_loop(): received on udp socket: (112/100/511) [[REGISTER sip:10.100.0.10 SIP/2.0 0D  0A Via: SIP/2.0/UDP 10.45.0.3:5080;branch=z9hG4bK.1aX1hNkxq;rport 0D  0A Fr]]
 3(10) DEBUG: <core> [core/parser/parse_fline.c:249]: parse_first_line(): first line type 1 (request) flags 1
 2(9) DEBUG: registrar [save.c:324]: pack_ci(): set instance[<urn:uuid:0eb0eedb-d3c7-0093-a588-a2ecb233c438>]
 3(10) DEBUG: <core> [core/parser/msg_parser.c:679]: parse_msg(): SIP Request:
 2(9) DEBUG: <core> [core/utils/sruid.c:214]: sruid_nextx(): new sruid is [uloc-6a67c949-9-4] (4 / 17)
 3(10) DEBUG: <core> [core/parser/msg_parser.c:680]: parse_msg():  method:  <REGISTER>
 3(10) DEBUG: <core> [core/parser/msg_parser.c:682]: parse_msg():  uri:     <sip:10.100.0.10>
 2(9) DEBUG: registrar [save.c:421]: pack_ci(): generated ruid is: uloc-6a67c949-9-4
 3(10) DEBUG: <core> [core/parser/msg_parser.c:684]: parse_msg():  version: <SIP/2.0>
 2(9) DEBUG: <core> [core/utils/sruid.c:214]: sruid_nextx(): new sruid is [uloc-6a67c949-9-5] (5 / 17)
 2(9) DEBUG: registrar [save.c:421]: pack_ci(): generated ruid is: uloc-6a67c949-9-5
 3(10) DEBUG: <core> [core/parser/parse_hname2.c:301]: parse_sip_header_name(): parsed header name [Via] type 1
 2(9) DEBUG: registrar [reply.c:334]: build_contact(): created Contact HF: Contact: <sip:ue1@10.100.0.2:64767;transport=udp>;expires=60;received="sip:10.100.0.2:64767";+sip.instance="<urn:uuid:0eb0eedb-d3c7-0093-a588-a2ecb233c438>"

 3(10) DEBUG: <core> [core/parser/parse_via.c:1300]: parse_via_param(): Found param type 232, <branch> = <z9hG4bK.1aX1hNkxq>; state=6
 3(10) DEBUG: <core> [core/parser/parse_via.c:1300]: parse_via_param(): Found param type 235, <rport> = <n/a>; state=17
 2(9) DEBUG: sl [sl.c:310]: send_reply(): reply in stateless mode (sl)
 3(10) DEBUG: <core> [core/parser/parse_via.c:2639]: parse_via(): end of header reached, state=5
 3(10) DEBUG: <core> [core/parser/msg_parser.c:555]: parse_headers(): Via found, flags=2
 3(10) DEBUG: <core> [core/parser/msg_parser.c:557]: parse_headers(): this is the first via
 3(10) DEBUG: <core> [core/parser/parse_hname2.c:301]: parse_sip_header_name(): parsed header name [From] type 4
 2(9) DEBUG: <core> [core/receive.c:126]: sip_check_fline(): first line indicates a SIP reply
 3(10) DEBUG: <core> [core/parser/parse_hname2.c:301]: parse_sip_header_name(): parsed header name [To] type 3
 3(10) DEBUG: <core> [core/parser/parse_addr_spec.c:884]: parse_addr_spec(): end of header reached, state=9
 3(10) DEBUG: <core> [core/parser/msg_parser.c:172]: get_hdr_field(): <To> [21]; uri=[sip:ue2@10.100.0.10]
 3(10) DEBUG: <core> [core/parser/msg_parser.c:174]: get_hdr_field(): to body (21)[sip:ue2@10.100.0.10
], to tag (0)[]
 3(10) DEBUG: <core> [core/parser/parse_hname2.c:301]: parse_sip_header_name(): parsed header name [CSeq] type 5
 3(10) DEBUG: <core> [core/parser/msg_parser.c:152]: get_hdr_field(): cseq <CSeq>: <26> <REGISTER>
 3(10) DEBUG: <core> [core/parser/parse_hname2.c:301]: parse_sip_header_name(): parsed header name [Call-ID] type 6
 3(10) DEBUG: <core> [core/receive.c:389]: receive_msg(): --- received sip message - request - call-id: [dsvYoZjw3U] - cseq: [26 REGISTER]
 3(10) DEBUG: <core> [core/receive.c:261]: ksr_evrt_pre_routing(): event route core:pre-routing not defined
 3(10) DEBUG: <core> [core/receive.c:471]: receive_msg(): preparing to run routing scripts...
 3(10) DEBUG: sanity [sanity.c:247]: check_ruri_sip_version(): check_ruri_sip_version entered
 3(10) DEBUG: sanity [sanity.c:270]: check_ruri_sip_version(): check_ruri_sip_version passed
 3(10) DEBUG: sanity [sanity.c:277]: check_ruri_scheme(): check_ruri_scheme entered
 3(10) DEBUG: sanity [sanity.c:297]: check_ruri_scheme(): check_ruri_scheme passed
 3(10) DEBUG: sanity [sanity.c:318]: check_required_headers(): check_required_headers entered
 3(10) DEBUG: <core> [core/parser/parse_hname2.c:301]: parse_sip_header_name(): parsed header name [Max-Forwards] type 8
 3(10) DEBUG: <core> [core/parser/parse_hname2.c:301]: parse_sip_header_name(): parsed header name [Supported] type 17
 3(10) DEBUG: <core> [core/parser/parse_hname2.c:301]: parse_sip_header_name(): parsed header name [Accept] type 23
 3(10) DEBUG: <core> [core/parser/parse_hname2.c:301]: parse_sip_header_name(): parsed header name [Accept] type 23
 3(10) DEBUG: <core> [core/parser/parse_hname2.c:301]: parse_sip_header_name(): parsed header name [Accept] type 23
 3(10) DEBUG: <core> [core/parser/parse_hname2.c:301]: parse_sip_header_name(): parsed header name [Contact] type 7
 3(10) DEBUG: <core> [core/parser/parse_hname2.c:301]: parse_sip_header_name(): parsed header name [Expires] type 14
 3(10) DEBUG: <core> [core/parser/parse_hname2.c:301]: parse_sip_header_name(): parsed header name [User-Agent] type 28
 3(10) DEBUG: <core> [core/parser/msg_parser.c:91]: get_hdr_field(): found end of header
 3(10) DEBUG: sanity [sanity.c:340]: check_required_headers(): check_required_headers passed
 3(10) DEBUG: sanity [sanity.c:506]: check_cseq_method(): check_cseq_method entered
 3(10) DEBUG: sanity [sanity.c:539]: check_cseq_method(): check_cseq_method passed
 3(10) DEBUG: sanity [sanity.c:548]: check_cseq_value(): check_cseq_value entered
 3(10) DEBUG: sanity [sanity.c:576]: check_cseq_value(): check_cseq_value passed
 3(10) DEBUG: sanity [sanity.c:585]: check_cl(): check_cl entered
 3(10) WARNING: sanity [sanity.c:612]: check_cl(): content length header missing in request
 3(10) DEBUG: sanity [sanity.c:622]: check_expires_value(): check_expires_value entered
 3(10) DEBUG: sanity [sanity.c:657]: check_expires_value(): check_expires_value passed
 3(10) DEBUG: sanity [sanity.c:758]: check_parse_uris(): check_parse_uris entered
 3(10) DEBUG: sanity [sanity.c:762]: check_parse_uris(): parsing ruri
 3(10) DEBUG: sanity [sanity.c:776]: check_parse_uris(): looking up From header
 3(10) DEBUG: <core> [core/parser/parse_addr_spec.c:185]: parse_to_param(): add param: tag=AXZuULbt5
 3(10) DEBUG: <core> [core/parser/parse_addr_spec.c:884]: parse_addr_spec(): end of header reached, state=29
 3(10) DEBUG: sanity [sanity.c:791]: check_parse_uris(): looking up To header
 3(10) DEBUG: sanity [sanity.c:838]: check_parse_uris(): check_parse_uris passed
 3(10) DEBUG: sanity [sanity_mod.c:254]: w_sanity_check(): sanity checks result: 1
 3(10) DEBUG: maxfwd [mf_funcs.c:74]: is_maxfwd_present(): value = 70 
 3(10) DEBUG: tm [t_lookup.c:1053]: t_check_msg(): msg (0x72ec244160a0) id=7/10 global id=6/10 T start=(nil)
 3(10) DEBUG: tm [t_lookup.c:497]: t_lookup_request(): start searching: hash=32347, isACK=0
 3(10) DEBUG: tm [t_lookup.c:455]: matching_3261(): RFC3261 transaction matching failed - via branch [z9hG4bK.1aX1hNkxq]
 3(10) DEBUG: tm [t_lookup.c:675]: t_lookup_request(): no transaction found
 3(10) DEBUG: tm [t_lookup.c:1122]: t_check_msg(): msg (0x72ec244160a0) id=7/10 global id=7/10 T end=(nil)
 3(10) DEBUG: siputils [checks.c:120]: has_totag(): no totag
 3(10) DEBUG: <core> [core/msg_translator.c:162]: check_via_address(): (10.100.0.2, 10.45.0.3, 0)
 2(9) INFO: <script>: REGISTER sip:ue1@10.100.0.10 from 10.100.0.2:64767 saved (contact <sip:ue1@10.100.0.2:64767;transport=udp>;+sip.instance="<urn:uuid:0eb0eedb-d3c7-0093-a588-a2ecb233c438>")
 2(9) DEBUG: <core> [core/receive.c:528]: receive_msg(): request-route executed in: 999 usec
 2(9) DEBUG: <core> [core/usr_avp.c:637]: destroy_avp_list(): destroying list 0x72ec200ecf70
 3(10) DEBUG: registrar [save.c:324]: pack_ci(): set instance[<urn:uuid:b1ec2359-ddd8-000f-aa02-ab2f9af9fbe2>]
 3(10) DEBUG: <core> [core/utils/sruid.c:214]: sruid_nextx(): new sruid is [uloc-6a67c949-a-6] (6 / 17)
 3(10) DEBUG: registrar [save.c:421]: pack_ci(): generated ruid is: uloc-6a67c949-a-6
 3(10) DEBUG: <core> [core/utils/sruid.c:214]: sruid_nextx(): new sruid is [uloc-6a67c949-a-7] (7 / 17)
 3(10) DEBUG: registrar [save.c:421]: pack_ci(): generated ruid is: uloc-6a67c949-a-7
 3(10) DEBUG: registrar [reply.c:334]: build_contact(): created Contact HF: Contact: <sip:ue2@10.100.0.2:5080;transport=udp>;expires=60;received="sip:10.100.0.2:5080";+sip.instance="<urn:uuid:b1ec2359-ddd8-000f-aa02-ab2f9af9fbe2>"

 3(10) DEBUG: sl [sl.c:310]: send_reply(): reply in stateless mode (sl)
 3(10) DEBUG: <core> [core/receive.c:126]: sip_check_fline(): first line indicates a SIP reply
 3(10) INFO: <script>: REGISTER sip:ue2@10.100.0.10 from 10.100.0.2:5080 saved (contact <sip:ue2@10.100.0.2:5080;transport=udp>;+sip.instance="<urn:uuid:b1ec2359-ddd8-000f-aa02-ab2f9af9fbe2>")
 3(10) DEBUG: <core> [core/receive.c:528]: receive_msg(): request-route executed in: 1364 usec
 3(10) DEBUG: <core> [core/usr_avp.c:637]: destroy_avp_list(): destroying list 0x72ec200ee2f0
 3(10) DEBUG: <core> [core/usr_avp.c:637]: destroy_avp_list(): destroying list (nil)
 3(10) DEBUG: <core> [core/usr_avp.c:637]: destroy_avp_list(): destroying list (nil)
 3(10) DEBUG: <core> [core/usr_avp.c:637]: destroy_avp_list(): destroying list (nil)
 3(10) DEBUG: <core> [core/usr_avp.c:637]: destroy_avp_list(): destroying list (nil)
 3(10) DEBUG: <core> [core/usr_avp.c:637]: destroy_avp_list(): destroying list (nil)
 3(10) DEBUG: <core> [core/xavp.c:541]: xavp_destroy_list(): destroying xavp list (nil)
 3(10) DEBUG: <core> [core/xavp.c:541]: xavp_destroy_list(): destroying xavp list (nil)
 3(10) DEBUG: <core> [core/xavp.c:541]: xavp_destroy_list(): destroying xavp list (nil)
 3(10) DEBUG: <core> [core/receive.c:628]: receive_msg(): cleaning up
 2(9) DEBUG: <core> [core/usr_avp.c:637]: destroy_avp_list(): destroying list (nil)
 2(9) DEBUG: <core> [core/usr_avp.c:637]: destroy_avp_list(): destroying list (nil)
 2(9) DEBUG: <core> [core/usr_avp.c:637]: destroy_avp_list(): destroying list (nil)
 2(9) DEBUG: <core> [core/usr_avp.c:637]: destroy_avp_list(): destroying list (nil)
 2(9) DEBUG: <core> [core/usr_avp.c:637]: destroy_avp_list(): destroying list (nil)
 2(9) DEBUG: <core> [core/xavp.c:541]: xavp_destroy_list(): destroying xavp list (nil)
 2(9) DEBUG: <core> [core/xavp.c:541]: xavp_destroy_list(): destroying xavp list (nil)
 2(9) DEBUG: <core> [core/xavp.c:541]: xavp_destroy_list(): destroying xavp list (nil)
 2(9) DEBUG: <core> [core/receive.c:628]: receive_msg(): cleaning up
 4(11) DEBUG: <core> [core/udp_server.c:517]: udp_rcv_loop(): probing packet received from 10.100.0.2 55315
 4(11) DEBUG: <core> [core/udp_server.c:517]: udp_rcv_loop(): probing packet received from 10.100.0.2 65532
 3(10) DEBUG: <core> [core/udp_server.c:517]: udp_rcv_loop(): probing packet received from 10.100.0.2 55315
 2(9) DEBUG: <core> [core/udp_server.c:517]: udp_rcv_loop(): probing packet received from 10.100.0.2 65532
 4(11) DEBUG: <core> [core/udp_server.c:517]: udp_rcv_loop(): probing packet received from 10.100.0.2 55315
 1(8) DEBUG: <core> [core/udp_server.c:517]: udp_rcv_loop(): probing packet received from 10.100.0.2 65532
 3(10) DEBUG: <core> [core/udp_server.c:517]: udp_rcv_loop(): probing packet received from 10.100.0.2 55315
 2(9) DEBUG: <core> [core/udp_server.c:517]: udp_rcv_loop(): probing packet received from 10.100.0.2 65532
 4(11) DEBUG: <core> [core/udp_server.c:517]: udp_rcv_loop(): probing packet received from 10.100.0.2 55315
 1(8) DEBUG: <core> [core/udp_server.c:517]: udp_rcv_loop(): probing packet received from 10.100.0.2 65532
 3(10) DEBUG: <core> [core/udp_server.c:494]: udp_rcv_loop(): received on udp socket: (112/100/511) [[REGISTER sip:10.100.0.10 SIP/2.0 0D  0A Via: SIP/2.0/UDP 10.45.0.3:5080;branch=z9hG4bK.DESmSjLac;rport 0D  0A Fr]]
 3(10) DEBUG: <core> [core/parser/parse_fline.c:249]: parse_first_line(): first line type 1 (request) flags 1
 3(10) DEBUG: <core> [core/parser/msg_parser.c:679]: parse_msg(): SIP Request:
 3(10) DEBUG: <core> [core/parser/msg_parser.c:680]: parse_msg():  method:  <REGISTER>
 3(10) DEBUG: <core> [core/parser/msg_parser.c:682]: parse_msg():  uri:     <sip:10.100.0.10>
 3(10) DEBUG: <core> [core/parser/msg_parser.c:684]: parse_msg():  version: <SIP/2.0>
 3(10) DEBUG: <core> [core/parser/parse_hname2.c:301]: parse_sip_header_name(): parsed header name [Via] type 1
 3(10) DEBUG: <core> [core/parser/parse_via.c:1300]: parse_via_param(): Found param type 232, <branch> = <z9hG4bK.DESmSjLac>; state=6
 3(10) DEBUG: <core> [core/parser/parse_via.c:1300]: parse_via_param(): Found param type 235, <rport> = <n/a>; state=17
 3(10) DEBUG: <core> [core/parser/parse_via.c:2639]: parse_via(): end of header reached, state=5
 3(10) DEBUG: <core> [core/parser/msg_parser.c:555]: parse_headers(): Via found, flags=2
 3(10) DEBUG: <core> [core/parser/msg_parser.c:557]: parse_headers(): this is the first via
 3(10) DEBUG: <core> [core/parser/parse_hname2.c:301]: parse_sip_header_name(): parsed header name [From] type 4
 3(10) DEBUG: <core> [core/parser/parse_hname2.c:301]: parse_sip_header_name(): parsed header name [To] type 3
 3(10) DEBUG: <core> [core/parser/parse_addr_spec.c:884]: parse_addr_spec(): end of header reached, state=9
 3(10) DEBUG: <core> [core/parser/msg_parser.c:172]: get_hdr_field(): <To> [21]; uri=[sip:ue2@10.100.0.10]
 3(10) DEBUG: <core> [core/parser/msg_parser.c:174]: get_hdr_field(): to body (21)[sip:ue2@10.100.0.10
], to tag (0)[]
 3(10) DEBUG: <core> [core/parser/parse_hname2.c:301]: parse_sip_header_name(): parsed header name [CSeq] type 5
 3(10) DEBUG: <core> [core/parser/msg_parser.c:152]: get_hdr_field(): cseq <CSeq>: <27> <REGISTER>
 3(10) DEBUG: <core> [core/parser/parse_hname2.c:301]: parse_sip_header_name(): parsed header name [Call-ID] type 6
 3(10) DEBUG: <core> [core/receive.c:389]: receive_msg(): --- received sip message - request - call-id: [dsvYoZjw3U] - cseq: [27 REGISTER]
 3(10) DEBUG: <core> [core/receive.c:261]: ksr_evrt_pre_routing(): event route core:pre-routing not defined
 3(10) DEBUG: <core> [core/receive.c:471]: receive_msg(): preparing to run routing scripts...
 3(10) DEBUG: sanity [sanity.c:247]: check_ruri_sip_version(): check_ruri_sip_version entered
 3(10) DEBUG: sanity [sanity.c:270]: check_ruri_sip_version(): check_ruri_sip_version passed
 3(10) DEBUG: sanity [sanity.c:277]: check_ruri_scheme(): check_ruri_scheme entered
 3(10) DEBUG: sanity [sanity.c:297]: check_ruri_scheme(): check_ruri_scheme passed
 3(10) DEBUG: sanity [sanity.c:318]: check_required_headers(): check_required_headers entered
 3(10) DEBUG: <core> [core/parser/parse_hname2.c:301]: parse_sip_header_name(): parsed header name [Max-Forwards] type 8
 3(10) DEBUG: <core> [core/parser/parse_hname2.c:301]: parse_sip_header_name(): parsed header name [Supported] type 17
 3(10) DEBUG: <core> [core/parser/parse_hname2.c:301]: parse_sip_header_name(): parsed header name [Accept] type 23
 3(10) DEBUG: <core> [core/parser/parse_hname2.c:301]: parse_sip_header_name(): parsed header name [Accept] type 23
 3(10) DEBUG: <core> [core/parser/parse_hname2.c:301]: parse_sip_header_name(): parsed header name [Accept] type 23
 3(10) DEBUG: <core> [core/parser/parse_hname2.c:301]: parse_sip_header_name(): parsed header name [Contact] type 7
 3(10) DEBUG: <core> [core/parser/parse_hname2.c:301]: parse_sip_header_name(): parsed header name [Expires] type 14
 3(10) DEBUG: <core> [core/parser/parse_hname2.c:301]: parse_sip_header_name(): parsed header name [User-Agent] type 28
 3(10) DEBUG: <core> [core/parser/msg_parser.c:91]: get_hdr_field(): found end of header
 3(10) DEBUG: sanity [sanity.c:340]: check_required_headers(): check_required_headers passed
 3(10) DEBUG: sanity [sanity.c:506]: check_cseq_method(): check_cseq_method entered
 3(10) DEBUG: sanity [sanity.c:539]: check_cseq_method(): check_cseq_method passed
 3(10) DEBUG: sanity [sanity.c:548]: check_cseq_value(): check_cseq_value entered
 3(10) DEBUG: sanity [sanity.c:576]: check_cseq_value(): check_cseq_value passed
 3(10) DEBUG: sanity [sanity.c:585]: check_cl(): check_cl entered
 3(10) WARNING: sanity [sanity.c:612]: check_cl(): content length header missing in request
 3(10) DEBUG: sanity [sanity.c:622]: check_expires_value(): check_expires_value entered
 3(10) DEBUG: sanity [sanity.c:657]: check_expires_value(): check_expires_value passed
 3(10) DEBUG: sanity [sanity.c:758]: check_parse_uris(): check_parse_uris entered
 3(10) DEBUG: sanity [sanity.c:762]: check_parse_uris(): parsing ruri
 3(10) DEBUG: sanity [sanity.c:776]: check_parse_uris(): looking up From header
 3(10) DEBUG: <core> [core/parser/parse_addr_spec.c:185]: parse_to_param(): add param: tag=AXZuULbt5
 3(10) DEBUG: <core> [core/parser/parse_addr_spec.c:884]: parse_addr_spec(): end of header reached, state=29
 3(10) DEBUG: sanity [sanity.c:791]: check_parse_uris(): looking up To header
 3(10) DEBUG: sanity [sanity.c:838]: check_parse_uris(): check_parse_uris passed
 3(10) DEBUG: sanity [sanity_mod.c:254]: w_sanity_check(): sanity checks result: 1
 3(10) DEBUG: maxfwd [mf_funcs.c:74]: is_maxfwd_present(): value = 70 
 3(10) DEBUG: tm [t_lookup.c:1053]: t_check_msg(): msg (0x72ec244160a0) id=8/10 global id=7/10 T start=(nil)
 3(10) DEBUG: tm [t_lookup.c:497]: t_lookup_request(): start searching: hash=32348, isACK=0
 3(10) DEBUG: tm [t_lookup.c:455]: matching_3261(): RFC3261 transaction matching failed - via branch [z9hG4bK.DESmSjLac]
 3(10) DEBUG: tm [t_lookup.c:675]: t_lookup_request(): no transaction found
 3(10) DEBUG: tm [t_lookup.c:1122]: t_check_msg(): msg (0x72ec244160a0) id=8/10 global id=8/10 T end=(nil)
 3(10) DEBUG: siputils [checks.c:120]: has_totag(): no totag
 3(10) DEBUG: <core> [core/msg_translator.c:162]: check_via_address(): (10.100.0.2, 10.45.0.3, 0)
 3(10) DEBUG: registrar [save.c:324]: pack_ci(): set instance[<urn:uuid:b1ec2359-ddd8-000f-aa02-ab2f9af9fbe2>]
 3(10) DEBUG: <core> [core/utils/sruid.c:214]: sruid_nextx(): new sruid is [uloc-6a67c949-a-8] (8 / 17)
 3(10) DEBUG: registrar [save.c:421]: pack_ci(): generated ruid is: uloc-6a67c949-a-8
 3(10) DEBUG: <core> [core/utils/sruid.c:214]: sruid_nextx(): new sruid is [uloc-6a67c949-a-9] (9 / 17)
 3(10) DEBUG: registrar [save.c:421]: pack_ci(): generated ruid is: uloc-6a67c949-a-9
 3(10) DEBUG: registrar [reply.c:334]: build_contact(): created Contact HF: Contact: <sip:ue2@10.100.0.2:5080;transport=udp>;expires=60;received="sip:10.100.0.2:5080";+sip.instance="<urn:uuid:b1ec2359-ddd8-000f-aa02-ab2f9af9fbe2>"

 3(10) DEBUG: sl [sl.c:310]: send_reply(): reply in stateless mode (sl)
 3(10) DEBUG: <core> [core/receive.c:126]: sip_check_fline(): first line indicates a SIP reply
 3(10) INFO: <script>: REGISTER sip:ue2@10.100.0.10 from 10.100.0.2:5080 saved (contact <sip:ue2@10.100.0.2:5080;transport=udp>;+sip.instance="<urn:uuid:b1ec2359-ddd8-000f-aa02-ab2f9af9fbe2>")
 3(10) DEBUG: <core> [core/receive.c:528]: receive_msg(): request-route executed in: 537 usec
 3(10) DEBUG: <core> [core/usr_avp.c:637]: destroy_avp_list(): destroying list 0x72ec200ecf70
 3(10) DEBUG: <core> [core/usr_avp.c:637]: destroy_avp_list(): destroying list (nil)
 3(10) DEBUG: <core> [core/usr_avp.c:637]: destroy_avp_list(): destroying list (nil)
 3(10) DEBUG: <core> [core/usr_avp.c:637]: destroy_avp_list(): destroying list (nil)
 3(10) DEBUG: <core> [core/usr_avp.c:637]: destroy_avp_list(): destroying list (nil)
 3(10) DEBUG: <core> [core/usr_avp.c:637]: destroy_avp_list(): destroying list (nil)
 3(10) DEBUG: <core> [core/xavp.c:541]: xavp_destroy_list(): destroying xavp list (nil)
 3(10) DEBUG: <core> [core/xavp.c:541]: xavp_destroy_list(): destroying xavp list (nil)
 3(10) DEBUG: <core> [core/xavp.c:541]: xavp_destroy_list(): destroying xavp list (nil)
 3(10) DEBUG: <core> [core/receive.c:628]: receive_msg(): cleaning up
 2(9) DEBUG: <core> [core/udp_server.c:494]: udp_rcv_loop(): received on udp socket: (112/100/512) [[REGISTER sip:10.100.0.10 SIP/2.0 0D  0A Via: SIP/2.0/UDP 10.45.0.2:5080;branch=z9hG4bK.-iRr5CNrW;rport 0D  0A Fr]]
 2(9) DEBUG: <core> [core/parser/parse_fline.c:249]: parse_first_line(): first line type 1 (request) flags 1
 2(9) DEBUG: <core> [core/parser/msg_parser.c:679]: parse_msg(): SIP Request:
 2(9) DEBUG: <core> [core/parser/msg_parser.c:680]: parse_msg():  method:  <REGISTER>
 2(9) DEBUG: <core> [core/parser/msg_parser.c:682]: parse_msg():  uri:     <sip:10.100.0.10>
 2(9) DEBUG: <core> [core/parser/msg_parser.c:684]: parse_msg():  version: <SIP/2.0>
 2(9) DEBUG: <core> [core/parser/parse_hname2.c:301]: parse_sip_header_name(): parsed header name [Via] type 1
 2(9) DEBUG: <core> [core/parser/parse_via.c:1300]: parse_via_param(): Found param type 232, <branch> = <z9hG4bK.-iRr5CNrW>; state=6
 2(9) DEBUG: <core> [core/parser/parse_via.c:1300]: parse_via_param(): Found param type 235, <rport> = <n/a>; state=17
 2(9) DEBUG: <core> [core/parser/parse_via.c:2639]: parse_via(): end of header reached, state=5
 2(9) DEBUG: <core> [core/parser/msg_parser.c:555]: parse_headers(): Via found, flags=2
 2(9) DEBUG: <core> [core/parser/msg_parser.c:557]: parse_headers(): this is the first via
 2(9) DEBUG: <core> [core/parser/parse_hname2.c:301]: parse_sip_header_name(): parsed header name [From] type 4
 2(9) DEBUG: <core> [core/parser/parse_hname2.c:301]: parse_sip_header_name(): parsed header name [To] type 3
 2(9) DEBUG: <core> [core/parser/parse_addr_spec.c:884]: parse_addr_spec(): end of header reached, state=9
 2(9) DEBUG: <core> [core/parser/msg_parser.c:172]: get_hdr_field(): <To> [21]; uri=[sip:ue1@10.100.0.10]
 2(9) DEBUG: <core> [core/parser/msg_parser.c:174]: get_hdr_field(): to body (21)[sip:ue1@10.100.0.10
], to tag (0)[]
 2(9) DEBUG: <core> [core/parser/parse_hname2.c:301]: parse_sip_header_name(): parsed header name [CSeq] type 5
 2(9) DEBUG: <core> [core/parser/msg_parser.c:152]: get_hdr_field(): cseq <CSeq>: <27> <REGISTER>
 2(9) DEBUG: <core> [core/parser/parse_hname2.c:301]: parse_sip_header_name(): parsed header name [Call-ID] type 6
 2(9) DEBUG: <core> [core/receive.c:389]: receive_msg(): --- received sip message - request - call-id: [0vxMX1n5jC] - cseq: [27 REGISTER]
 2(9) DEBUG: <core> [core/receive.c:261]: ksr_evrt_pre_routing(): event route core:pre-routing not defined
 2(9) DEBUG: <core> [core/receive.c:471]: receive_msg(): preparing to run routing scripts...
 2(9) DEBUG: sanity [sanity.c:247]: check_ruri_sip_version(): check_ruri_sip_version entered
 2(9) DEBUG: sanity [sanity.c:270]: check_ruri_sip_version(): check_ruri_sip_version passed
 2(9) DEBUG: sanity [sanity.c:277]: check_ruri_scheme(): check_ruri_scheme entered
 2(9) DEBUG: sanity [sanity.c:297]: check_ruri_scheme(): check_ruri_scheme passed
 2(9) DEBUG: sanity [sanity.c:318]: check_required_headers(): check_required_headers entered
 2(9) DEBUG: <core> [core/parser/parse_hname2.c:301]: parse_sip_header_name(): parsed header name [Max-Forwards] type 8
 2(9) DEBUG: <core> [core/parser/parse_hname2.c:301]: parse_sip_header_name(): parsed header name [Supported] type 17
 2(9) DEBUG: <core> [core/parser/parse_hname2.c:301]: parse_sip_header_name(): parsed header name [Accept] type 23
 2(9) DEBUG: <core> [core/parser/parse_hname2.c:301]: parse_sip_header_name(): parsed header name [Accept] type 23
 2(9) DEBUG: <core> [core/parser/parse_hname2.c:301]: parse_sip_header_name(): parsed header name [Accept] type 23
 2(9) DEBUG: <core> [core/parser/parse_hname2.c:301]: parse_sip_header_name(): parsed header name [Contact] type 7
 2(9) DEBUG: <core> [core/parser/parse_hname2.c:301]: parse_sip_header_name(): parsed header name [Expires] type 14
 2(9) DEBUG: <core> [core/parser/parse_hname2.c:301]: parse_sip_header_name(): parsed header name [User-Agent] type 28
 2(9) DEBUG: <core> [core/parser/msg_parser.c:91]: get_hdr_field(): found end of header
 2(9) DEBUG: sanity [sanity.c:340]: check_required_headers(): check_required_headers passed
 2(9) DEBUG: sanity [sanity.c:506]: check_cseq_method(): check_cseq_method entered
 2(9) DEBUG: sanity [sanity.c:539]: check_cseq_method(): check_cseq_method passed
 2(9) DEBUG: sanity [sanity.c:548]: check_cseq_value(): check_cseq_value entered
 2(9) DEBUG: sanity [sanity.c:576]: check_cseq_value(): check_cseq_value passed
 2(9) DEBUG: sanity [sanity.c:585]: check_cl(): check_cl entered
 2(9) WARNING: sanity [sanity.c:612]: check_cl(): content length header missing in request
 2(9) DEBUG: sanity [sanity.c:622]: check_expires_value(): check_expires_value entered
 2(9) DEBUG: sanity [sanity.c:657]: check_expires_value(): check_expires_value passed
 2(9) DEBUG: sanity [sanity.c:758]: check_parse_uris(): check_parse_uris entered
 2(9) DEBUG: sanity [sanity.c:762]: check_parse_uris(): parsing ruri
 2(9) DEBUG: sanity [sanity.c:776]: check_parse_uris(): looking up From header
 2(9) DEBUG: <core> [core/parser/parse_addr_spec.c:185]: parse_to_param(): add param: tag=hAwde4SMe
 2(9) DEBUG: <core> [core/parser/parse_addr_spec.c:884]: parse_addr_spec(): end of header reached, state=29
 2(9) DEBUG: sanity [sanity.c:791]: check_parse_uris(): looking up To header
 2(9) DEBUG: sanity [sanity.c:838]: check_parse_uris(): check_parse_uris passed
 2(9) DEBUG: sanity [sanity_mod.c:254]: w_sanity_check(): sanity checks result: 1
 2(9) DEBUG: maxfwd [mf_funcs.c:74]: is_maxfwd_present(): value = 70 
 2(9) DEBUG: tm [t_lookup.c:1053]: t_check_msg(): msg (0x72ec244160a0) id=6/9 global id=5/9 T start=(nil)
 2(9) DEBUG: tm [t_lookup.c:497]: t_lookup_request(): start searching: hash=7004, isACK=0
 2(9) DEBUG: tm [t_lookup.c:455]: matching_3261(): RFC3261 transaction matching failed - via branch [z9hG4bK.-iRr5CNrW]
 2(9) DEBUG: tm [t_lookup.c:675]: t_lookup_request(): no transaction found
 2(9) DEBUG: tm [t_lookup.c:1122]: t_check_msg(): msg (0x72ec244160a0) id=6/9 global id=6/9 T end=(nil)
 2(9) DEBUG: siputils [checks.c:120]: has_totag(): no totag
 2(9) DEBUG: registrar [save.c:324]: pack_ci(): set instance[<urn:uuid:0eb0eedb-d3c7-0093-a588-a2ecb233c438>]
 2(9) DEBUG: <core> [core/utils/sruid.c:214]: sruid_nextx(): new sruid is [uloc-6a67c949-9-6] (6 / 17)
 2(9) DEBUG: registrar [save.c:421]: pack_ci(): generated ruid is: uloc-6a67c949-9-6
 2(9) DEBUG: <core> [core/utils/sruid.c:214]: sruid_nextx(): new sruid is [uloc-6a67c949-9-7] (7 / 17)
 2(9) DEBUG: registrar [save.c:421]: pack_ci(): generated ruid is: uloc-6a67c949-9-7
 2(9) DEBUG: registrar [reply.c:334]: build_contact(): created Contact HF: Contact: <sip:ue1@10.100.0.2:64767;transport=udp>;expires=60;received="sip:10.100.0.2:64767";+sip.instance="<urn:uuid:0eb0eedb-d3c7-0093-a588-a2ecb233c438>"

 2(9) DEBUG: sl [sl.c:310]: send_reply(): reply in stateless mode (sl)
 2(9) DEBUG: <core> [core/receive.c:126]: sip_check_fline(): first line indicates a SIP reply
 2(9) INFO: <script>: REGISTER sip:ue1@10.100.0.10 from 10.100.0.2:64767 saved (contact <sip:ue1@10.100.0.2:64767;transport=udp>;+sip.instance="<urn:uuid:0eb0eedb-d3c7-0093-a588-a2ecb233c438>")
 2(9) DEBUG: <core> [core/receive.c:528]: receive_msg(): request-route executed in: 413 usec
 2(9) DEBUG: <core> [core/usr_avp.c:637]: destroy_avp_list(): destroying list 0x72ec200ecf70
 2(9) DEBUG: <core> [core/usr_avp.c:637]: destroy_avp_list(): destroying list (nil)
 2(9) DEBUG: <core> [core/usr_avp.c:637]: destroy_avp_list(): destroying list (nil)
 2(9) DEBUG: <core> [core/usr_avp.c:637]: destroy_avp_list(): destroying list (nil)
 2(9) DEBUG: <core> [core/usr_avp.c:637]: destroy_avp_list(): destroying list (nil)
 2(9) DEBUG: <core> [core/usr_avp.c:637]: destroy_avp_list(): destroying list (nil)
 2(9) DEBUG: <core> [core/xavp.c:541]: xavp_destroy_list(): destroying xavp list (nil)
 2(9) DEBUG: <core> [core/xavp.c:541]: xavp_destroy_list(): destroying xavp list (nil)
 2(9) DEBUG: <core> [core/xavp.c:541]: xavp_destroy_list(): destroying xavp list (nil)
 2(9) DEBUG: <core> [core/receive.c:628]: receive_msg(): cleaning up
 4(11) DEBUG: <core> [core/udp_server.c:517]: udp_rcv_loop(): probing packet received from 10.100.0.2 55315
 1(8) DEBUG: <core> [core/udp_server.c:517]: udp_rcv_loop(): probing packet received from 10.100.0.2 65532
 3(10) DEBUG: <core> [core/udp_server.c:517]: udp_rcv_loop(): probing packet received from 10.100.0.2 55315
 2(9) DEBUG: <core> [core/udp_server.c:517]: udp_rcv_loop(): probing packet received from 10.100.0.2 65532
 4(11) DEBUG: <core> [core/udp_server.c:517]: udp_rcv_loop(): probing packet received from 10.100.0.2 55315
 1(8) DEBUG: <core> [core/udp_server.c:517]: udp_rcv_loop(): probing packet received from 10.100.0.2 65532
 3(10) DEBUG: <core> [core/udp_server.c:517]: udp_rcv_loop(): probing packet received from 10.100.0.2 55315
 2(9) DEBUG: <core> [core/udp_server.c:517]: udp_rcv_loop(): probing packet received from 10.100.0.2 65532
 4(11) DEBUG: <core> [core/udp_server.c:517]: udp_rcv_loop(): probing packet received from 10.100.0.2 55315
 1(8) DEBUG: <core> [core/udp_server.c:517]: udp_rcv_loop(): probing packet received from 10.100.0.2 65532
 3(10) DEBUG: <core> [core/udp_server.c:494]: udp_rcv_loop(): received on udp socket: (112/100/511) [[REGISTER sip:10.100.0.10 SIP/2.0 0D  0A Via: SIP/2.0/UDP 10.45.0.3:5080;branch=z9hG4bK.mEOXFLVE6;rport 0D  0A Fr]]
 3(10) DEBUG: <core> [core/parser/parse_fline.c:249]: parse_first_line(): first line type 1 (request) flags 1
 3(10) DEBUG: <core> [core/parser/msg_parser.c:679]: parse_msg(): SIP Request:
 3(10) DEBUG: <core> [core/parser/msg_parser.c:680]: parse_msg():  method:  <REGISTER>
 3(10) DEBUG: <core> [core/parser/msg_parser.c:682]: parse_msg():  uri:     <sip:10.100.0.10>
 3(10) DEBUG: <core> [core/parser/msg_parser.c:684]: parse_msg():  version: <SIP/2.0>
 3(10) DEBUG: <core> [core/parser/parse_hname2.c:301]: parse_sip_header_name(): parsed header name [Via] type 1
 3(10) DEBUG: <core> [core/parser/parse_via.c:1300]: parse_via_param(): Found param type 232, <branch> = <z9hG4bK.mEOXFLVE6>; state=6
 3(10) DEBUG: <core> [core/parser/parse_via.c:1300]: parse_via_param(): Found param type 235, <rport> = <n/a>; state=17
 3(10) DEBUG: <core> [core/parser/parse_via.c:2639]: parse_via(): end of header reached, state=5
 3(10) DEBUG: <core> [core/parser/msg_parser.c:555]: parse_headers(): Via found, flags=2
 3(10) DEBUG: <core> [core/parser/msg_parser.c:557]: parse_headers(): this is the first via
 3(10) DEBUG: <core> [core/parser/parse_hname2.c:301]: parse_sip_header_name(): parsed header name [From] type 4
 3(10) DEBUG: <core> [core/parser/parse_hname2.c:301]: parse_sip_header_name(): parsed header name [To] type 3
 3(10) DEBUG: <core> [core/parser/parse_addr_spec.c:884]: parse_addr_spec(): end of header reached, state=9
 3(10) DEBUG: <core> [core/parser/msg_parser.c:172]: get_hdr_field(): <To> [21]; uri=[sip:ue2@10.100.0.10]
 3(10) DEBUG: <core> [core/parser/msg_parser.c:174]: get_hdr_field(): to body (21)[sip:ue2@10.100.0.10
], to tag (0)[]
 3(10) DEBUG: <core> [core/parser/parse_hname2.c:301]: parse_sip_header_name(): parsed header name [CSeq] type 5
 3(10) DEBUG: <core> [core/parser/msg_parser.c:152]: get_hdr_field(): cseq <CSeq>: <28> <REGISTER>
 3(10) DEBUG: <core> [core/parser/parse_hname2.c:301]: parse_sip_header_name(): parsed header name [Call-ID] type 6
 3(10) DEBUG: <core> [core/receive.c:389]: receive_msg(): --- received sip message - request - call-id: [dsvYoZjw3U] - cseq: [28 REGISTER]
 3(10) DEBUG: <core> [core/receive.c:261]: ksr_evrt_pre_routing(): event route core:pre-routing not defined
 3(10) DEBUG: <core> [core/receive.c:471]: receive_msg(): preparing to run routing scripts...
 3(10) DEBUG: sanity [sanity.c:247]: check_ruri_sip_version(): check_ruri_sip_version entered
 3(10) DEBUG: sanity [sanity.c:270]: check_ruri_sip_version(): check_ruri_sip_version passed
 3(10) DEBUG: sanity [sanity.c:277]: check_ruri_scheme(): check_ruri_scheme entered
 3(10) DEBUG: sanity [sanity.c:297]: check_ruri_scheme(): check_ruri_scheme passed
 3(10) DEBUG: sanity [sanity.c:318]: check_required_headers(): check_required_headers entered
 3(10) DEBUG: <core> [core/parser/parse_hname2.c:301]: parse_sip_header_name(): parsed header name [Max-Forwards] type 8
 3(10) DEBUG: <core> [core/parser/parse_hname2.c:301]: parse_sip_header_name(): parsed header name [Supported] type 17
 3(10) DEBUG: <core> [core/parser/parse_hname2.c:301]: parse_sip_header_name(): parsed header name [Accept] type 23
 3(10) DEBUG: <core> [core/parser/parse_hname2.c:301]: parse_sip_header_name(): parsed header name [Accept] type 23
 3(10) DEBUG: <core> [core/parser/parse_hname2.c:301]: parse_sip_header_name(): parsed header name [Accept] type 23
 3(10) DEBUG: <core> [core/parser/parse_hname2.c:301]: parse_sip_header_name(): parsed header name [Contact] type 7
 3(10) DEBUG: <core> [core/parser/parse_hname2.c:301]: parse_sip_header_name(): parsed header name [Expires] type 14
 3(10) DEBUG: <core> [core/parser/parse_hname2.c:301]: parse_sip_header_name(): parsed header name [User-Agent] type 28
 3(10) DEBUG: <core> [core/parser/msg_parser.c:91]: get_hdr_field(): found end of header
 3(10) DEBUG: sanity [sanity.c:340]: check_required_headers(): check_required_headers passed
 3(10) DEBUG: sanity [sanity.c:506]: check_cseq_method(): check_cseq_method entered
 3(10) DEBUG: sanity [sanity.c:539]: check_cseq_method(): check_cseq_method passed
 3(10) DEBUG: sanity [sanity.c:548]: check_cseq_value(): check_cseq_value entered
 3(10) DEBUG: sanity [sanity.c:576]: check_cseq_value(): check_cseq_value passed
 3(10) DEBUG: sanity [sanity.c:585]: check_cl(): check_cl entered
 3(10) WARNING: sanity [sanity.c:612]: check_cl(): content length header missing in request
 3(10) DEBUG: sanity [sanity.c:622]: check_expires_value(): check_expires_value entered
 3(10) DEBUG: sanity [sanity.c:657]: check_expires_value(): check_expires_value passed
 3(10) DEBUG: sanity [sanity.c:758]: check_parse_uris(): check_parse_uris entered
 3(10) DEBUG: sanity [sanity.c:762]: check_parse_uris(): parsing ruri
 3(10) DEBUG: sanity [sanity.c:776]: check_parse_uris(): looking up From header
 3(10) DEBUG: <core> [core/parser/parse_addr_spec.c:185]: parse_to_param(): add param: tag=AXZuULbt5
 3(10) DEBUG: <core> [core/parser/parse_addr_spec.c:884]: parse_addr_spec(): end of header reached, state=29
 3(10) DEBUG: sanity [sanity.c:791]: check_parse_uris(): looking up To header
 3(10) DEBUG: sanity [sanity.c:838]: check_parse_uris(): check_parse_uris passed
 3(10) DEBUG: sanity [sanity_mod.c:254]: w_sanity_check(): sanity checks result: 1
 3(10) DEBUG: maxfwd [mf_funcs.c:74]: is_maxfwd_present(): value = 70 
 3(10) DEBUG: tm [t_lookup.c:1053]: t_check_msg(): msg (0x72ec244160a0) id=9/10 global id=8/10 T start=(nil)
 3(10) DEBUG: tm [t_lookup.c:497]: t_lookup_request(): start searching: hash=32362, isACK=0
 3(10) DEBUG: tm [t_lookup.c:455]: matching_3261(): RFC3261 transaction matching failed - via branch [z9hG4bK.mEOXFLVE6]
 3(10) DEBUG: tm [t_lookup.c:675]: t_lookup_request(): no transaction found
 3(10) DEBUG: tm [t_lookup.c:1122]: t_check_msg(): msg (0x72ec244160a0) id=9/10 global id=9/10 T end=(nil)
 3(10) DEBUG: siputils [checks.c:120]: has_totag(): no totag
 2(9) DEBUG: <core> [core/udp_server.c:494]: udp_rcv_loop(): received on udp socket: (112/100/512) [[REGISTER sip:10.100.0.10 SIP/2.0 0D  0A Via: SIP/2.0/UDP 10.45.0.2:5080;branch=z9hG4bK.cbydXtbeH;rport 0D  0A Fr]]
 3(10) DEBUG: <core> [core/msg_translator.c:162]: check_via_address(): (10.100.0.2, 10.45.0.3, 0)
 2(9) DEBUG: <core> [core/parser/parse_fline.c:249]: parse_first_line(): first line type 1 (request) flags 1
 3(10) DEBUG: registrar [save.c:324]: pack_ci(): set instance[<urn:uuid:b1ec2359-ddd8-000f-aa02-ab2f9af9fbe2>]
 2(9) DEBUG: <core> [core/parser/msg_parser.c:679]: parse_msg(): SIP Request:
 2(9) DEBUG: <core> [core/parser/msg_parser.c:680]: parse_msg():  method:  <REGISTER>
 3(10) DEBUG: <core> [core/utils/sruid.c:214]: sruid_nextx(): new sruid is [uloc-6a67c949-a-a] (10 / 17)
 3(10) DEBUG: registrar [save.c:421]: pack_ci(): generated ruid is: uloc-6a67c949-a-a
 3(10) DEBUG: <core> [core/utils/sruid.c:214]: sruid_nextx(): new sruid is [uloc-6a67c949-a-b] (11 / 17)
 3(10) DEBUG: registrar [save.c:421]: pack_ci(): generated ruid is: uloc-6a67c949-a-b
 3(10) DEBUG: registrar [reply.c:334]: build_contact(): created Contact HF: Contact: <sip:ue2@10.100.0.2:5080;transport=udp>;expires=60;received="sip:10.100.0.2:5080";+sip.instance="<urn:uuid:b1ec2359-ddd8-000f-aa02-ab2f9af9fbe2>"

 3(10) DEBUG: sl [sl.c:310]: send_reply(): reply in stateless mode (sl)
 3(10) DEBUG: <core> [core/receive.c:126]: sip_check_fline(): first line indicates a SIP reply
 2(9) DEBUG: <core> [core/parser/msg_parser.c:682]: parse_msg():  uri:     <sip:10.100.0.10>
 2(9) DEBUG: <core> [core/parser/msg_parser.c:684]: parse_msg():  version: <SIP/2.0>
 2(9) DEBUG: <core> [core/parser/parse_hname2.c:301]: parse_sip_header_name(): parsed header name [Via] type 1
 2(9) DEBUG: <core> [core/parser/parse_via.c:1300]: parse_via_param(): Found param type 232, <branch> = <z9hG4bK.cbydXtbeH>; state=6
 2(9) DEBUG: <core> [core/parser/parse_via.c:1300]: parse_via_param(): Found param type 235, <rport> = <n/a>; state=17
 2(9) DEBUG: <core> [core/parser/parse_via.c:2639]: parse_via(): end of header reached, state=5
 2(9) DEBUG: <core> [core/parser/msg_parser.c:555]: parse_headers(): Via found, flags=2
 2(9) DEBUG: <core> [core/parser/msg_parser.c:557]: parse_headers(): this is the first via
 2(9) DEBUG: <core> [core/parser/parse_hname2.c:301]: parse_sip_header_name(): parsed header name [From] type 4
 2(9) DEBUG: <core> [core/parser/parse_hname2.c:301]: parse_sip_header_name(): parsed header name [To] type 3
 2(9) DEBUG: <core> [core/parser/parse_addr_spec.c:884]: parse_addr_spec(): end of header reached, state=9
 2(9) DEBUG: <core> [core/parser/msg_parser.c:172]: get_hdr_field(): <To> [21]; uri=[sip:ue1@10.100.0.10]
 3(10) INFO: <script>: REGISTER sip:ue2@10.100.0.10 from 10.100.0.2:5080 saved (contact <sip:ue2@10.100.0.2:5080;transport=udp>;+sip.instance="<urn:uuid:b1ec2359-ddd8-000f-aa02-ab2f9af9fbe2>")
 2(9) DEBUG: <core> [core/parser/msg_parser.c:174]: get_hdr_field(): to body (21)[sip:ue1@10.100.0.10
], to tag (0)[]
 2(9) DEBUG: <core> [core/parser/parse_hname2.c:301]: parse_sip_header_name(): parsed header name [CSeq] type 5
 3(10) DEBUG: <core> [core/receive.c:528]: receive_msg(): request-route executed in: 1369 usec
 2(9) DEBUG: <core> [core/parser/msg_parser.c:152]: get_hdr_field(): cseq <CSeq>: <28> <REGISTER>
 2(9) DEBUG: <core> [core/parser/parse_hname2.c:301]: parse_sip_header_name(): parsed header name [Call-ID] type 6
 3(10) DEBUG: <core> [core/usr_avp.c:637]: destroy_avp_list(): destroying list 0x72ec200ecf70
 3(10) DEBUG: <core> [core/usr_avp.c:637]: destroy_avp_list(): destroying list (nil)
 3(10) DEBUG: <core> [core/usr_avp.c:637]: destroy_avp_list(): destroying list (nil)
 3(10) DEBUG: <core> [core/usr_avp.c:637]: destroy_avp_list(): destroying list (nil)
 3(10) DEBUG: <core> [core/usr_avp.c:637]: destroy_avp_list(): destroying list (nil)
 3(10) DEBUG: <core> [core/usr_avp.c:637]: destroy_avp_list(): destroying list (nil)
 3(10) DEBUG: <core> [core/xavp.c:541]: xavp_destroy_list(): destroying xavp list (nil)
 3(10) DEBUG: <core> [core/xavp.c:541]: xavp_destroy_list(): destroying xavp list (nil)
 3(10) DEBUG: <core> [core/xavp.c:541]: xavp_destroy_list(): destroying xavp list (nil)
 3(10) DEBUG: <core> [core/receive.c:628]: receive_msg(): cleaning up
 2(9) DEBUG: <core> [core/receive.c:389]: receive_msg(): --- received sip message - request - call-id: [0vxMX1n5jC] - cseq: [28 REGISTER]
 2(9) DEBUG: <core> [core/receive.c:261]: ksr_evrt_pre_routing(): event route core:pre-routing not defined
 2(9) DEBUG: <core> [core/receive.c:471]: receive_msg(): preparing to run routing scripts...
 2(9) DEBUG: sanity [sanity.c:247]: check_ruri_sip_version(): check_ruri_sip_version entered
 2(9) DEBUG: sanity [sanity.c:270]: check_ruri_sip_version(): check_ruri_sip_version passed
 2(9) DEBUG: sanity [sanity.c:277]: check_ruri_scheme(): check_ruri_scheme entered
 2(9) DEBUG: sanity [sanity.c:297]: check_ruri_scheme(): check_ruri_scheme passed
 2(9) DEBUG: sanity [sanity.c:318]: check_required_headers(): check_required_headers entered
 2(9) DEBUG: <core> [core/parser/parse_hname2.c:301]: parse_sip_header_name(): parsed header name [Max-Forwards] type 8
 2(9) DEBUG: <core> [core/parser/parse_hname2.c:301]: parse_sip_header_name(): parsed header name [Supported] type 17
 2(9) DEBUG: <core> [core/parser/parse_hname2.c:301]: parse_sip_header_name(): parsed header name [Accept] type 23
 2(9) DEBUG: <core> [core/parser/parse_hname2.c:301]: parse_sip_header_name(): parsed header name [Accept] type 23
 2(9) DEBUG: <core> [core/parser/parse_hname2.c:301]: parse_sip_header_name(): parsed header name [Accept] type 23
 2(9) DEBUG: <core> [core/parser/parse_hname2.c:301]: parse_sip_header_name(): parsed header name [Contact] type 7
 2(9) DEBUG: <core> [core/parser/parse_hname2.c:301]: parse_sip_header_name(): parsed header name [Expires] type 14
 2(9) DEBUG: <core> [core/parser/parse_hname2.c:301]: parse_sip_header_name(): parsed header name [User-Agent] type 28
 2(9) DEBUG: <core> [core/parser/msg_parser.c:91]: get_hdr_field(): found end of header
 2(9) DEBUG: sanity [sanity.c:340]: check_required_headers(): check_required_headers passed
 2(9) DEBUG: sanity [sanity.c:506]: check_cseq_method(): check_cseq_method entered
 2(9) DEBUG: sanity [sanity.c:539]: check_cseq_method(): check_cseq_method passed
 2(9) DEBUG: sanity [sanity.c:548]: check_cseq_value(): check_cseq_value entered
 2(9) DEBUG: sanity [sanity.c:576]: check_cseq_value(): check_cseq_value passed
 2(9) DEBUG: sanity [sanity.c:585]: check_cl(): check_cl entered
 2(9) WARNING: sanity [sanity.c:612]: check_cl(): content length header missing in request
 2(9) DEBUG: sanity [sanity.c:622]: check_expires_value(): check_expires_value entered
 2(9) DEBUG: sanity [sanity.c:657]: check_expires_value(): check_expires_value passed
 2(9) DEBUG: sanity [sanity.c:758]: check_parse_uris(): check_parse_uris entered
 2(9) DEBUG: sanity [sanity.c:762]: check_parse_uris(): parsing ruri
 2(9) DEBUG: sanity [sanity.c:776]: check_parse_uris(): looking up From header
 2(9) DEBUG: <core> [core/parser/parse_addr_spec.c:185]: parse_to_param(): add param: tag=hAwde4SMe
 2(9) DEBUG: <core> [core/parser/parse_addr_spec.c:884]: parse_addr_spec(): end of header reached, state=29
 2(9) DEBUG: sanity [sanity.c:791]: check_parse_uris(): looking up To header
 2(9) DEBUG: sanity [sanity.c:838]: check_parse_uris(): check_parse_uris passed
 2(9) DEBUG: sanity [sanity_mod.c:254]: w_sanity_check(): sanity checks result: 1
 2(9) DEBUG: maxfwd [mf_funcs.c:74]: is_maxfwd_present(): value = 70 
 2(9) DEBUG: tm [t_lookup.c:1053]: t_check_msg(): msg (0x72ec244160a0) id=7/9 global id=6/9 T start=(nil)
 2(9) DEBUG: tm [t_lookup.c:497]: t_lookup_request(): start searching: hash=7018, isACK=0
 2(9) DEBUG: tm [t_lookup.c:455]: matching_3261(): RFC3261 transaction matching failed - via branch [z9hG4bK.cbydXtbeH]
 2(9) DEBUG: tm [t_lookup.c:675]: t_lookup_request(): no transaction found
 2(9) DEBUG: tm [t_lookup.c:1122]: t_check_msg(): msg (0x72ec244160a0) id=7/9 global id=7/9 T end=(nil)
 2(9) DEBUG: siputils [checks.c:120]: has_totag(): no totag
 2(9) DEBUG: registrar [save.c:324]: pack_ci(): set instance[<urn:uuid:0eb0eedb-d3c7-0093-a588-a2ecb233c438>]
 2(9) DEBUG: <core> [core/utils/sruid.c:214]: sruid_nextx(): new sruid is [uloc-6a67c949-9-8] (8 / 17)
 2(9) DEBUG: registrar [save.c:421]: pack_ci(): generated ruid is: uloc-6a67c949-9-8
 2(9) DEBUG: <core> [core/utils/sruid.c:214]: sruid_nextx(): new sruid is [uloc-6a67c949-9-9] (9 / 17)
 2(9) DEBUG: registrar [save.c:421]: pack_ci(): generated ruid is: uloc-6a67c949-9-9
 2(9) DEBUG: registrar [reply.c:334]: build_contact(): created Contact HF: Contact: <sip:ue1@10.100.0.2:64767;transport=udp>;expires=60;received="sip:10.100.0.2:64767";+sip.instance="<urn:uuid:0eb0eedb-d3c7-0093-a588-a2ecb233c438>"

 2(9) DEBUG: sl [sl.c:310]: send_reply(): reply in stateless mode (sl)
 2(9) DEBUG: <core> [core/receive.c:126]: sip_check_fline(): first line indicates a SIP reply
 2(9) INFO: <script>: REGISTER sip:ue1@10.100.0.10 from 10.100.0.2:64767 saved (contact <sip:ue1@10.100.0.2:64767;transport=udp>;+sip.instance="<urn:uuid:0eb0eedb-d3c7-0093-a588-a2ecb233c438>")
 2(9) DEBUG: <core> [core/receive.c:528]: receive_msg(): request-route executed in: 394 usec
 2(9) DEBUG: <core> [core/usr_avp.c:637]: destroy_avp_list(): destroying list 0x72ec200ecf70
 2(9) DEBUG: <core> [core/usr_avp.c:637]: destroy_avp_list(): destroying list (nil)
 2(9) DEBUG: <core> [core/usr_avp.c:637]: destroy_avp_list(): destroying list (nil)
 2(9) DEBUG: <core> [core/usr_avp.c:637]: destroy_avp_list(): destroying list (nil)
 2(9) DEBUG: <core> [core/usr_avp.c:637]: destroy_avp_list(): destroying list (nil)
 2(9) DEBUG: <core> [core/usr_avp.c:637]: destroy_avp_list(): destroying list (nil)
 2(9) DEBUG: <core> [core/xavp.c:541]: xavp_destroy_list(): destroying xavp list (nil)
 2(9) DEBUG: <core> [core/xavp.c:541]: xavp_destroy_list(): destroying xavp list (nil)
 2(9) DEBUG: <core> [core/xavp.c:541]: xavp_destroy_list(): destroying xavp list (nil)
 2(9) DEBUG: <core> [core/receive.c:628]: receive_msg(): cleaning up
 4(11) DEBUG: <core> [core/udp_server.c:517]: udp_rcv_loop(): probing packet received from 10.100.0.2 55315
 1(8) DEBUG: <core> [core/udp_server.c:517]: udp_rcv_loop(): probing packet received from 10.100.0.2 65532
 3(10) DEBUG: <core> [core/udp_server.c:517]: udp_rcv_loop(): probing packet received from 10.100.0.2 55315
 2(9) DEBUG: <core> [core/udp_server.c:517]: udp_rcv_loop(): probing packet received from 10.100.0.2 65532
 4(11) DEBUG: <core> [core/udp_server.c:517]: udp_rcv_loop(): probing packet received from 10.100.0.2 55315
 1(8) DEBUG: <core> [core/udp_server.c:517]: udp_rcv_loop(): probing packet received from 10.100.0.2 65532
 3(10) DEBUG: <core> [core/udp_server.c:517]: udp_rcv_loop(): probing packet received from 10.100.0.2 65532
 2(9) DEBUG: <core> [core/udp_server.c:517]: udp_rcv_loop(): probing packet received from 10.100.0.2 55315
 4(11) DEBUG: <core> [core/udp_server.c:517]: udp_rcv_loop(): probing packet received from 10.100.0.2 55315
 1(8) DEBUG: <core> [core/udp_server.c:517]: udp_rcv_loop(): probing packet received from 10.100.0.2 65532
 3(10) DEBUG: <core> [core/udp_server.c:517]: udp_rcv_loop(): probing packet received from 10.100.0.2 65532
 2(9) DEBUG: <core> [core/udp_server.c:517]: udp_rcv_loop(): probing packet received from 10.100.0.2 55315
 4(11) DEBUG: <core> [core/udp_server.c:494]: udp_rcv_loop(): received on udp socket: (112/100/512) [[REGISTER sip:10.100.0.10 SIP/2.0 0D  0A Via: SIP/2.0/UDP 10.45.0.2:5080;branch=z9hG4bK.QIo5qJIQz;rport 0D  0A Fr]]
 4(11) DEBUG: <core> [core/parser/parse_fline.c:249]: parse_first_line(): first line type 1 (request) flags 1
 4(11) DEBUG: <core> [core/parser/msg_parser.c:679]: parse_msg(): SIP Request:
 4(11) DEBUG: <core> [core/parser/msg_parser.c:680]: parse_msg():  method:  <REGISTER>
 4(11) DEBUG: <core> [core/parser/msg_parser.c:682]: parse_msg():  uri:     <sip:10.100.0.10>
 4(11) DEBUG: <core> [core/parser/msg_parser.c:684]: parse_msg():  version: <SIP/2.0>
 4(11) DEBUG: <core> [core/parser/parse_hname2.c:301]: parse_sip_header_name(): parsed header name [Via] type 1
 4(11) DEBUG: <core> [core/parser/parse_via.c:1300]: parse_via_param(): Found param type 232, <branch> = <z9hG4bK.QIo5qJIQz>; state=6
 4(11) DEBUG: <core> [core/parser/parse_via.c:1300]: parse_via_param(): Found param type 235, <rport> = <n/a>; state=17
 4(11) DEBUG: <core> [core/parser/parse_via.c:2639]: parse_via(): end of header reached, state=5
 4(11) DEBUG: <core> [core/parser/msg_parser.c:555]: parse_headers(): Via found, flags=2
 4(11) DEBUG: <core> [core/parser/msg_parser.c:557]: parse_headers(): this is the first via
 4(11) DEBUG: <core> [core/parser/parse_hname2.c:301]: parse_sip_header_name(): parsed header name [From] type 4
 4(11) DEBUG: <core> [core/parser/parse_hname2.c:301]: parse_sip_header_name(): parsed header name [To] type 3
 4(11) DEBUG: <core> [core/parser/parse_addr_spec.c:884]: parse_addr_spec(): end of header reached, state=9
 4(11) DEBUG: <core> [core/parser/msg_parser.c:172]: get_hdr_field(): <To> [21]; uri=[sip:ue1@10.100.0.10]
 4(11) DEBUG: <core> [core/parser/msg_parser.c:174]: get_hdr_field(): to body (21)[sip:ue1@10.100.0.10
], to tag (0)[]
 4(11) DEBUG: <core> [core/parser/parse_hname2.c:301]: parse_sip_header_name(): parsed header name [CSeq] type 5
 4(11) DEBUG: <core> [core/parser/msg_parser.c:152]: get_hdr_field(): cseq <CSeq>: <29> <REGISTER>
 4(11) DEBUG: <core> [core/parser/parse_hname2.c:301]: parse_sip_header_name(): parsed header name [Call-ID] type 6
 4(11) DEBUG: <core> [core/receive.c:389]: receive_msg(): --- received sip message - request - call-id: [0vxMX1n5jC] - cseq: [29 REGISTER]
 4(11) DEBUG: <core> [core/receive.c:261]: ksr_evrt_pre_routing(): event route core:pre-routing not defined
 4(11) DEBUG: <core> [core/receive.c:471]: receive_msg(): preparing to run routing scripts...
 4(11) DEBUG: sanity [sanity.c:247]: check_ruri_sip_version(): check_ruri_sip_version entered
 4(11) DEBUG: sanity [sanity.c:270]: check_ruri_sip_version(): check_ruri_sip_version passed
 4(11) DEBUG: sanity [sanity.c:277]: check_ruri_scheme(): check_ruri_scheme entered
 4(11) DEBUG: sanity [sanity.c:297]: check_ruri_scheme(): check_ruri_scheme passed
 4(11) DEBUG: sanity [sanity.c:318]: check_required_headers(): check_required_headers entered
 4(11) DEBUG: <core> [core/parser/parse_hname2.c:301]: parse_sip_header_name(): parsed header name [Max-Forwards] type 8
 4(11) DEBUG: <core> [core/parser/parse_hname2.c:301]: parse_sip_header_name(): parsed header name [Supported] type 17
 4(11) DEBUG: <core> [core/parser/parse_hname2.c:301]: parse_sip_header_name(): parsed header name [Accept] type 23
 4(11) DEBUG: <core> [core/parser/parse_hname2.c:301]: parse_sip_header_name(): parsed header name [Accept] type 23
 4(11) DEBUG: <core> [core/parser/parse_hname2.c:301]: parse_sip_header_name(): parsed header name [Accept] type 23
 4(11) DEBUG: <core> [core/parser/parse_hname2.c:301]: parse_sip_header_name(): parsed header name [Contact] type 7
 4(11) DEBUG: <core> [core/parser/parse_hname2.c:301]: parse_sip_header_name(): parsed header name [Expires] type 14
 4(11) DEBUG: <core> [core/parser/parse_hname2.c:301]: parse_sip_header_name(): parsed header name [User-Agent] type 28
 4(11) DEBUG: <core> [core/parser/msg_parser.c:91]: get_hdr_field(): found end of header
 4(11) DEBUG: sanity [sanity.c:340]: check_required_headers(): check_required_headers passed
 4(11) DEBUG: sanity [sanity.c:506]: check_cseq_method(): check_cseq_method entered
 4(11) DEBUG: sanity [sanity.c:539]: check_cseq_method(): check_cseq_method passed
 4(11) DEBUG: sanity [sanity.c:548]: check_cseq_value(): check_cseq_value entered
 4(11) DEBUG: sanity [sanity.c:576]: check_cseq_value(): check_cseq_value passed
 4(11) DEBUG: sanity [sanity.c:585]: check_cl(): check_cl entered
 4(11) WARNING: sanity [sanity.c:612]: check_cl(): content length header missing in request
 4(11) DEBUG: sanity [sanity.c:622]: check_expires_value(): check_expires_value entered
 4(11) DEBUG: sanity [sanity.c:657]: check_expires_value(): check_expires_value passed
 4(11) DEBUG: sanity [sanity.c:758]: check_parse_uris(): check_parse_uris entered
 4(11) DEBUG: sanity [sanity.c:762]: check_parse_uris(): parsing ruri
 4(11) DEBUG: sanity [sanity.c:776]: check_parse_uris(): looking up From header
 4(11) DEBUG: <core> [core/parser/parse_addr_spec.c:185]: parse_to_param(): add param: tag=hAwde4SMe
 4(11) DEBUG: <core> [core/parser/parse_addr_spec.c:884]: parse_addr_spec(): end of header reached, state=29
 4(11) DEBUG: sanity [sanity.c:791]: check_parse_uris(): looking up To header
 4(11) DEBUG: sanity [sanity.c:838]: check_parse_uris(): check_parse_uris passed
 4(11) DEBUG: sanity [sanity_mod.c:254]: w_sanity_check(): sanity checks result: 1
 4(11) DEBUG: maxfwd [mf_funcs.c:74]: is_maxfwd_present(): value = 70 
 4(11) DEBUG: tm [t_lookup.c:1053]: t_check_msg(): msg (0x72ec244160a0) id=10/11 global id=9/11 T start=(nil)
 4(11) DEBUG: tm [t_lookup.c:497]: t_lookup_request(): start searching: hash=7017, isACK=0
 4(11) DEBUG: tm [t_lookup.c:455]: matching_3261(): RFC3261 transaction matching failed - via branch [z9hG4bK.QIo5qJIQz]
 4(11) DEBUG: tm [t_lookup.c:675]: t_lookup_request(): no transaction found
 4(11) DEBUG: tm [t_lookup.c:1122]: t_check_msg(): msg (0x72ec244160a0) id=10/11 global id=10/11 T end=(nil)
 4(11) DEBUG: siputils [checks.c:120]: has_totag(): no totag
 4(11) DEBUG: registrar [save.c:324]: pack_ci(): set instance[<urn:uuid:0eb0eedb-d3c7-0093-a588-a2ecb233c438>]
 4(11) DEBUG: <core> [core/utils/sruid.c:214]: sruid_nextx(): new sruid is [uloc-6a67c949-b-9] (9 / 17)
 4(11) DEBUG: registrar [save.c:421]: pack_ci(): generated ruid is: uloc-6a67c949-b-9
 4(11) DEBUG: <core> [core/utils/sruid.c:214]: sruid_nextx(): new sruid is [uloc-6a67c949-b-a] (10 / 17)
 4(11) DEBUG: registrar [save.c:421]: pack_ci(): generated ruid is: uloc-6a67c949-b-a
 4(11) DEBUG: registrar [reply.c:334]: build_contact(): created Contact HF: Contact: <sip:ue1@10.100.0.2:64767;transport=udp>;expires=60;received="sip:10.100.0.2:64767";+sip.instance="<urn:uuid:0eb0eedb-d3c7-0093-a588-a2ecb233c438>"

 4(11) DEBUG: sl [sl.c:310]: send_reply(): reply in stateless mode (sl)
 1(8) DEBUG: <core> [core/udp_server.c:494]: udp_rcv_loop(): received on udp socket: (112/100/511) [[REGISTER sip:10.100.0.10 SIP/2.0 0D  0A Via: SIP/2.0/UDP 10.45.0.3:5080;branch=z9hG4bK.2512Oz4kz;rport 0D  0A Fr]]
 4(11) DEBUG: <core> [core/receive.c:126]: sip_check_fline(): first line indicates a SIP reply
 4(11) INFO: <script>: REGISTER sip:ue1@10.100.0.10 from 10.100.0.2:64767 saved (contact <sip:ue1@10.100.0.2:64767;transport=udp>;+sip.instance="<urn:uuid:0eb0eedb-d3c7-0093-a588-a2ecb233c438>")
 4(11) DEBUG: <core> [core/receive.c:528]: receive_msg(): request-route executed in: 780 usec
 4(11) DEBUG: <core> [core/usr_avp.c:637]: destroy_avp_list(): destroying list 0x72ec200ecf70
 4(11) DEBUG: <core> [core/usr_avp.c:637]: destroy_avp_list(): destroying list (nil)
 4(11) DEBUG: <core> [core/usr_avp.c:637]: destroy_avp_list(): destroying list (nil)
 4(11) DEBUG: <core> [core/usr_avp.c:637]: destroy_avp_list(): destroying list (nil)
 4(11) DEBUG: <core> [core/usr_avp.c:637]: destroy_avp_list(): destroying list (nil)
 4(11) DEBUG: <core> [core/usr_avp.c:637]: destroy_avp_list(): destroying list (nil)
 4(11) DEBUG: <core> [core/xavp.c:541]: xavp_destroy_list(): destroying xavp list (nil)
 1(8) DEBUG: <core> [core/parser/parse_fline.c:249]: parse_first_line(): first line type 1 (request) flags 1
 4(11) DEBUG: <core> [core/xavp.c:541]: xavp_destroy_list(): destroying xavp list (nil)
 4(11) DEBUG: <core> [core/xavp.c:541]: xavp_destroy_list(): destroying xavp list (nil)
 4(11) DEBUG: <core> [core/receive.c:628]: receive_msg(): cleaning up
 1(8) DEBUG: <core> [core/parser/msg_parser.c:679]: parse_msg(): SIP Request:
 1(8) DEBUG: <core> [core/parser/msg_parser.c:680]: parse_msg():  method:  <REGISTER>
 1(8) DEBUG: <core> [core/parser/msg_parser.c:682]: parse_msg():  uri:     <sip:10.100.0.10>
 1(8) DEBUG: <core> [core/parser/msg_parser.c:684]: parse_msg():  version: <SIP/2.0>
 1(8) DEBUG: <core> [core/parser/parse_hname2.c:301]: parse_sip_header_name(): parsed header name [Via] type 1
 1(8) DEBUG: <core> [core/parser/parse_via.c:1300]: parse_via_param(): Found param type 232, <branch> = <z9hG4bK.2512Oz4kz>; state=6
 1(8) DEBUG: <core> [core/parser/parse_via.c:1300]: parse_via_param(): Found param type 235, <rport> = <n/a>; state=17
 1(8) DEBUG: <core> [core/parser/parse_via.c:2639]: parse_via(): end of header reached, state=5
 1(8) DEBUG: <core> [core/parser/msg_parser.c:555]: parse_headers(): Via found, flags=2
 1(8) DEBUG: <core> [core/parser/msg_parser.c:557]: parse_headers(): this is the first via
 1(8) DEBUG: <core> [core/parser/parse_hname2.c:301]: parse_sip_header_name(): parsed header name [From] type 4
 1(8) DEBUG: <core> [core/parser/parse_hname2.c:301]: parse_sip_header_name(): parsed header name [To] type 3
 1(8) DEBUG: <core> [core/parser/parse_addr_spec.c:884]: parse_addr_spec(): end of header reached, state=9
 1(8) DEBUG: <core> [core/parser/msg_parser.c:172]: get_hdr_field(): <To> [21]; uri=[sip:ue2@10.100.0.10]
 1(8) DEBUG: <core> [core/parser/msg_parser.c:174]: get_hdr_field(): to body (21)[sip:ue2@10.100.0.10
], to tag (0)[]
 1(8) DEBUG: <core> [core/parser/parse_hname2.c:301]: parse_sip_header_name(): parsed header name [CSeq] type 5
 1(8) DEBUG: <core> [core/parser/msg_parser.c:152]: get_hdr_field(): cseq <CSeq>: <29> <REGISTER>
 1(8) DEBUG: <core> [core/parser/parse_hname2.c:301]: parse_sip_header_name(): parsed header name [Call-ID] type 6
 1(8) DEBUG: <core> [core/receive.c:389]: receive_msg(): --- received sip message - request - call-id: [dsvYoZjw3U] - cseq: [29 REGISTER]
 1(8) DEBUG: <core> [core/receive.c:261]: ksr_evrt_pre_routing(): event route core:pre-routing not defined
 1(8) DEBUG: <core> [core/receive.c:471]: receive_msg(): preparing to run routing scripts...
 1(8) DEBUG: sanity [sanity.c:247]: check_ruri_sip_version(): check_ruri_sip_version entered
 1(8) DEBUG: sanity [sanity.c:270]: check_ruri_sip_version(): check_ruri_sip_version passed
 1(8) DEBUG: sanity [sanity.c:277]: check_ruri_scheme(): check_ruri_scheme entered
 1(8) DEBUG: sanity [sanity.c:297]: check_ruri_scheme(): check_ruri_scheme passed
 1(8) DEBUG: sanity [sanity.c:318]: check_required_headers(): check_required_headers entered
 1(8) DEBUG: <core> [core/parser/parse_hname2.c:301]: parse_sip_header_name(): parsed header name [Max-Forwards] type 8
 1(8) DEBUG: <core> [core/parser/parse_hname2.c:301]: parse_sip_header_name(): parsed header name [Supported] type 17
 1(8) DEBUG: <core> [core/parser/parse_hname2.c:301]: parse_sip_header_name(): parsed header name [Accept] type 23
 1(8) DEBUG: <core> [core/parser/parse_hname2.c:301]: parse_sip_header_name(): parsed header name [Accept] type 23
 1(8) DEBUG: <core> [core/parser/parse_hname2.c:301]: parse_sip_header_name(): parsed header name [Accept] type 23
 1(8) DEBUG: <core> [core/parser/parse_hname2.c:301]: parse_sip_header_name(): parsed header name [Contact] type 7
 1(8) DEBUG: <core> [core/parser/parse_hname2.c:301]: parse_sip_header_name(): parsed header name [Expires] type 14
 1(8) DEBUG: <core> [core/parser/parse_hname2.c:301]: parse_sip_header_name(): parsed header name [User-Agent] type 28
 1(8) DEBUG: <core> [core/parser/msg_parser.c:91]: get_hdr_field(): found end of header
 1(8) DEBUG: sanity [sanity.c:340]: check_required_headers(): check_required_headers passed
 1(8) DEBUG: sanity [sanity.c:506]: check_cseq_method(): check_cseq_method entered
 1(8) DEBUG: sanity [sanity.c:539]: check_cseq_method(): check_cseq_method passed
 1(8) DEBUG: sanity [sanity.c:548]: check_cseq_value(): check_cseq_value entered
 1(8) DEBUG: sanity [sanity.c:576]: check_cseq_value(): check_cseq_value passed
 1(8) DEBUG: sanity [sanity.c:585]: check_cl(): check_cl entered
 1(8) WARNING: sanity [sanity.c:612]: check_cl(): content length header missing in request
 1(8) DEBUG: sanity [sanity.c:622]: check_expires_value(): check_expires_value entered
 1(8) DEBUG: sanity [sanity.c:657]: check_expires_value(): check_expires_value passed
 1(8) DEBUG: sanity [sanity.c:758]: check_parse_uris(): check_parse_uris entered
 1(8) DEBUG: sanity [sanity.c:762]: check_parse_uris(): parsing ruri
 1(8) DEBUG: sanity [sanity.c:776]: check_parse_uris(): looking up From header
 1(8) DEBUG: <core> [core/parser/parse_addr_spec.c:185]: parse_to_param(): add param: tag=AXZuULbt5
 1(8) DEBUG: <core> [core/parser/parse_addr_spec.c:884]: parse_addr_spec(): end of header reached, state=29
 1(8) DEBUG: sanity [sanity.c:791]: check_parse_uris(): looking up To header
 1(8) DEBUG: sanity [sanity.c:838]: check_parse_uris(): check_parse_uris passed
 1(8) DEBUG: sanity [sanity_mod.c:254]: w_sanity_check(): sanity checks result: 1
 1(8) DEBUG: maxfwd [mf_funcs.c:74]: is_maxfwd_present(): value = 70 
 1(8) DEBUG: tm [t_lookup.c:1053]: t_check_msg(): msg (0x72ec244160a0) id=8/8 global id=7/8 T start=(nil)
 1(8) DEBUG: tm [t_lookup.c:497]: t_lookup_request(): start searching: hash=32361, isACK=0
 1(8) DEBUG: tm [t_lookup.c:455]: matching_3261(): RFC3261 transaction matching failed - via branch [z9hG4bK.2512Oz4kz]
 1(8) DEBUG: tm [t_lookup.c:675]: t_lookup_request(): no transaction found
 1(8) DEBUG: tm [t_lookup.c:1122]: t_check_msg(): msg (0x72ec244160a0) id=8/8 global id=8/8 T end=(nil)
 1(8) DEBUG: siputils [checks.c:120]: has_totag(): no totag
 1(8) DEBUG: <core> [core/msg_translator.c:162]: check_via_address(): (10.100.0.2, 10.45.0.3, 0)
 1(8) DEBUG: registrar [save.c:324]: pack_ci(): set instance[<urn:uuid:b1ec2359-ddd8-000f-aa02-ab2f9af9fbe2>]
 1(8) DEBUG: <core> [core/utils/sruid.c:214]: sruid_nextx(): new sruid is [uloc-6a67c949-8-7] (7 / 17)
 1(8) DEBUG: registrar [save.c:421]: pack_ci(): generated ruid is: uloc-6a67c949-8-7
 1(8) DEBUG: <core> [core/utils/sruid.c:214]: sruid_nextx(): new sruid is [uloc-6a67c949-8-8] (8 / 17)
 1(8) DEBUG: registrar [save.c:421]: pack_ci(): generated ruid is: uloc-6a67c949-8-8
 1(8) DEBUG: registrar [reply.c:334]: build_contact(): created Contact HF: Contact: <sip:ue2@10.100.0.2:5080;transport=udp>;expires=60;received="sip:10.100.0.2:5080";+sip.instance="<urn:uuid:b1ec2359-ddd8-000f-aa02-ab2f9af9fbe2>"

 1(8) DEBUG: sl [sl.c:310]: send_reply(): reply in stateless mode (sl)
 1(8) DEBUG: <core> [core/receive.c:126]: sip_check_fline(): first line indicates a SIP reply
 1(8) INFO: <script>: REGISTER sip:ue2@10.100.0.10 from 10.100.0.2:5080 saved (contact <sip:ue2@10.100.0.2:5080;transport=udp>;+sip.instance="<urn:uuid:b1ec2359-ddd8-000f-aa02-ab2f9af9fbe2>")
 1(8) DEBUG: <core> [core/receive.c:528]: receive_msg(): request-route executed in: 1328 usec
 1(8) DEBUG: <core> [core/usr_avp.c:637]: destroy_avp_list(): destroying list 0x72ec200ecf70
 1(8) DEBUG: <core> [core/usr_avp.c:637]: destroy_avp_list(): destroying list (nil)
 1(8) DEBUG: <core> [core/usr_avp.c:637]: destroy_avp_list(): destroying list (nil)
 1(8) DEBUG: <core> [core/usr_avp.c:637]: destroy_avp_list(): destroying list (nil)
 1(8) DEBUG: <core> [core/usr_avp.c:637]: destroy_avp_list(): destroying list (nil)
 1(8) DEBUG: <core> [core/usr_avp.c:637]: destroy_avp_list(): destroying list (nil)
 1(8) DEBUG: <core> [core/xavp.c:541]: xavp_destroy_list(): destroying xavp list (nil)
 1(8) DEBUG: <core> [core/xavp.c:541]: xavp_destroy_list(): destroying xavp list (nil)
 1(8) DEBUG: <core> [core/xavp.c:541]: xavp_destroy_list(): destroying xavp list (nil)
 1(8) DEBUG: <core> [core/receive.c:628]: receive_msg(): cleaning up
 3(10) DEBUG: <core> [core/udp_server.c:517]: udp_rcv_loop(): probing packet received from 10.100.0.2 55315
 2(9) DEBUG: <core> [core/udp_server.c:517]: udp_rcv_loop(): probing packet received from 10.100.0.2 65532
 4(11) DEBUG: <core> [core/udp_server.c:517]: udp_rcv_loop(): probing packet received from 10.100.0.2 55315
 1(8) DEBUG: <core> [core/udp_server.c:517]: udp_rcv_loop(): probing packet received from 10.100.0.2 65532
 3(10) DEBUG: <core> [core/udp_server.c:517]: udp_rcv_loop(): probing packet received from 10.100.0.2 65532
 2(9) DEBUG: <core> [core/udp_server.c:517]: udp_rcv_loop(): probing packet received from 10.100.0.2 55315
 4(11) DEBUG: <core> [core/udp_server.c:517]: udp_rcv_loop(): probing packet received from 10.100.0.2 55315
 1(8) DEBUG: <core> [core/udp_server.c:517]: udp_rcv_loop(): probing packet received from 10.100.0.2 65532
 3(10) DEBUG: <core> [core/udp_server.c:517]: udp_rcv_loop(): probing packet received from 10.100.0.2 55315
 2(9) DEBUG: <core> [core/udp_server.c:517]: udp_rcv_loop(): probing packet received from 10.100.0.2 65532
 4(11) DEBUG: <core> [core/udp_server.c:494]: udp_rcv_loop(): received on udp socket: (112/100/512) [[REGISTER sip:10.100.0.10 SIP/2.0 0D  0A Via: SIP/2.0/UDP 10.45.0.2:5080;branch=z9hG4bK.8ElreTh4d;rport 0D  0A Fr]]
 4(11) DEBUG: <core> [core/parser/parse_fline.c:249]: parse_first_line(): first line type 1 (request) flags 1
 4(11) DEBUG: <core> [core/parser/msg_parser.c:679]: parse_msg(): SIP Request:
 4(11) DEBUG: <core> [core/parser/msg_parser.c:680]: parse_msg():  method:  <REGISTER>
 4(11) DEBUG: <core> [core/parser/msg_parser.c:682]: parse_msg():  uri:     <sip:10.100.0.10>
 4(11) DEBUG: <core> [core/parser/msg_parser.c:684]: parse_msg():  version: <SIP/2.0>
 4(11) DEBUG: <core> [core/parser/parse_hname2.c:301]: parse_sip_header_name(): parsed header name [Via] type 1
 4(11) DEBUG: <core> [core/parser/parse_via.c:1300]: parse_via_param(): Found param type 232, <branch> = <z9hG4bK.8ElreTh4d>; state=6
 4(11) DEBUG: <core> [core/parser/parse_via.c:1300]: parse_via_param(): Found param type 235, <rport> = <n/a>; state=17
 4(11) DEBUG: <core> [core/parser/parse_via.c:2639]: parse_via(): end of header reached, state=5
 4(11) DEBUG: <core> [core/parser/msg_parser.c:555]: parse_headers(): Via found, flags=2
 4(11) DEBUG: <core> [core/parser/msg_parser.c:557]: parse_headers(): this is the first via
 4(11) DEBUG: <core> [core/parser/parse_hname2.c:301]: parse_sip_header_name(): parsed header name [From] type 4
 4(11) DEBUG: <core> [core/parser/parse_hname2.c:301]: parse_sip_header_name(): parsed header name [To] type 3
 4(11) DEBUG: <core> [core/parser/parse_addr_spec.c:884]: parse_addr_spec(): end of header reached, state=9
 4(11) DEBUG: <core> [core/parser/msg_parser.c:172]: get_hdr_field(): <To> [21]; uri=[sip:ue1@10.100.0.10]
 4(11) DEBUG: <core> [core/parser/msg_parser.c:174]: get_hdr_field(): to body (21)[sip:ue1@10.100.0.10
], to tag (0)[]
 4(11) DEBUG: <core> [core/parser/parse_hname2.c:301]: parse_sip_header_name(): parsed header name [CSeq] type 5
 4(11) DEBUG: <core> [core/parser/msg_parser.c:152]: get_hdr_field(): cseq <CSeq>: <30> <REGISTER>
 4(11) DEBUG: <core> [core/parser/parse_hname2.c:301]: parse_sip_header_name(): parsed header name [Call-ID] type 6
 4(11) DEBUG: <core> [core/receive.c:389]: receive_msg(): --- received sip message - request - call-id: [0vxMX1n5jC] - cseq: [30 REGISTER]
 4(11) DEBUG: <core> [core/receive.c:261]: ksr_evrt_pre_routing(): event route core:pre-routing not defined
 4(11) DEBUG: <core> [core/receive.c:471]: receive_msg(): preparing to run routing scripts...
 4(11) DEBUG: sanity [sanity.c:247]: check_ruri_sip_version(): check_ruri_sip_version entered
 4(11) DEBUG: sanity [sanity.c:270]: check_ruri_sip_version(): check_ruri_sip_version passed
 4(11) DEBUG: sanity [sanity.c:277]: check_ruri_scheme(): check_ruri_scheme entered
 4(11) DEBUG: sanity [sanity.c:297]: check_ruri_scheme(): check_ruri_scheme passed
 4(11) DEBUG: sanity [sanity.c:318]: check_required_headers(): check_required_headers entered
 4(11) DEBUG: <core> [core/parser/parse_hname2.c:301]: parse_sip_header_name(): parsed header name [Max-Forwards] type 8
 4(11) DEBUG: <core> [core/parser/parse_hname2.c:301]: parse_sip_header_name(): parsed header name [Supported] type 17
 4(11) DEBUG: <core> [core/parser/parse_hname2.c:301]: parse_sip_header_name(): parsed header name [Accept] type 23
 4(11) DEBUG: <core> [core/parser/parse_hname2.c:301]: parse_sip_header_name(): parsed header name [Accept] type 23
 4(11) DEBUG: <core> [core/parser/parse_hname2.c:301]: parse_sip_header_name(): parsed header name [Accept] type 23
 4(11) DEBUG: <core> [core/parser/parse_hname2.c:301]: parse_sip_header_name(): parsed header name [Contact] type 7
 4(11) DEBUG: <core> [core/parser/parse_hname2.c:301]: parse_sip_header_name(): parsed header name [Expires] type 14
 4(11) DEBUG: <core> [core/parser/parse_hname2.c:301]: parse_sip_header_name(): parsed header name [User-Agent] type 28
 4(11) DEBUG: <core> [core/parser/msg_parser.c:91]: get_hdr_field(): found end of header
 4(11) DEBUG: sanity [sanity.c:340]: check_required_headers(): check_required_headers passed
 4(11) DEBUG: sanity [sanity.c:506]: check_cseq_method(): check_cseq_method entered
 4(11) DEBUG: sanity [sanity.c:539]: check_cseq_method(): check_cseq_method passed
 4(11) DEBUG: sanity [sanity.c:548]: check_cseq_value(): check_cseq_value entered
 4(11) DEBUG: sanity [sanity.c:576]: check_cseq_value(): check_cseq_value passed
 4(11) DEBUG: sanity [sanity.c:585]: check_cl(): check_cl entered
 4(11) WARNING: sanity [sanity.c:612]: check_cl(): content length header missing in request
 4(11) DEBUG: sanity [sanity.c:622]: check_expires_value(): check_expires_value entered
 4(11) DEBUG: sanity [sanity.c:657]: check_expires_value(): check_expires_value passed
 4(11) DEBUG: sanity [sanity.c:758]: check_parse_uris(): check_parse_uris entered
 4(11) DEBUG: sanity [sanity.c:762]: check_parse_uris(): parsing ruri
 4(11) DEBUG: sanity [sanity.c:776]: check_parse_uris(): looking up From header
 4(11) DEBUG: <core> [core/parser/parse_addr_spec.c:185]: parse_to_param(): add param: tag=hAwde4SMe
 4(11) DEBUG: <core> [core/parser/parse_addr_spec.c:884]: parse_addr_spec(): end of header reached, state=29
 4(11) DEBUG: sanity [sanity.c:791]: check_parse_uris(): looking up To header
 1(8) DEBUG: <core> [core/udp_server.c:494]: udp_rcv_loop(): received on udp socket: (112/100/511) [[REGISTER sip:10.100.0.10 SIP/2.0 0D  0A Via: SIP/2.0/UDP 10.45.0.3:5080;branch=z9hG4bK.Lu2NXKQ2U;rport 0D  0A Fr]]
 4(11) DEBUG: sanity [sanity.c:838]: check_parse_uris(): check_parse_uris passed
 4(11) DEBUG: sanity [sanity_mod.c:254]: w_sanity_check(): sanity checks result: 1
 4(11) DEBUG: maxfwd [mf_funcs.c:74]: is_maxfwd_present(): value = 70 
 4(11) DEBUG: tm [t_lookup.c:1053]: t_check_msg(): msg (0x72ec244160a0) id=11/11 global id=10/11 T start=(nil)
 1(8) DEBUG: <core> [core/parser/parse_fline.c:249]: parse_first_line(): first line type 1 (request) flags 1
 4(11) DEBUG: tm [t_lookup.c:497]: t_lookup_request(): start searching: hash=7233, isACK=0
 1(8) DEBUG: <core> [core/parser/msg_parser.c:679]: parse_msg(): SIP Request:
 1(8) DEBUG: <core> [core/parser/msg_parser.c:680]: parse_msg():  method:  <REGISTER>
 4(11) DEBUG: tm [t_lookup.c:455]: matching_3261(): RFC3261 transaction matching failed - via branch [z9hG4bK.8ElreTh4d]
 1(8) DEBUG: <core> [core/parser/msg_parser.c:682]: parse_msg():  uri:     <sip:10.100.0.10>
 4(11) DEBUG: tm [t_lookup.c:675]: t_lookup_request(): no transaction found
 1(8) DEBUG: <core> [core/parser/msg_parser.c:684]: parse_msg():  version: <SIP/2.0>
 4(11) DEBUG: tm [t_lookup.c:1122]: t_check_msg(): msg (0x72ec244160a0) id=11/11 global id=11/11 T end=(nil)
 1(8) DEBUG: <core> [core/parser/parse_hname2.c:301]: parse_sip_header_name(): parsed header name [Via] type 1
 4(11) DEBUG: siputils [checks.c:120]: has_totag(): no totag
 1(8) DEBUG: <core> [core/parser/parse_via.c:1300]: parse_via_param(): Found param type 232, <branch> = <z9hG4bK.Lu2NXKQ2U>; state=6
 1(8) DEBUG: <core> [core/parser/parse_via.c:1300]: parse_via_param(): Found param type 235, <rport> = <n/a>; state=17
 1(8) DEBUG: <core> [core/parser/parse_via.c:2639]: parse_via(): end of header reached, state=5
 1(8) DEBUG: <core> [core/parser/msg_parser.c:555]: parse_headers(): Via found, flags=2
 4(11) DEBUG: registrar [save.c:324]: pack_ci(): set instance[<urn:uuid:0eb0eedb-d3c7-0093-a588-a2ecb233c438>]
 4(11) DEBUG: <core> [core/utils/sruid.c:214]: sruid_nextx(): new sruid is [uloc-6a67c949-b-b] (11 / 17)
 4(11) DEBUG: registrar [save.c:421]: pack_ci(): generated ruid is: uloc-6a67c949-b-b
 4(11) DEBUG: <core> [core/utils/sruid.c:214]: sruid_nextx(): new sruid is [uloc-6a67c949-b-c] (12 / 17)
 4(11) DEBUG: registrar [save.c:421]: pack_ci(): generated ruid is: uloc-6a67c949-b-c
 4(11) DEBUG: registrar [reply.c:334]: build_contact(): created Contact HF: Contact: <sip:ue1@10.100.0.2:64767;transport=udp>;expires=60;received="sip:10.100.0.2:64767";+sip.instance="<urn:uuid:0eb0eedb-d3c7-0093-a588-a2ecb233c438>"

 1(8) DEBUG: <core> [core/parser/msg_parser.c:557]: parse_headers(): this is the first via
 1(8) DEBUG: <core> [core/parser/parse_hname2.c:301]: parse_sip_header_name(): parsed header name [From] type 4
 1(8) DEBUG: <core> [core/parser/parse_hname2.c:301]: parse_sip_header_name(): parsed header name [To] type 3
 1(8) DEBUG: <core> [core/parser/parse_addr_spec.c:884]: parse_addr_spec(): end of header reached, state=9
 1(8) DEBUG: <core> [core/parser/msg_parser.c:172]: get_hdr_field(): <To> [21]; uri=[sip:ue2@10.100.0.10]
 1(8) DEBUG: <core> [core/parser/msg_parser.c:174]: get_hdr_field(): to body (21)[sip:ue2@10.100.0.10
], to tag (0)[]
 4(11) DEBUG: sl [sl.c:310]: send_reply(): reply in stateless mode (sl)
 1(8) DEBUG: <core> [core/parser/parse_hname2.c:301]: parse_sip_header_name(): parsed header name [CSeq] type 5
 1(8) DEBUG: <core> [core/parser/msg_parser.c:152]: get_hdr_field(): cseq <CSeq>: <30> <REGISTER>
 1(8) DEBUG: <core> [core/parser/parse_hname2.c:301]: parse_sip_header_name(): parsed header name [Call-ID] type 6
 1(8) DEBUG: <core> [core/receive.c:389]: receive_msg(): --- received sip message - request - call-id: [dsvYoZjw3U] - cseq: [30 REGISTER]
 1(8) DEBUG: <core> [core/receive.c:261]: ksr_evrt_pre_routing(): event route core:pre-routing not defined
 4(11) DEBUG: <core> [core/receive.c:126]: sip_check_fline(): first line indicates a SIP reply
 1(8) DEBUG: <core> [core/receive.c:471]: receive_msg(): preparing to run routing scripts...
 1(8) DEBUG: sanity [sanity.c:247]: check_ruri_sip_version(): check_ruri_sip_version entered
 1(8) DEBUG: sanity [sanity.c:270]: check_ruri_sip_version(): check_ruri_sip_version passed
 1(8) DEBUG: sanity [sanity.c:277]: check_ruri_scheme(): check_ruri_scheme entered
 1(8) DEBUG: sanity [sanity.c:297]: check_ruri_scheme(): check_ruri_scheme passed
 1(8) DEBUG: sanity [sanity.c:318]: check_required_headers(): check_required_headers entered
 1(8) DEBUG: <core> [core/parser/parse_hname2.c:301]: parse_sip_header_name(): parsed header name [Max-Forwards] type 8
 1(8) DEBUG: <core> [core/parser/parse_hname2.c:301]: parse_sip_header_name(): parsed header name [Supported] type 17
 1(8) DEBUG: <core> [core/parser/parse_hname2.c:301]: parse_sip_header_name(): parsed header name [Accept] type 23
 1(8) DEBUG: <core> [core/parser/parse_hname2.c:301]: parse_sip_header_name(): parsed header name [Accept] type 23
 1(8) DEBUG: <core> [core/parser/parse_hname2.c:301]: parse_sip_header_name(): parsed header name [Accept] type 23
 1(8) DEBUG: <core> [core/parser/parse_hname2.c:301]: parse_sip_header_name(): parsed header name [Contact] type 7
 1(8) DEBUG: <core> [core/parser/parse_hname2.c:301]: parse_sip_header_name(): parsed header name [Expires] type 14
 1(8) DEBUG: <core> [core/parser/parse_hname2.c:301]: parse_sip_header_name(): parsed header name [User-Agent] type 28
 1(8) DEBUG: <core> [core/parser/msg_parser.c:91]: get_hdr_field(): found end of header
 1(8) DEBUG: sanity [sanity.c:340]: check_required_headers(): check_required_headers passed
 1(8) DEBUG: sanity [sanity.c:506]: check_cseq_method(): check_cseq_method entered
 1(8) DEBUG: sanity [sanity.c:539]: check_cseq_method(): check_cseq_method passed
 1(8) DEBUG: sanity [sanity.c:548]: check_cseq_value(): check_cseq_value entered
 1(8) DEBUG: sanity [sanity.c:576]: check_cseq_value(): check_cseq_value passed
 1(8) DEBUG: sanity [sanity.c:585]: check_cl(): check_cl entered
 1(8) WARNING: sanity [sanity.c:612]: check_cl(): content length header missing in request
 4(11) INFO: <script>: REGISTER sip:ue1@10.100.0.10 from 10.100.0.2:64767 saved (contact <sip:ue1@10.100.0.2:64767;transport=udp>;+sip.instance="<urn:uuid:0eb0eedb-d3c7-0093-a588-a2ecb233c438>")
 1(8) DEBUG: sanity [sanity.c:622]: check_expires_value(): check_expires_value entered
 4(11) DEBUG: <core> [core/receive.c:528]: receive_msg(): request-route executed in: 692 usec
 1(8) DEBUG: sanity [sanity.c:657]: check_expires_value(): check_expires_value passed
 1(8) DEBUG: sanity [sanity.c:758]: check_parse_uris(): check_parse_uris entered
 1(8) DEBUG: sanity [sanity.c:762]: check_parse_uris(): parsing ruri
 1(8) DEBUG: sanity [sanity.c:776]: check_parse_uris(): looking up From header
 1(8) DEBUG: <core> [core/parser/parse_addr_spec.c:185]: parse_to_param(): add param: tag=AXZuULbt5
 1(8) DEBUG: <core> [core/parser/parse_addr_spec.c:884]: parse_addr_spec(): end of header reached, state=29
 4(11) DEBUG: <core> [core/usr_avp.c:637]: destroy_avp_list(): destroying list 0x72ec200ecf70
 4(11) DEBUG: <core> [core/usr_avp.c:637]: destroy_avp_list(): destroying list (nil)
 4(11) DEBUG: <core> [core/usr_avp.c:637]: destroy_avp_list(): destroying list (nil)
 4(11) DEBUG: <core> [core/usr_avp.c:637]: destroy_avp_list(): destroying list (nil)
 4(11) DEBUG: <core> [core/usr_avp.c:637]: destroy_avp_list(): destroying list (nil)
 4(11) DEBUG: <core> [core/usr_avp.c:637]: destroy_avp_list(): destroying list (nil)
 4(11) DEBUG: <core> [core/xavp.c:541]: xavp_destroy_list(): destroying xavp list (nil)
 4(11) DEBUG: <core> [core/xavp.c:541]: xavp_destroy_list(): destroying xavp list (nil)
 4(11) DEBUG: <core> [core/xavp.c:541]: xavp_destroy_list(): destroying xavp list (nil)
 4(11) DEBUG: <core> [core/receive.c:628]: receive_msg(): cleaning up
 1(8) DEBUG: sanity [sanity.c:791]: check_parse_uris(): looking up To header
 1(8) DEBUG: sanity [sanity.c:838]: check_parse_uris(): check_parse_uris passed
 1(8) DEBUG: sanity [sanity_mod.c:254]: w_sanity_check(): sanity checks result: 1
 1(8) DEBUG: maxfwd [mf_funcs.c:74]: is_maxfwd_present(): value = 70 
 1(8) DEBUG: tm [t_lookup.c:1053]: t_check_msg(): msg (0x72ec244160a0) id=9/8 global id=8/8 T start=(nil)
 1(8) DEBUG: tm [t_lookup.c:497]: t_lookup_request(): start searching: hash=32577, isACK=0
 1(8) DEBUG: tm [t_lookup.c:455]: matching_3261(): RFC3261 transaction matching failed - via branch [z9hG4bK.Lu2NXKQ2U]
 1(8) DEBUG: tm [t_lookup.c:675]: t_lookup_request(): no transaction found
 1(8) DEBUG: tm [t_lookup.c:1122]: t_check_msg(): msg (0x72ec244160a0) id=9/8 global id=9/8 T end=(nil)
 1(8) DEBUG: siputils [checks.c:120]: has_totag(): no totag
 1(8) DEBUG: <core> [core/msg_translator.c:162]: check_via_address(): (10.100.0.2, 10.45.0.3, 0)
 1(8) DEBUG: registrar [save.c:324]: pack_ci(): set instance[<urn:uuid:b1ec2359-ddd8-000f-aa02-ab2f9af9fbe2>]
 1(8) DEBUG: <core> [core/utils/sruid.c:214]: sruid_nextx(): new sruid is [uloc-6a67c949-8-9] (9 / 17)
 1(8) DEBUG: registrar [save.c:421]: pack_ci(): generated ruid is: uloc-6a67c949-8-9
 1(8) DEBUG: <core> [core/utils/sruid.c:214]: sruid_nextx(): new sruid is [uloc-6a67c949-8-a] (10 / 17)
 1(8) DEBUG: registrar [save.c:421]: pack_ci(): generated ruid is: uloc-6a67c949-8-a
 1(8) DEBUG: registrar [reply.c:334]: build_contact(): created Contact HF: Contact: <sip:ue2@10.100.0.2:5080;transport=udp>;expires=60;received="sip:10.100.0.2:5080";+sip.instance="<urn:uuid:b1ec2359-ddd8-000f-aa02-ab2f9af9fbe2>"

 1(8) DEBUG: sl [sl.c:310]: send_reply(): reply in stateless mode (sl)
 1(8) DEBUG: <core> [core/receive.c:126]: sip_check_fline(): first line indicates a SIP reply
 1(8) INFO: <script>: REGISTER sip:ue2@10.100.0.10 from 10.100.0.2:5080 saved (contact <sip:ue2@10.100.0.2:5080;transport=udp>;+sip.instance="<urn:uuid:b1ec2359-ddd8-000f-aa02-ab2f9af9fbe2>")
 1(8) DEBUG: <core> [core/receive.c:528]: receive_msg(): request-route executed in: 1233 usec
 1(8) DEBUG: <core> [core/usr_avp.c:637]: destroy_avp_list(): destroying list 0x72ec200ecf70
 1(8) DEBUG: <core> [core/usr_avp.c:637]: destroy_avp_list(): destroying list (nil)
 1(8) DEBUG: <core> [core/usr_avp.c:637]: destroy_avp_list(): destroying list (nil)
 1(8) DEBUG: <core> [core/usr_avp.c:637]: destroy_avp_list(): destroying list (nil)
 1(8) DEBUG: <core> [core/usr_avp.c:637]: destroy_avp_list(): destroying list (nil)
 1(8) DEBUG: <core> [core/usr_avp.c:637]: destroy_avp_list(): destroying list (nil)
 1(8) DEBUG: <core> [core/xavp.c:541]: xavp_destroy_list(): destroying xavp list (nil)
 1(8) DEBUG: <core> [core/xavp.c:541]: xavp_destroy_list(): destroying xavp list (nil)
 1(8) DEBUG: <core> [core/xavp.c:541]: xavp_destroy_list(): destroying xavp list (nil)
 1(8) DEBUG: <core> [core/receive.c:628]: receive_msg(): cleaning up
 2(9) DEBUG: <core> [core/udp_server.c:517]: udp_rcv_loop(): probing packet received from 10.100.0.2 55315
 3(10) DEBUG: <core> [core/udp_server.c:517]: udp_rcv_loop(): probing packet received from 10.100.0.2 65532
 4(11) DEBUG: <core> [core/udp_server.c:517]: udp_rcv_loop(): probing packet received from 10.100.0.2 55315
 1(8) DEBUG: <core> [core/udp_server.c:517]: udp_rcv_loop(): probing packet received from 10.100.0.2 65532
 2(9) DEBUG: <core> [core/udp_server.c:517]: udp_rcv_loop(): probing packet received from 10.100.0.2 65532
 3(10) DEBUG: <core> [core/udp_server.c:517]: udp_rcv_loop(): probing packet received from 10.100.0.2 55315
 4(11) DEBUG: <core> [core/udp_server.c:517]: udp_rcv_loop(): probing packet received from 10.100.0.2 55315
 1(8) DEBUG: <core> [core/udp_server.c:517]: udp_rcv_loop(): probing packet received from 10.100.0.2 65532
 2(9) DEBUG: <core> [core/udp_server.c:517]: udp_rcv_loop(): probing packet received from 10.100.0.2 55315
 3(10) DEBUG: <core> [core/udp_server.c:517]: udp_rcv_loop(): probing packet received from 10.100.0.2 65532
 4(11) DEBUG: <core> [core/udp_server.c:517]: udp_rcv_loop(): probing packet received from 10.100.0.2 55315
 1(8) DEBUG: <core> [core/udp_server.c:517]: udp_rcv_loop(): probing packet received from 10.100.0.2 65532
 2(9) DEBUG: <core> [core/udp_server.c:494]: udp_rcv_loop(): received on udp socket: (112/100/512) [[REGISTER sip:10.100.0.10 SIP/2.0 0D  0A Via: SIP/2.0/UDP 10.45.0.2:5080;branch=z9hG4bK.OVNuAy5Se;rport 0D  0A Fr]]
 2(9) DEBUG: <core> [core/parser/parse_fline.c:249]: parse_first_line(): first line type 1 (request) flags 1
 2(9) DEBUG: <core> [core/parser/msg_parser.c:679]: parse_msg(): SIP Request:
 2(9) DEBUG: <core> [core/parser/msg_parser.c:680]: parse_msg():  method:  <REGISTER>
 2(9) DEBUG: <core> [core/parser/msg_parser.c:682]: parse_msg():  uri:     <sip:10.100.0.10>
 2(9) DEBUG: <core> [core/parser/msg_parser.c:684]: parse_msg():  version: <SIP/2.0>
 2(9) DEBUG: <core> [core/parser/parse_hname2.c:301]: parse_sip_header_name(): parsed header name [Via] type 1
 2(9) DEBUG: <core> [core/parser/parse_via.c:1300]: parse_via_param(): Found param type 232, <branch> = <z9hG4bK.OVNuAy5Se>; state=6
 2(9) DEBUG: <core> [core/parser/parse_via.c:1300]: parse_via_param(): Found param type 235, <rport> = <n/a>; state=17
 2(9) DEBUG: <core> [core/parser/parse_via.c:2639]: parse_via(): end of header reached, state=5
 2(9) DEBUG: <core> [core/parser/msg_parser.c:555]: parse_headers(): Via found, flags=2
 2(9) DEBUG: <core> [core/parser/msg_parser.c:557]: parse_headers(): this is the first via
 2(9) DEBUG: <core> [core/parser/parse_hname2.c:301]: parse_sip_header_name(): parsed header name [From] type 4
 2(9) DEBUG: <core> [core/parser/parse_hname2.c:301]: parse_sip_header_name(): parsed header name [To] type 3
 2(9) DEBUG: <core> [core/parser/parse_addr_spec.c:884]: parse_addr_spec(): end of header reached, state=9
 2(9) DEBUG: <core> [core/parser/msg_parser.c:172]: get_hdr_field(): <To> [21]; uri=[sip:ue1@10.100.0.10]
 2(9) DEBUG: <core> [core/parser/msg_parser.c:174]: get_hdr_field(): to body (21)[sip:ue1@10.100.0.10
], to tag (0)[]
 2(9) DEBUG: <core> [core/parser/parse_hname2.c:301]: parse_sip_header_name(): parsed header name [CSeq] type 5
 2(9) DEBUG: <core> [core/parser/msg_parser.c:152]: get_hdr_field(): cseq <CSeq>: <31> <REGISTER>
 2(9) DEBUG: <core> [core/parser/parse_hname2.c:301]: parse_sip_header_name(): parsed header name [Call-ID] type 6
 2(9) DEBUG: <core> [core/receive.c:389]: receive_msg(): --- received sip message - request - call-id: [0vxMX1n5jC] - cseq: [31 REGISTER]
 2(9) DEBUG: <core> [core/receive.c:261]: ksr_evrt_pre_routing(): event route core:pre-routing not defined
 2(9) DEBUG: <core> [core/receive.c:471]: receive_msg(): preparing to run routing scripts...
 2(9) DEBUG: sanity [sanity.c:247]: check_ruri_sip_version(): check_ruri_sip_version entered
 2(9) DEBUG: sanity [sanity.c:270]: check_ruri_sip_version(): check_ruri_sip_version passed
 2(9) DEBUG: sanity [sanity.c:277]: check_ruri_scheme(): check_ruri_scheme entered
 2(9) DEBUG: sanity [sanity.c:297]: check_ruri_scheme(): check_ruri_scheme passed
 2(9) DEBUG: sanity [sanity.c:318]: check_required_headers(): check_required_headers entered
 2(9) DEBUG: <core> [core/parser/parse_hname2.c:301]: parse_sip_header_name(): parsed header name [Max-Forwards] type 8
 2(9) DEBUG: <core> [core/parser/parse_hname2.c:301]: parse_sip_header_name(): parsed header name [Supported] type 17
 2(9) DEBUG: <core> [core/parser/parse_hname2.c:301]: parse_sip_header_name(): parsed header name [Accept] type 23
 2(9) DEBUG: <core> [core/parser/parse_hname2.c:301]: parse_sip_header_name(): parsed header name [Accept] type 23
 2(9) DEBUG: <core> [core/parser/parse_hname2.c:301]: parse_sip_header_name(): parsed header name [Accept] type 23
 2(9) DEBUG: <core> [core/parser/parse_hname2.c:301]: parse_sip_header_name(): parsed header name [Contact] type 7
 2(9) DEBUG: <core> [core/parser/parse_hname2.c:301]: parse_sip_header_name(): parsed header name [Expires] type 14
 2(9) DEBUG: <core> [core/parser/parse_hname2.c:301]: parse_sip_header_name(): parsed header name [User-Agent] type 28
 2(9) DEBUG: <core> [core/parser/msg_parser.c:91]: get_hdr_field(): found end of header
 2(9) DEBUG: sanity [sanity.c:340]: check_required_headers(): check_required_headers passed
 2(9) DEBUG: sanity [sanity.c:506]: check_cseq_method(): check_cseq_method entered
 2(9) DEBUG: sanity [sanity.c:539]: check_cseq_method(): check_cseq_method passed
 2(9) DEBUG: sanity [sanity.c:548]: check_cseq_value(): check_cseq_value entered
 2(9) DEBUG: sanity [sanity.c:576]: check_cseq_value(): check_cseq_value passed
 2(9) DEBUG: sanity [sanity.c:585]: check_cl(): check_cl entered
 2(9) WARNING: sanity [sanity.c:612]: check_cl(): content length header missing in request
 2(9) DEBUG: sanity [sanity.c:622]: check_expires_value(): check_expires_value entered
 2(9) DEBUG: sanity [sanity.c:657]: check_expires_value(): check_expires_value passed
 2(9) DEBUG: sanity [sanity.c:758]: check_parse_uris(): check_parse_uris entered
 2(9) DEBUG: sanity [sanity.c:762]: check_parse_uris(): parsing ruri
 2(9) DEBUG: sanity [sanity.c:776]: check_parse_uris(): looking up From header
 2(9) DEBUG: <core> [core/parser/parse_addr_spec.c:185]: parse_to_param(): add param: tag=hAwde4SMe
 2(9) DEBUG: <core> [core/parser/parse_addr_spec.c:884]: parse_addr_spec(): end of header reached, state=29
 2(9) DEBUG: sanity [sanity.c:791]: check_parse_uris(): looking up To header
 2(9) DEBUG: sanity [sanity.c:838]: check_parse_uris(): check_parse_uris passed
 2(9) DEBUG: sanity [sanity_mod.c:254]: w_sanity_check(): sanity checks result: 1
 2(9) DEBUG: maxfwd [mf_funcs.c:74]: is_maxfwd_present(): value = 70 
 2(9) DEBUG: tm [t_lookup.c:1053]: t_check_msg(): msg (0x72ec244160a0) id=8/9 global id=7/9 T start=(nil)
 2(9) DEBUG: tm [t_lookup.c:497]: t_lookup_request(): start searching: hash=7234, isACK=0
 2(9) DEBUG: tm [t_lookup.c:455]: matching_3261(): RFC3261 transaction matching failed - via branch [z9hG4bK.OVNuAy5Se]
 2(9) DEBUG: tm [t_lookup.c:675]: t_lookup_request(): no transaction found
 2(9) DEBUG: tm [t_lookup.c:1122]: t_check_msg(): msg (0x72ec244160a0) id=8/9 global id=8/9 T end=(nil)
 2(9) DEBUG: siputils [checks.c:120]: has_totag(): no totag
 2(9) DEBUG: registrar [save.c:324]: pack_ci(): set instance[<urn:uuid:0eb0eedb-d3c7-0093-a588-a2ecb233c438>]
 2(9) DEBUG: <core> [core/utils/sruid.c:214]: sruid_nextx(): new sruid is [uloc-6a67c949-9-a] (10 / 17)
 2(9) DEBUG: registrar [save.c:421]: pack_ci(): generated ruid is: uloc-6a67c949-9-a
 2(9) DEBUG: <core> [core/utils/sruid.c:214]: sruid_nextx(): new sruid is [uloc-6a67c949-9-b] (11 / 17)
 2(9) DEBUG: registrar [save.c:421]: pack_ci(): generated ruid is: uloc-6a67c949-9-b
 2(9) DEBUG: registrar [reply.c:334]: build_contact(): created Contact HF: Contact: <sip:ue1@10.100.0.2:64767;transport=udp>;expires=60;received="sip:10.100.0.2:64767";+sip.instance="<urn:uuid:0eb0eedb-d3c7-0093-a588-a2ecb233c438>"

 2(9) DEBUG: sl [sl.c:310]: send_reply(): reply in stateless mode (sl)
 2(9) DEBUG: <core> [core/receive.c:126]: sip_check_fline(): first line indicates a SIP reply
 2(9) INFO: <script>: REGISTER sip:ue1@10.100.0.10 from 10.100.0.2:64767 saved (contact <sip:ue1@10.100.0.2:64767;transport=udp>;+sip.instance="<urn:uuid:0eb0eedb-d3c7-0093-a588-a2ecb233c438>")
 2(9) DEBUG: <core> [core/receive.c:528]: receive_msg(): request-route executed in: 888 usec
 2(9) DEBUG: <core> [core/usr_avp.c:637]: destroy_avp_list(): destroying list 0x72ec200ecf70
 2(9) DEBUG: <core> [core/usr_avp.c:637]: destroy_avp_list(): destroying list (nil)
 2(9) DEBUG: <core> [core/usr_avp.c:637]: destroy_avp_list(): destroying list (nil)
 2(9) DEBUG: <core> [core/usr_avp.c:637]: destroy_avp_list(): destroying list (nil)
 2(9) DEBUG: <core> [core/usr_avp.c:637]: destroy_avp_list(): destroying list (nil)
 2(9) DEBUG: <core> [core/usr_avp.c:637]: destroy_avp_list(): destroying list (nil)
 2(9) DEBUG: <core> [core/xavp.c:541]: xavp_destroy_list(): destroying xavp list (nil)
 2(9) DEBUG: <core> [core/xavp.c:541]: xavp_destroy_list(): destroying xavp list (nil)
 2(9) DEBUG: <core> [core/xavp.c:541]: xavp_destroy_list(): destroying xavp list (nil)
 2(9) DEBUG: <core> [core/receive.c:628]: receive_msg(): cleaning up
 3(10) DEBUG: <core> [core/udp_server.c:494]: udp_rcv_loop(): received on udp socket: (112/100/511) [[REGISTER sip:10.100.0.10 SIP/2.0 0D  0A Via: SIP/2.0/UDP 10.45.0.3:5080;branch=z9hG4bK.E8uDzYkjy;rport 0D  0A Fr]]
 3(10) DEBUG: <core> [core/parser/parse_fline.c:249]: parse_first_line(): first line type 1 (request) flags 1
 3(10) DEBUG: <core> [core/parser/msg_parser.c:679]: parse_msg(): SIP Request:
 3(10) DEBUG: <core> [core/parser/msg_parser.c:680]: parse_msg():  method:  <REGISTER>
 3(10) DEBUG: <core> [core/parser/msg_parser.c:682]: parse_msg():  uri:     <sip:10.100.0.10>
 3(10) DEBUG: <core> [core/parser/msg_parser.c:684]: parse_msg():  version: <SIP/2.0>
 3(10) DEBUG: <core> [core/parser/parse_hname2.c:301]: parse_sip_header_name(): parsed header name [Via] type 1
 3(10) DEBUG: <core> [core/parser/parse_via.c:1300]: parse_via_param(): Found param type 232, <branch> = <z9hG4bK.E8uDzYkjy>; state=6
 3(10) DEBUG: <core> [core/parser/parse_via.c:1300]: parse_via_param(): Found param type 235, <rport> = <n/a>; state=17
 3(10) DEBUG: <core> [core/parser/parse_via.c:2639]: parse_via(): end of header reached, state=5
 3(10) DEBUG: <core> [core/parser/msg_parser.c:555]: parse_headers(): Via found, flags=2
 3(10) DEBUG: <core> [core/parser/msg_parser.c:557]: parse_headers(): this is the first via
 3(10) DEBUG: <core> [core/parser/parse_hname2.c:301]: parse_sip_header_name(): parsed header name [From] type 4
 3(10) DEBUG: <core> [core/parser/parse_hname2.c:301]: parse_sip_header_name(): parsed header name [To] type 3
 3(10) DEBUG: <core> [core/parser/parse_addr_spec.c:884]: parse_addr_spec(): end of header reached, state=9
 3(10) DEBUG: <core> [core/parser/msg_parser.c:172]: get_hdr_field(): <To> [21]; uri=[sip:ue2@10.100.0.10]
 3(10) DEBUG: <core> [core/parser/msg_parser.c:174]: get_hdr_field(): to body (21)[sip:ue2@10.100.0.10
], to tag (0)[]
 3(10) DEBUG: <core> [core/parser/parse_hname2.c:301]: parse_sip_header_name(): parsed header name [CSeq] type 5
 3(10) DEBUG: <core> [core/parser/msg_parser.c:152]: get_hdr_field(): cseq <CSeq>: <31> <REGISTER>
 3(10) DEBUG: <core> [core/parser/parse_hname2.c:301]: parse_sip_header_name(): parsed header name [Call-ID] type 6
 3(10) DEBUG: <core> [core/receive.c:389]: receive_msg(): --- received sip message - request - call-id: [dsvYoZjw3U] - cseq: [31 REGISTER]
 3(10) DEBUG: <core> [core/receive.c:261]: ksr_evrt_pre_routing(): event route core:pre-routing not defined
 3(10) DEBUG: <core> [core/receive.c:471]: receive_msg(): preparing to run routing scripts...
 3(10) DEBUG: sanity [sanity.c:247]: check_ruri_sip_version(): check_ruri_sip_version entered
 3(10) DEBUG: sanity [sanity.c:270]: check_ruri_sip_version(): check_ruri_sip_version passed
 3(10) DEBUG: sanity [sanity.c:277]: check_ruri_scheme(): check_ruri_scheme entered
 3(10) DEBUG: sanity [sanity.c:297]: check_ruri_scheme(): check_ruri_scheme passed
 3(10) DEBUG: sanity [sanity.c:318]: check_required_headers(): check_required_headers entered
 3(10) DEBUG: <core> [core/parser/parse_hname2.c:301]: parse_sip_header_name(): parsed header name [Max-Forwards] type 8
 3(10) DEBUG: <core> [core/parser/parse_hname2.c:301]: parse_sip_header_name(): parsed header name [Supported] type 17
 3(10) DEBUG: <core> [core/parser/parse_hname2.c:301]: parse_sip_header_name(): parsed header name [Accept] type 23
 3(10) DEBUG: <core> [core/parser/parse_hname2.c:301]: parse_sip_header_name(): parsed header name [Accept] type 23
 3(10) DEBUG: <core> [core/parser/parse_hname2.c:301]: parse_sip_header_name(): parsed header name [Accept] type 23
 3(10) DEBUG: <core> [core/parser/parse_hname2.c:301]: parse_sip_header_name(): parsed header name [Contact] type 7
 3(10) DEBUG: <core> [core/parser/parse_hname2.c:301]: parse_sip_header_name(): parsed header name [Expires] type 14
 3(10) DEBUG: <core> [core/parser/parse_hname2.c:301]: parse_sip_header_name(): parsed header name [User-Agent] type 28
 3(10) DEBUG: <core> [core/parser/msg_parser.c:91]: get_hdr_field(): found end of header
 3(10) DEBUG: sanity [sanity.c:340]: check_required_headers(): check_required_headers passed
 3(10) DEBUG: sanity [sanity.c:506]: check_cseq_method(): check_cseq_method entered
 3(10) DEBUG: sanity [sanity.c:539]: check_cseq_method(): check_cseq_method passed
 3(10) DEBUG: sanity [sanity.c:548]: check_cseq_value(): check_cseq_value entered
 3(10) DEBUG: sanity [sanity.c:576]: check_cseq_value(): check_cseq_value passed
 3(10) DEBUG: sanity [sanity.c:585]: check_cl(): check_cl entered
 3(10) WARNING: sanity [sanity.c:612]: check_cl(): content length header missing in request
 3(10) DEBUG: sanity [sanity.c:622]: check_expires_value(): check_expires_value entered
 3(10) DEBUG: sanity [sanity.c:657]: check_expires_value(): check_expires_value passed
 3(10) DEBUG: sanity [sanity.c:758]: check_parse_uris(): check_parse_uris entered
 3(10) DEBUG: sanity [sanity.c:762]: check_parse_uris(): parsing ruri
 3(10) DEBUG: sanity [sanity.c:776]: check_parse_uris(): looking up From header
 3(10) DEBUG: <core> [core/parser/parse_addr_spec.c:185]: parse_to_param(): add param: tag=AXZuULbt5
 3(10) DEBUG: <core> [core/parser/parse_addr_spec.c:884]: parse_addr_spec(): end of header reached, state=29
 3(10) DEBUG: sanity [sanity.c:791]: check_parse_uris(): looking up To header
 3(10) DEBUG: sanity [sanity.c:838]: check_parse_uris(): check_parse_uris passed
 3(10) DEBUG: sanity [sanity_mod.c:254]: w_sanity_check(): sanity checks result: 1
 3(10) DEBUG: maxfwd [mf_funcs.c:74]: is_maxfwd_present(): value = 70 
 3(10) DEBUG: tm [t_lookup.c:1053]: t_check_msg(): msg (0x72ec244160a0) id=10/10 global id=9/10 T start=(nil)
 3(10) DEBUG: tm [t_lookup.c:497]: t_lookup_request(): start searching: hash=32578, isACK=0
 3(10) DEBUG: tm [t_lookup.c:455]: matching_3261(): RFC3261 transaction matching failed - via branch [z9hG4bK.E8uDzYkjy]
 3(10) DEBUG: tm [t_lookup.c:675]: t_lookup_request(): no transaction found
 3(10) DEBUG: tm [t_lookup.c:1122]: t_check_msg(): msg (0x72ec244160a0) id=10/10 global id=10/10 T end=(nil)
 3(10) DEBUG: siputils [checks.c:120]: has_totag(): no totag
 3(10) DEBUG: <core> [core/msg_translator.c:162]: check_via_address(): (10.100.0.2, 10.45.0.3, 0)
 3(10) DEBUG: registrar [save.c:324]: pack_ci(): set instance[<urn:uuid:b1ec2359-ddd8-000f-aa02-ab2f9af9fbe2>]
 3(10) DEBUG: <core> [core/utils/sruid.c:214]: sruid_nextx(): new sruid is [uloc-6a67c949-a-c] (12 / 17)
 3(10) DEBUG: registrar [save.c:421]: pack_ci(): generated ruid is: uloc-6a67c949-a-c
 3(10) DEBUG: <core> [core/utils/sruid.c:214]: sruid_nextx(): new sruid is [uloc-6a67c949-a-d] (13 / 17)
 3(10) DEBUG: registrar [save.c:421]: pack_ci(): generated ruid is: uloc-6a67c949-a-d
 3(10) DEBUG: registrar [reply.c:334]: build_contact(): created Contact HF: Contact: <sip:ue2@10.100.0.2:5080;transport=udp>;expires=60;received="sip:10.100.0.2:5080";+sip.instance="<urn:uuid:b1ec2359-ddd8-000f-aa02-ab2f9af9fbe2>"

 3(10) DEBUG: sl [sl.c:310]: send_reply(): reply in stateless mode (sl)
 3(10) DEBUG: <core> [core/receive.c:126]: sip_check_fline(): first line indicates a SIP reply
 3(10) INFO: <script>: REGISTER sip:ue2@10.100.0.10 from 10.100.0.2:5080 saved (contact <sip:ue2@10.100.0.2:5080;transport=udp>;+sip.instance="<urn:uuid:b1ec2359-ddd8-000f-aa02-ab2f9af9fbe2>")
 3(10) DEBUG: <core> [core/receive.c:528]: receive_msg(): request-route executed in: 1643 usec
 3(10) DEBUG: <core> [core/usr_avp.c:637]: destroy_avp_list(): destroying list 0x72ec200ecf70
 3(10) DEBUG: <core> [core/usr_avp.c:637]: destroy_avp_list(): destroying list (nil)
 3(10) DEBUG: <core> [core/usr_avp.c:637]: destroy_avp_list(): destroying list (nil)
 3(10) DEBUG: <core> [core/usr_avp.c:637]: destroy_avp_list(): destroying list (nil)
 3(10) DEBUG: <core> [core/usr_avp.c:637]: destroy_avp_list(): destroying list (nil)
 3(10) DEBUG: <core> [core/usr_avp.c:637]: destroy_avp_list(): destroying list (nil)
 3(10) DEBUG: <core> [core/xavp.c:541]: xavp_destroy_list(): destroying xavp list (nil)
 3(10) DEBUG: <core> [core/xavp.c:541]: xavp_destroy_list(): destroying xavp list (nil)
 3(10) DEBUG: <core> [core/xavp.c:541]: xavp_destroy_list(): destroying xavp list (nil)
 3(10) DEBUG: <core> [core/receive.c:628]: receive_msg(): cleaning up
 4(11) DEBUG: <core> [core/udp_server.c:517]: udp_rcv_loop(): probing packet received from 10.100.0.2 65532
 1(8) DEBUG: <core> [core/udp_server.c:517]: udp_rcv_loop(): probing packet received from 10.100.0.2 55315
 2(9) DEBUG: <core> [core/udp_server.c:517]: udp_rcv_loop(): probing packet received from 10.100.0.2 55315
 3(10) DEBUG: <core> [core/udp_server.c:517]: udp_rcv_loop(): probing packet received from 10.100.0.2 65532
 4(11) DEBUG: <core> [core/udp_server.c:517]: udp_rcv_loop(): probing packet received from 10.100.0.2 55315
 1(8) DEBUG: <core> [core/udp_server.c:517]: udp_rcv_loop(): probing packet received from 10.100.0.2 65532
 2(9) DEBUG: <core> [core/udp_server.c:517]: udp_rcv_loop(): probing packet received from 10.100.0.2 55315
 3(10) DEBUG: <core> [core/udp_server.c:517]: udp_rcv_loop(): probing packet received from 10.100.0.2 65532
 4(11) DEBUG: <core> [core/udp_server.c:517]: udp_rcv_loop(): probing packet received from 10.100.0.2 55315
 1(8) DEBUG: <core> [core/udp_server.c:517]: udp_rcv_loop(): probing packet received from 10.100.0.2 65532
 2(9) DEBUG: <core> [core/udp_server.c:494]: udp_rcv_loop(): received on udp socket: (112/100/512) [[REGISTER sip:10.100.0.10 SIP/2.0 0D  0A Via: SIP/2.0/UDP 10.45.0.2:5080;branch=z9hG4bK.EpUiIA9Yp;rport 0D  0A Fr]]
 2(9) DEBUG: <core> [core/parser/parse_fline.c:249]: parse_first_line(): first line type 1 (request) flags 1
 2(9) DEBUG: <core> [core/parser/msg_parser.c:679]: parse_msg(): SIP Request:
 2(9) DEBUG: <core> [core/parser/msg_parser.c:680]: parse_msg():  method:  <REGISTER>
 2(9) DEBUG: <core> [core/parser/msg_parser.c:682]: parse_msg():  uri:     <sip:10.100.0.10>
 2(9) DEBUG: <core> [core/parser/msg_parser.c:684]: parse_msg():  version: <SIP/2.0>
 2(9) DEBUG: <core> [core/parser/parse_hname2.c:301]: parse_sip_header_name(): parsed header name [Via] type 1
 2(9) DEBUG: <core> [core/parser/parse_via.c:1300]: parse_via_param(): Found param type 232, <branch> = <z9hG4bK.EpUiIA9Yp>; state=6
 2(9) DEBUG: <core> [core/parser/parse_via.c:1300]: parse_via_param(): Found param type 235, <rport> = <n/a>; state=17
 2(9) DEBUG: <core> [core/parser/parse_via.c:2639]: parse_via(): end of header reached, state=5
 2(9) DEBUG: <core> [core/parser/msg_parser.c:555]: parse_headers(): Via found, flags=2
 2(9) DEBUG: <core> [core/parser/msg_parser.c:557]: parse_headers(): this is the first via
 2(9) DEBUG: <core> [core/parser/parse_hname2.c:301]: parse_sip_header_name(): parsed header name [From] type 4
 2(9) DEBUG: <core> [core/parser/parse_hname2.c:301]: parse_sip_header_name(): parsed header name [To] type 3
 2(9) DEBUG: <core> [core/parser/parse_addr_spec.c:884]: parse_addr_spec(): end of header reached, state=9
 2(9) DEBUG: <core> [core/parser/msg_parser.c:172]: get_hdr_field(): <To> [21]; uri=[sip:ue1@10.100.0.10]
 2(9) DEBUG: <core> [core/parser/msg_parser.c:174]: get_hdr_field(): to body (21)[sip:ue1@10.100.0.10
], to tag (0)[]
 2(9) DEBUG: <core> [core/parser/parse_hname2.c:301]: parse_sip_header_name(): parsed header name [CSeq] type 5
 2(9) DEBUG: <core> [core/parser/msg_parser.c:152]: get_hdr_field(): cseq <CSeq>: <32> <REGISTER>
 2(9) DEBUG: <core> [core/parser/parse_hname2.c:301]: parse_sip_header_name(): parsed header name [Call-ID] type 6
 2(9) DEBUG: <core> [core/receive.c:389]: receive_msg(): --- received sip message - request - call-id: [0vxMX1n5jC] - cseq: [32 REGISTER]
 2(9) DEBUG: <core> [core/receive.c:261]: ksr_evrt_pre_routing(): event route core:pre-routing not defined
 2(9) DEBUG: <core> [core/receive.c:471]: receive_msg(): preparing to run routing scripts...
 2(9) DEBUG: sanity [sanity.c:247]: check_ruri_sip_version(): check_ruri_sip_version entered
 2(9) DEBUG: sanity [sanity.c:270]: check_ruri_sip_version(): check_ruri_sip_version passed
 2(9) DEBUG: sanity [sanity.c:277]: check_ruri_scheme(): check_ruri_scheme entered
 2(9) DEBUG: sanity [sanity.c:297]: check_ruri_scheme(): check_ruri_scheme passed
 2(9) DEBUG: sanity [sanity.c:318]: check_required_headers(): check_required_headers entered
 2(9) DEBUG: <core> [core/parser/parse_hname2.c:301]: parse_sip_header_name(): parsed header name [Max-Forwards] type 8
 2(9) DEBUG: <core> [core/parser/parse_hname2.c:301]: parse_sip_header_name(): parsed header name [Supported] type 17
 2(9) DEBUG: <core> [core/parser/parse_hname2.c:301]: parse_sip_header_name(): parsed header name [Accept] type 23
 2(9) DEBUG: <core> [core/parser/parse_hname2.c:301]: parse_sip_header_name(): parsed header name [Accept] type 23
 2(9) DEBUG: <core> [core/parser/parse_hname2.c:301]: parse_sip_header_name(): parsed header name [Accept] type 23
 2(9) DEBUG: <core> [core/parser/parse_hname2.c:301]: parse_sip_header_name(): parsed header name [Contact] type 7
 2(9) DEBUG: <core> [core/parser/parse_hname2.c:301]: parse_sip_header_name(): parsed header name [Expires] type 14
 2(9) DEBUG: <core> [core/parser/parse_hname2.c:301]: parse_sip_header_name(): parsed header name [User-Agent] type 28
 2(9) DEBUG: <core> [core/parser/msg_parser.c:91]: get_hdr_field(): found end of header
 2(9) DEBUG: sanity [sanity.c:340]: check_required_headers(): check_required_headers passed
 2(9) DEBUG: sanity [sanity.c:506]: check_cseq_method(): check_cseq_method entered
 2(9) DEBUG: sanity [sanity.c:539]: check_cseq_method(): check_cseq_method passed
 2(9) DEBUG: sanity [sanity.c:548]: check_cseq_value(): check_cseq_value entered
 2(9) DEBUG: sanity [sanity.c:576]: check_cseq_value(): check_cseq_value passed
 2(9) DEBUG: sanity [sanity.c:585]: check_cl(): check_cl entered
 2(9) WARNING: sanity [sanity.c:612]: check_cl(): content length header missing in request
 2(9) DEBUG: sanity [sanity.c:622]: check_expires_value(): check_expires_value entered
 2(9) DEBUG: sanity [sanity.c:657]: check_expires_value(): check_expires_value passed
 2(9) DEBUG: sanity [sanity.c:758]: check_parse_uris(): check_parse_uris entered
 2(9) DEBUG: sanity [sanity.c:762]: check_parse_uris(): parsing ruri
 2(9) DEBUG: sanity [sanity.c:776]: check_parse_uris(): looking up From header
 2(9) DEBUG: <core> [core/parser/parse_addr_spec.c:185]: parse_to_param(): add param: tag=hAwde4SMe
 2(9) DEBUG: <core> [core/parser/parse_addr_spec.c:884]: parse_addr_spec(): end of header reached, state=29
 2(9) DEBUG: sanity [sanity.c:791]: check_parse_uris(): looking up To header
 2(9) DEBUG: sanity [sanity.c:838]: check_parse_uris(): check_parse_uris passed
 2(9) DEBUG: sanity [sanity_mod.c:254]: w_sanity_check(): sanity checks result: 1
 2(9) DEBUG: maxfwd [mf_funcs.c:74]: is_maxfwd_present(): value = 70 
 2(9) DEBUG: tm [t_lookup.c:1053]: t_check_msg(): msg (0x72ec244160a0) id=9/9 global id=8/9 T start=(nil)
 2(9) DEBUG: tm [t_lookup.c:497]: t_lookup_request(): start searching: hash=7231, isACK=0
 2(9) DEBUG: tm [t_lookup.c:455]: matching_3261(): RFC3261 transaction matching failed - via branch [z9hG4bK.EpUiIA9Yp]
 2(9) DEBUG: tm [t_lookup.c:675]: t_lookup_request(): no transaction found
 2(9) DEBUG: tm [t_lookup.c:1122]: t_check_msg(): msg (0x72ec244160a0) id=9/9 global id=9/9 T end=(nil)
 2(9) DEBUG: siputils [checks.c:120]: has_totag(): no totag
 2(9) DEBUG: registrar [save.c:324]: pack_ci(): set instance[<urn:uuid:0eb0eedb-d3c7-0093-a588-a2ecb233c438>]
 2(9) DEBUG: <core> [core/utils/sruid.c:214]: sruid_nextx(): new sruid is [uloc-6a67c949-9-c] (12 / 17)
 2(9) DEBUG: registrar [save.c:421]: pack_ci(): generated ruid is: uloc-6a67c949-9-c
 2(9) DEBUG: <core> [core/utils/sruid.c:214]: sruid_nextx(): new sruid is [uloc-6a67c949-9-d] (13 / 17)
 2(9) DEBUG: registrar [save.c:421]: pack_ci(): generated ruid is: uloc-6a67c949-9-d
 2(9) DEBUG: registrar [reply.c:334]: build_contact(): created Contact HF: Contact: <sip:ue1@10.100.0.2:64767;transport=udp>;expires=60;received="sip:10.100.0.2:64767";+sip.instance="<urn:uuid:0eb0eedb-d3c7-0093-a588-a2ecb233c438>"

 2(9) DEBUG: sl [sl.c:310]: send_reply(): reply in stateless mode (sl)
 2(9) DEBUG: <core> [core/receive.c:126]: sip_check_fline(): first line indicates a SIP reply
 2(9) INFO: <script>: REGISTER sip:ue1@10.100.0.10 from 10.100.0.2:64767 saved (contact <sip:ue1@10.100.0.2:64767;transport=udp>;+sip.instance="<urn:uuid:0eb0eedb-d3c7-0093-a588-a2ecb233c438>")
 2(9) DEBUG: <core> [core/receive.c:528]: receive_msg(): request-route executed in: 239 usec
 2(9) DEBUG: <core> [core/usr_avp.c:637]: destroy_avp_list(): destroying list 0x72ec200ecf70
 2(9) DEBUG: <core> [core/usr_avp.c:637]: destroy_avp_list(): destroying list (nil)
 2(9) DEBUG: <core> [core/usr_avp.c:637]: destroy_avp_list(): destroying list (nil)
 2(9) DEBUG: <core> [core/usr_avp.c:637]: destroy_avp_list(): destroying list (nil)
 2(9) DEBUG: <core> [core/usr_avp.c:637]: destroy_avp_list(): destroying list (nil)
 2(9) DEBUG: <core> [core/usr_avp.c:637]: destroy_avp_list(): destroying list (nil)
 2(9) DEBUG: <core> [core/xavp.c:541]: xavp_destroy_list(): destroying xavp list (nil)
 2(9) DEBUG: <core> [core/xavp.c:541]: xavp_destroy_list(): destroying xavp list (nil)
 2(9) DEBUG: <core> [core/xavp.c:541]: xavp_destroy_list(): destroying xavp list (nil)
 2(9) DEBUG: <core> [core/receive.c:628]: receive_msg(): cleaning up
 3(10) DEBUG: <core> [core/udp_server.c:494]: udp_rcv_loop(): received on udp socket: (112/100/511) [[REGISTER sip:10.100.0.10 SIP/2.0 0D  0A Via: SIP/2.0/UDP 10.45.0.3:5080;branch=z9hG4bK.lWeGDPzMD;rport 0D  0A Fr]]
 3(10) DEBUG: <core> [core/parser/parse_fline.c:249]: parse_first_line(): first line type 1 (request) flags 1
 3(10) DEBUG: <core> [core/parser/msg_parser.c:679]: parse_msg(): SIP Request:
 3(10) DEBUG: <core> [core/parser/msg_parser.c:680]: parse_msg():  method:  <REGISTER>
 3(10) DEBUG: <core> [core/parser/msg_parser.c:682]: parse_msg():  uri:     <sip:10.100.0.10>
 3(10) DEBUG: <core> [core/parser/msg_parser.c:684]: parse_msg():  version: <SIP/2.0>
 3(10) DEBUG: <core> [core/parser/parse_hname2.c:301]: parse_sip_header_name(): parsed header name [Via] type 1
 3(10) DEBUG: <core> [core/parser/parse_via.c:1300]: parse_via_param(): Found param type 232, <branch> = <z9hG4bK.lWeGDPzMD>; state=6
 3(10) DEBUG: <core> [core/parser/parse_via.c:1300]: parse_via_param(): Found param type 235, <rport> = <n/a>; state=17
 3(10) DEBUG: <core> [core/parser/parse_via.c:2639]: parse_via(): end of header reached, state=5
 3(10) DEBUG: <core> [core/parser/msg_parser.c:555]: parse_headers(): Via found, flags=2
 3(10) DEBUG: <core> [core/parser/msg_parser.c:557]: parse_headers(): this is the first via
 3(10) DEBUG: <core> [core/parser/parse_hname2.c:301]: parse_sip_header_name(): parsed header name [From] type 4
 3(10) DEBUG: <core> [core/parser/parse_hname2.c:301]: parse_sip_header_name(): parsed header name [To] type 3
 3(10) DEBUG: <core> [core/parser/parse_addr_spec.c:884]: parse_addr_spec(): end of header reached, state=9
 3(10) DEBUG: <core> [core/parser/msg_parser.c:172]: get_hdr_field(): <To> [21]; uri=[sip:ue2@10.100.0.10]
 3(10) DEBUG: <core> [core/parser/msg_parser.c:174]: get_hdr_field(): to body (21)[sip:ue2@10.100.0.10
], to tag (0)[]
 3(10) DEBUG: <core> [core/parser/parse_hname2.c:301]: parse_sip_header_name(): parsed header name [CSeq] type 5
 3(10) DEBUG: <core> [core/parser/msg_parser.c:152]: get_hdr_field(): cseq <CSeq>: <32> <REGISTER>
 3(10) DEBUG: <core> [core/parser/parse_hname2.c:301]: parse_sip_header_name(): parsed header name [Call-ID] type 6
 3(10) DEBUG: <core> [core/receive.c:389]: receive_msg(): --- received sip message - request - call-id: [dsvYoZjw3U] - cseq: [32 REGISTER]
 3(10) DEBUG: <core> [core/receive.c:261]: ksr_evrt_pre_routing(): event route core:pre-routing not defined
 3(10) DEBUG: <core> [core/receive.c:471]: receive_msg(): preparing to run routing scripts...
 3(10) DEBUG: sanity [sanity.c:247]: check_ruri_sip_version(): check_ruri_sip_version entered
 3(10) DEBUG: sanity [sanity.c:270]: check_ruri_sip_version(): check_ruri_sip_version passed
 3(10) DEBUG: sanity [sanity.c:277]: check_ruri_scheme(): check_ruri_scheme entered
 3(10) DEBUG: sanity [sanity.c:297]: check_ruri_scheme(): check_ruri_scheme passed
 3(10) DEBUG: sanity [sanity.c:318]: check_required_headers(): check_required_headers entered
 3(10) DEBUG: <core> [core/parser/parse_hname2.c:301]: parse_sip_header_name(): parsed header name [Max-Forwards] type 8
 3(10) DEBUG: <core> [core/parser/parse_hname2.c:301]: parse_sip_header_name(): parsed header name [Supported] type 17
 3(10) DEBUG: <core> [core/parser/parse_hname2.c:301]: parse_sip_header_name(): parsed header name [Accept] type 23
 3(10) DEBUG: <core> [core/parser/parse_hname2.c:301]: parse_sip_header_name(): parsed header name [Accept] type 23
 3(10) DEBUG: <core> [core/parser/parse_hname2.c:301]: parse_sip_header_name(): parsed header name [Accept] type 23
 3(10) DEBUG: <core> [core/parser/parse_hname2.c:301]: parse_sip_header_name(): parsed header name [Contact] type 7
 3(10) DEBUG: <core> [core/parser/parse_hname2.c:301]: parse_sip_header_name(): parsed header name [Expires] type 14
 3(10) DEBUG: <core> [core/parser/parse_hname2.c:301]: parse_sip_header_name(): parsed header name [User-Agent] type 28
 3(10) DEBUG: <core> [core/parser/msg_parser.c:91]: get_hdr_field(): found end of header
 3(10) DEBUG: sanity [sanity.c:340]: check_required_headers(): check_required_headers passed
 3(10) DEBUG: sanity [sanity.c:506]: check_cseq_method(): check_cseq_method entered
 3(10) DEBUG: sanity [sanity.c:539]: check_cseq_method(): check_cseq_method passed
 3(10) DEBUG: sanity [sanity.c:548]: check_cseq_value(): check_cseq_value entered
 3(10) DEBUG: sanity [sanity.c:576]: check_cseq_value(): check_cseq_value passed
 3(10) DEBUG: sanity [sanity.c:585]: check_cl(): check_cl entered
 3(10) WARNING: sanity [sanity.c:612]: check_cl(): content length header missing in request
 3(10) DEBUG: sanity [sanity.c:622]: check_expires_value(): check_expires_value entered
 3(10) DEBUG: sanity [sanity.c:657]: check_expires_value(): check_expires_value passed
 3(10) DEBUG: sanity [sanity.c:758]: check_parse_uris(): check_parse_uris entered
 3(10) DEBUG: sanity [sanity.c:762]: check_parse_uris(): parsing ruri
 3(10) DEBUG: sanity [sanity.c:776]: check_parse_uris(): looking up From header
 3(10) DEBUG: <core> [core/parser/parse_addr_spec.c:185]: parse_to_param(): add param: tag=AXZuULbt5
 3(10) DEBUG: <core> [core/parser/parse_addr_spec.c:884]: parse_addr_spec(): end of header reached, state=29
 3(10) DEBUG: sanity [sanity.c:791]: check_parse_uris(): looking up To header
 3(10) DEBUG: sanity [sanity.c:838]: check_parse_uris(): check_parse_uris passed
 3(10) DEBUG: sanity [sanity_mod.c:254]: w_sanity_check(): sanity checks result: 1
 3(10) DEBUG: maxfwd [mf_funcs.c:74]: is_maxfwd_present(): value = 70 
 3(10) DEBUG: tm [t_lookup.c:1053]: t_check_msg(): msg (0x72ec244160a0) id=11/10 global id=10/10 T start=(nil)
 3(10) DEBUG: tm [t_lookup.c:497]: t_lookup_request(): start searching: hash=32575, isACK=0
 3(10) DEBUG: tm [t_lookup.c:455]: matching_3261(): RFC3261 transaction matching failed - via branch [z9hG4bK.lWeGDPzMD]
 3(10) DEBUG: tm [t_lookup.c:675]: t_lookup_request(): no transaction found
 3(10) DEBUG: tm [t_lookup.c:1122]: t_check_msg(): msg (0x72ec244160a0) id=11/10 global id=11/10 T end=(nil)
 3(10) DEBUG: siputils [checks.c:120]: has_totag(): no totag
 3(10) DEBUG: <core> [core/msg_translator.c:162]: check_via_address(): (10.100.0.2, 10.45.0.3, 0)
 3(10) DEBUG: registrar [save.c:324]: pack_ci(): set instance[<urn:uuid:b1ec2359-ddd8-000f-aa02-ab2f9af9fbe2>]
 3(10) DEBUG: <core> [core/utils/sruid.c:214]: sruid_nextx(): new sruid is [uloc-6a67c949-a-e] (14 / 17)
 3(10) DEBUG: registrar [save.c:421]: pack_ci(): generated ruid is: uloc-6a67c949-a-e
 3(10) DEBUG: <core> [core/utils/sruid.c:214]: sruid_nextx(): new sruid is [uloc-6a67c949-a-f] (15 / 17)
 3(10) DEBUG: registrar [save.c:421]: pack_ci(): generated ruid is: uloc-6a67c949-a-f
 3(10) DEBUG: registrar [reply.c:334]: build_contact(): created Contact HF: Contact: <sip:ue2@10.100.0.2:5080;transport=udp>;expires=60;received="sip:10.100.0.2:5080";+sip.instance="<urn:uuid:b1ec2359-ddd8-000f-aa02-ab2f9af9fbe2>"

 3(10) DEBUG: sl [sl.c:310]: send_reply(): reply in stateless mode (sl)
 3(10) DEBUG: <core> [core/receive.c:126]: sip_check_fline(): first line indicates a SIP reply
 3(10) INFO: <script>: REGISTER sip:ue2@10.100.0.10 from 10.100.0.2:5080 saved (contact <sip:ue2@10.100.0.2:5080;transport=udp>;+sip.instance="<urn:uuid:b1ec2359-ddd8-000f-aa02-ab2f9af9fbe2>")
 3(10) DEBUG: <core> [core/receive.c:528]: receive_msg(): request-route executed in: 1436 usec
 3(10) DEBUG: <core> [core/usr_avp.c:637]: destroy_avp_list(): destroying list 0x72ec200ecf70
 3(10) DEBUG: <core> [core/usr_avp.c:637]: destroy_avp_list(): destroying list (nil)
 3(10) DEBUG: <core> [core/usr_avp.c:637]: destroy_avp_list(): destroying list (nil)
 3(10) DEBUG: <core> [core/usr_avp.c:637]: destroy_avp_list(): destroying list (nil)
 3(10) DEBUG: <core> [core/usr_avp.c:637]: destroy_avp_list(): destroying list (nil)
 3(10) DEBUG: <core> [core/usr_avp.c:637]: destroy_avp_list(): destroying list (nil)
 3(10) DEBUG: <core> [core/xavp.c:541]: xavp_destroy_list(): destroying xavp list (nil)
 3(10) DEBUG: <core> [core/xavp.c:541]: xavp_destroy_list(): destroying xavp list (nil)
 3(10) DEBUG: <core> [core/xavp.c:541]: xavp_destroy_list(): destroying xavp list (nil)
 3(10) DEBUG: <core> [core/receive.c:628]: receive_msg(): cleaning up
 4(11) DEBUG: <core> [core/udp_server.c:517]: udp_rcv_loop(): probing packet received from 10.100.0.2 55315
 1(8) DEBUG: <core> [core/udp_server.c:517]: udp_rcv_loop(): probing packet received from 10.100.0.2 65532
 2(9) DEBUG: <core> [core/udp_server.c:517]: udp_rcv_loop(): probing packet received from 10.100.0.2 55315
 2(9) DEBUG: <core> [core/udp_server.c:517]: udp_rcv_loop(): probing packet received from 10.100.0.2 65532
 4(11) DEBUG: <core> [core/udp_server.c:517]: udp_rcv_loop(): probing packet received from 10.100.0.2 55315
 1(8) DEBUG: <core> [core/udp_server.c:517]: udp_rcv_loop(): probing packet received from 10.100.0.2 65532
 2(9) DEBUG: <core> [core/udp_server.c:517]: udp_rcv_loop(): probing packet received from 10.100.0.2 55315
 3(10) DEBUG: <core> [core/udp_server.c:517]: udp_rcv_loop(): probing packet received from 10.100.0.2 65532
 4(11) DEBUG: <core> [core/udp_server.c:517]: udp_rcv_loop(): probing packet received from 10.100.0.2 55315
 1(8) DEBUG: <core> [core/udp_server.c:517]: udp_rcv_loop(): probing packet received from 10.100.0.2 65532
 2(9) DEBUG: <core> [core/udp_server.c:494]: udp_rcv_loop(): received on udp socket: (112/100/512) [[REGISTER sip:10.100.0.10 SIP/2.0 0D  0A Via: SIP/2.0/UDP 10.45.0.2:5080;branch=z9hG4bK.K9yFS59kj;rport 0D  0A Fr]]
 2(9) DEBUG: <core> [core/parser/parse_fline.c:249]: parse_first_line(): first line type 1 (request) flags 1
 2(9) DEBUG: <core> [core/parser/msg_parser.c:679]: parse_msg(): SIP Request:
 2(9) DEBUG: <core> [core/parser/msg_parser.c:680]: parse_msg():  method:  <REGISTER>
 2(9) DEBUG: <core> [core/parser/msg_parser.c:682]: parse_msg():  uri:     <sip:10.100.0.10>
 2(9) DEBUG: <core> [core/parser/msg_parser.c:684]: parse_msg():  version: <SIP/2.0>
 2(9) DEBUG: <core> [core/parser/parse_hname2.c:301]: parse_sip_header_name(): parsed header name [Via] type 1
 2(9) DEBUG: <core> [core/parser/parse_via.c:1300]: parse_via_param(): Found param type 232, <branch> = <z9hG4bK.K9yFS59kj>; state=6
 2(9) DEBUG: <core> [core/parser/parse_via.c:1300]: parse_via_param(): Found param type 235, <rport> = <n/a>; state=17
 2(9) DEBUG: <core> [core/parser/parse_via.c:2639]: parse_via(): end of header reached, state=5
 2(9) DEBUG: <core> [core/parser/msg_parser.c:555]: parse_headers(): Via found, flags=2
 2(9) DEBUG: <core> [core/parser/msg_parser.c:557]: parse_headers(): this is the first via
 2(9) DEBUG: <core> [core/parser/parse_hname2.c:301]: parse_sip_header_name(): parsed header name [From] type 4
 2(9) DEBUG: <core> [core/parser/parse_hname2.c:301]: parse_sip_header_name(): parsed header name [To] type 3
 2(9) DEBUG: <core> [core/parser/parse_addr_spec.c:884]: parse_addr_spec(): end of header reached, state=9
 3(10) DEBUG: <core> [core/udp_server.c:494]: udp_rcv_loop(): received on udp socket: (112/100/511) [[REGISTER sip:10.100.0.10 SIP/2.0 0D  0A Via: SIP/2.0/UDP 10.45.0.3:5080;branch=z9hG4bK.gQYkITen-;rport 0D  0A Fr]]
 2(9) DEBUG: <core> [core/parser/msg_parser.c:172]: get_hdr_field(): <To> [21]; uri=[sip:ue1@10.100.0.10]
 3(10) DEBUG: <core> [core/parser/parse_fline.c:249]: parse_first_line(): first line type 1 (request) flags 1
 3(10) DEBUG: <core> [core/parser/msg_parser.c:679]: parse_msg(): SIP Request:
 3(10) DEBUG: <core> [core/parser/msg_parser.c:680]: parse_msg():  method:  <REGISTER>
 3(10) DEBUG: <core> [core/parser/msg_parser.c:682]: parse_msg():  uri:     <sip:10.100.0.10>
 3(10) DEBUG: <core> [core/parser/msg_parser.c:684]: parse_msg():  version: <SIP/2.0>
 3(10) DEBUG: <core> [core/parser/parse_hname2.c:301]: parse_sip_header_name(): parsed header name [Via] type 1
 3(10) DEBUG: <core> [core/parser/parse_via.c:1300]: parse_via_param(): Found param type 232, <branch> = <z9hG4bK.gQYkITen->; state=6
 3(10) DEBUG: <core> [core/parser/parse_via.c:1300]: parse_via_param(): Found param type 235, <rport> = <n/a>; state=17
 3(10) DEBUG: <core> [core/parser/parse_via.c:2639]: parse_via(): end of header reached, state=5
 3(10) DEBUG: <core> [core/parser/msg_parser.c:555]: parse_headers(): Via found, flags=2
 3(10) DEBUG: <core> [core/parser/msg_parser.c:557]: parse_headers(): this is the first via
 3(10) DEBUG: <core> [core/parser/parse_hname2.c:301]: parse_sip_header_name(): parsed header name [From] type 4
 3(10) DEBUG: <core> [core/parser/parse_hname2.c:301]: parse_sip_header_name(): parsed header name [To] type 3
 3(10) DEBUG: <core> [core/parser/parse_addr_spec.c:884]: parse_addr_spec(): end of header reached, state=9
 3(10) DEBUG: <core> [core/parser/msg_parser.c:172]: get_hdr_field(): <To> [21]; uri=[sip:ue2@10.100.0.10]
 3(10) DEBUG: <core> [core/parser/msg_parser.c:174]: get_hdr_field(): to body (21)[sip:ue2@10.100.0.10
], to tag (0)[]
 3(10) DEBUG: <core> [core/parser/parse_hname2.c:301]: parse_sip_header_name(): parsed header name [CSeq] type 5
 3(10) DEBUG: <core> [core/parser/msg_parser.c:152]: get_hdr_field(): cseq <CSeq>: <33> <REGISTER>
 3(10) DEBUG: <core> [core/parser/parse_hname2.c:301]: parse_sip_header_name(): parsed header name [Call-ID] type 6
 2(9) DEBUG: <core> [core/parser/msg_parser.c:174]: get_hdr_field(): to body (21)[sip:ue1@10.100.0.10
], to tag (0)[]
 3(10) DEBUG: <core> [core/receive.c:389]: receive_msg(): --- received sip message - request - call-id: [dsvYoZjw3U] - cseq: [33 REGISTER]
 2(9) DEBUG: <core> [core/parser/parse_hname2.c:301]: parse_sip_header_name(): parsed header name [CSeq] type 5
 3(10) DEBUG: <core> [core/receive.c:261]: ksr_evrt_pre_routing(): event route core:pre-routing not defined
 2(9) DEBUG: <core> [core/parser/msg_parser.c:152]: get_hdr_field(): cseq <CSeq>: <33> <REGISTER>
 3(10) DEBUG: <core> [core/receive.c:471]: receive_msg(): preparing to run routing scripts...
 2(9) DEBUG: <core> [core/parser/parse_hname2.c:301]: parse_sip_header_name(): parsed header name [Call-ID] type 6
 2(9) DEBUG: <core> [core/receive.c:389]: receive_msg(): --- received sip message - request - call-id: [0vxMX1n5jC] - cseq: [33 REGISTER]
 2(9) DEBUG: <core> [core/receive.c:261]: ksr_evrt_pre_routing(): event route core:pre-routing not defined
 2(9) DEBUG: <core> [core/receive.c:471]: receive_msg(): preparing to run routing scripts...
 2(9) DEBUG: sanity [sanity.c:247]: check_ruri_sip_version(): check_ruri_sip_version entered
 3(10) DEBUG: sanity [sanity.c:247]: check_ruri_sip_version(): check_ruri_sip_version entered
 2(9) DEBUG: sanity [sanity.c:270]: check_ruri_sip_version(): check_ruri_sip_version passed
 3(10) DEBUG: sanity [sanity.c:270]: check_ruri_sip_version(): check_ruri_sip_version passed
 2(9) DEBUG: sanity [sanity.c:277]: check_ruri_scheme(): check_ruri_scheme entered
 3(10) DEBUG: sanity [sanity.c:277]: check_ruri_scheme(): check_ruri_scheme entered
 2(9) DEBUG: sanity [sanity.c:297]: check_ruri_scheme(): check_ruri_scheme passed
 3(10) DEBUG: sanity [sanity.c:297]: check_ruri_scheme(): check_ruri_scheme passed
 3(10) DEBUG: sanity [sanity.c:318]: check_required_headers(): check_required_headers entered
 2(9) DEBUG: sanity [sanity.c:318]: check_required_headers(): check_required_headers entered
 3(10) DEBUG: <core> [core/parser/parse_hname2.c:301]: parse_sip_header_name(): parsed header name [Max-Forwards] type 8
 2(9) DEBUG: <core> [core/parser/parse_hname2.c:301]: parse_sip_header_name(): parsed header name [Max-Forwards] type 8
 3(10) DEBUG: <core> [core/parser/parse_hname2.c:301]: parse_sip_header_name(): parsed header name [Supported] type 17
 2(9) DEBUG: <core> [core/parser/parse_hname2.c:301]: parse_sip_header_name(): parsed header name [Supported] type 17
 3(10) DEBUG: <core> [core/parser/parse_hname2.c:301]: parse_sip_header_name(): parsed header name [Accept] type 23
 2(9) DEBUG: <core> [core/parser/parse_hname2.c:301]: parse_sip_header_name(): parsed header name [Accept] type 23
 3(10) DEBUG: <core> [core/parser/parse_hname2.c:301]: parse_sip_header_name(): parsed header name [Accept] type 23
 2(9) DEBUG: <core> [core/parser/parse_hname2.c:301]: parse_sip_header_name(): parsed header name [Accept] type 23
 3(10) DEBUG: <core> [core/parser/parse_hname2.c:301]: parse_sip_header_name(): parsed header name [Accept] type 23
 2(9) DEBUG: <core> [core/parser/parse_hname2.c:301]: parse_sip_header_name(): parsed header name [Accept] type 23
 3(10) DEBUG: <core> [core/parser/parse_hname2.c:301]: parse_sip_header_name(): parsed header name [Contact] type 7
 2(9) DEBUG: <core> [core/parser/parse_hname2.c:301]: parse_sip_header_name(): parsed header name [Contact] type 7
 3(10) DEBUG: <core> [core/parser/parse_hname2.c:301]: parse_sip_header_name(): parsed header name [Expires] type 14
 2(9) DEBUG: <core> [core/parser/parse_hname2.c:301]: parse_sip_header_name(): parsed header name [Expires] type 14
 3(10) DEBUG: <core> [core/parser/parse_hname2.c:301]: parse_sip_header_name(): parsed header name [User-Agent] type 28
 2(9) DEBUG: <core> [core/parser/parse_hname2.c:301]: parse_sip_header_name(): parsed header name [User-Agent] type 28
 2(9) DEBUG: <core> [core/parser/msg_parser.c:91]: get_hdr_field(): found end of header
 3(10) DEBUG: <core> [core/parser/msg_parser.c:91]: get_hdr_field(): found end of header
 2(9) DEBUG: sanity [sanity.c:340]: check_required_headers(): check_required_headers passed
 3(10) DEBUG: sanity [sanity.c:340]: check_required_headers(): check_required_headers passed
 3(10) DEBUG: sanity [sanity.c:506]: check_cseq_method(): check_cseq_method entered
 2(9) DEBUG: sanity [sanity.c:506]: check_cseq_method(): check_cseq_method entered
 3(10) DEBUG: sanity [sanity.c:539]: check_cseq_method(): check_cseq_method passed
 2(9) DEBUG: sanity [sanity.c:539]: check_cseq_method(): check_cseq_method passed
 2(9) DEBUG: sanity [sanity.c:548]: check_cseq_value(): check_cseq_value entered
 3(10) DEBUG: sanity [sanity.c:548]: check_cseq_value(): check_cseq_value entered
 2(9) DEBUG: sanity [sanity.c:576]: check_cseq_value(): check_cseq_value passed
 3(10) DEBUG: sanity [sanity.c:576]: check_cseq_value(): check_cseq_value passed
 3(10) DEBUG: sanity [sanity.c:585]: check_cl(): check_cl entered
 2(9) DEBUG: sanity [sanity.c:585]: check_cl(): check_cl entered
 3(10) WARNING: sanity [sanity.c:612]: check_cl(): content length header missing in request
 2(9) WARNING: sanity [sanity.c:612]: check_cl(): content length header missing in request
 2(9) DEBUG: sanity [sanity.c:622]: check_expires_value(): check_expires_value entered
 3(10) DEBUG: sanity [sanity.c:622]: check_expires_value(): check_expires_value entered
 3(10) DEBUG: sanity [sanity.c:657]: check_expires_value(): check_expires_value passed
 2(9) DEBUG: sanity [sanity.c:657]: check_expires_value(): check_expires_value passed
 3(10) DEBUG: sanity [sanity.c:758]: check_parse_uris(): check_parse_uris entered
 2(9) DEBUG: sanity [sanity.c:758]: check_parse_uris(): check_parse_uris entered
 3(10) DEBUG: sanity [sanity.c:762]: check_parse_uris(): parsing ruri
 2(9) DEBUG: sanity [sanity.c:762]: check_parse_uris(): parsing ruri
 3(10) DEBUG: sanity [sanity.c:776]: check_parse_uris(): looking up From header
 2(9) DEBUG: sanity [sanity.c:776]: check_parse_uris(): looking up From header
 2(9) DEBUG: <core> [core/parser/parse_addr_spec.c:185]: parse_to_param(): add param: tag=hAwde4SMe
 3(10) DEBUG: <core> [core/parser/parse_addr_spec.c:185]: parse_to_param(): add param: tag=AXZuULbt5
 3(10) DEBUG: <core> [core/parser/parse_addr_spec.c:884]: parse_addr_spec(): end of header reached, state=29
 3(10) DEBUG: sanity [sanity.c:791]: check_parse_uris(): looking up To header
 3(10) DEBUG: sanity [sanity.c:838]: check_parse_uris(): check_parse_uris passed
 3(10) DEBUG: sanity [sanity_mod.c:254]: w_sanity_check(): sanity checks result: 1
 3(10) DEBUG: maxfwd [mf_funcs.c:74]: is_maxfwd_present(): value = 70 
 3(10) DEBUG: tm [t_lookup.c:1053]: t_check_msg(): msg (0x72ec244160a0) id=12/10 global id=11/10 T start=(nil)
 3(10) DEBUG: tm [t_lookup.c:497]: t_lookup_request(): start searching: hash=32576, isACK=0
 3(10) DEBUG: tm [t_lookup.c:455]: matching_3261(): RFC3261 transaction matching failed - via branch [z9hG4bK.gQYkITen-]
 3(10) DEBUG: tm [t_lookup.c:675]: t_lookup_request(): no transaction found
 3(10) DEBUG: tm [t_lookup.c:1122]: t_check_msg(): msg (0x72ec244160a0) id=12/10 global id=12/10 T end=(nil)
 3(10) DEBUG: siputils [checks.c:120]: has_totag(): no totag
 3(10) DEBUG: <core> [core/msg_translator.c:162]: check_via_address(): (10.100.0.2, 10.45.0.3, 0)
 3(10) DEBUG: registrar [save.c:324]: pack_ci(): set instance[<urn:uuid:b1ec2359-ddd8-000f-aa02-ab2f9af9fbe2>]
 3(10) DEBUG: <core> [core/utils/sruid.c:214]: sruid_nextx(): new sruid is [uloc-6a67c949-a-01] (16 / 18)
 3(10) DEBUG: registrar [save.c:421]: pack_ci(): generated ruid is: uloc-6a67c949-a-01
 3(10) DEBUG: <core> [core/utils/sruid.c:214]: sruid_nextx(): new sruid is [uloc-6a67c949-a-11] (17 / 18)
 3(10) DEBUG: registrar [save.c:421]: pack_ci(): generated ruid is: uloc-6a67c949-a-11
 3(10) DEBUG: registrar [reply.c:334]: build_contact(): created Contact HF: Contact: <sip:ue2@10.100.0.2:5080;transport=udp>;expires=60;received="sip:10.100.0.2:5080";+sip.instance="<urn:uuid:b1ec2359-ddd8-000f-aa02-ab2f9af9fbe2>"

 3(10) DEBUG: sl [sl.c:310]: send_reply(): reply in stateless mode (sl)
 3(10) DEBUG: <core> [core/receive.c:126]: sip_check_fline(): first line indicates a SIP reply
 3(10) INFO: <script>: REGISTER sip:ue2@10.100.0.10 from 10.100.0.2:5080 saved (contact <sip:ue2@10.100.0.2:5080;transport=udp>;+sip.instance="<urn:uuid:b1ec2359-ddd8-000f-aa02-ab2f9af9fbe2>")
 2(9) DEBUG: <core> [core/parser/parse_addr_spec.c:884]: parse_addr_spec(): end of header reached, state=29
 2(9) DEBUG: sanity [sanity.c:791]: check_parse_uris(): looking up To header
 2(9) DEBUG: sanity [sanity.c:838]: check_parse_uris(): check_parse_uris passed
 2(9) DEBUG: sanity [sanity_mod.c:254]: w_sanity_check(): sanity checks result: 1
 2(9) DEBUG: maxfwd [mf_funcs.c:74]: is_maxfwd_present(): value = 70 
 3(10) DEBUG: <core> [core/receive.c:528]: receive_msg(): request-route executed in: 829 usec
 2(9) DEBUG: tm [t_lookup.c:1053]: t_check_msg(): msg (0x72ec244160a0) id=10/9 global id=9/9 T start=(nil)
 2(9) DEBUG: tm [t_lookup.c:497]: t_lookup_request(): start searching: hash=7232, isACK=0
 2(9) DEBUG: tm [t_lookup.c:455]: matching_3261(): RFC3261 transaction matching failed - via branch [z9hG4bK.K9yFS59kj]
 2(9) DEBUG: tm [t_lookup.c:675]: t_lookup_request(): no transaction found
 3(10) DEBUG: <core> [core/usr_avp.c:637]: destroy_avp_list(): destroying list 0x72ec200ecf70
 2(9) DEBUG: tm [t_lookup.c:1122]: t_check_msg(): msg (0x72ec244160a0) id=10/9 global id=10/9 T end=(nil)
 3(10) DEBUG: <core> [core/usr_avp.c:637]: destroy_avp_list(): destroying list (nil)
 3(10) DEBUG: <core> [core/usr_avp.c:637]: destroy_avp_list(): destroying list (nil)
 3(10) DEBUG: <core> [core/usr_avp.c:637]: destroy_avp_list(): destroying list (nil)
 2(9) DEBUG: siputils [checks.c:120]: has_totag(): no totag
 3(10) DEBUG: <core> [core/usr_avp.c:637]: destroy_avp_list(): destroying list (nil)
 3(10) DEBUG: <core> [core/usr_avp.c:637]: destroy_avp_list(): destroying list (nil)
 3(10) DEBUG: <core> [core/xavp.c:541]: xavp_destroy_list(): destroying xavp list (nil)
 3(10) DEBUG: <core> [core/xavp.c:541]: xavp_destroy_list(): destroying xavp list (nil)
 3(10) DEBUG: <core> [core/xavp.c:541]: xavp_destroy_list(): destroying xavp list (nil)
 3(10) DEBUG: <core> [core/receive.c:628]: receive_msg(): cleaning up
 2(9) DEBUG: registrar [save.c:324]: pack_ci(): set instance[<urn:uuid:0eb0eedb-d3c7-0093-a588-a2ecb233c438>]
 2(9) DEBUG: <core> [core/utils/sruid.c:214]: sruid_nextx(): new sruid is [uloc-6a67c949-9-e] (14 / 17)
 2(9) DEBUG: registrar [save.c:421]: pack_ci(): generated ruid is: uloc-6a67c949-9-e
 2(9) DEBUG: <core> [core/utils/sruid.c:214]: sruid_nextx(): new sruid is [uloc-6a67c949-9-f] (15 / 17)
 2(9) DEBUG: registrar [save.c:421]: pack_ci(): generated ruid is: uloc-6a67c949-9-f
 2(9) DEBUG: registrar [reply.c:334]: build_contact(): created Contact HF: Contact: <sip:ue1@10.100.0.2:64767;transport=udp>;expires=60;received="sip:10.100.0.2:64767";+sip.instance="<urn:uuid:0eb0eedb-d3c7-0093-a588-a2ecb233c438>"

 2(9) DEBUG: sl [sl.c:310]: send_reply(): reply in stateless mode (sl)
 2(9) DEBUG: <core> [core/receive.c:126]: sip_check_fline(): first line indicates a SIP reply
 2(9) INFO: <script>: REGISTER sip:ue1@10.100.0.10 from 10.100.0.2:64767 saved (contact <sip:ue1@10.100.0.2:64767;transport=udp>;+sip.instance="<urn:uuid:0eb0eedb-d3c7-0093-a588-a2ecb233c438>")
 2(9) DEBUG: <core> [core/receive.c:528]: receive_msg(): request-route executed in: 1409 usec
 2(9) DEBUG: <core> [core/usr_avp.c:637]: destroy_avp_list(): destroying list 0x72ec200ecf70
 2(9) DEBUG: <core> [core/usr_avp.c:637]: destroy_avp_list(): destroying list (nil)
 2(9) DEBUG: <core> [core/usr_avp.c:637]: destroy_avp_list(): destroying list (nil)
 2(9) DEBUG: <core> [core/usr_avp.c:637]: destroy_avp_list(): destroying list (nil)
 2(9) DEBUG: <core> [core/usr_avp.c:637]: destroy_avp_list(): destroying list (nil)
 2(9) DEBUG: <core> [core/usr_avp.c:637]: destroy_avp_list(): destroying list (nil)
 2(9) DEBUG: <core> [core/xavp.c:541]: xavp_destroy_list(): destroying xavp list (nil)
 2(9) DEBUG: <core> [core/xavp.c:541]: xavp_destroy_list(): destroying xavp list (nil)
 2(9) DEBUG: <core> [core/xavp.c:541]: xavp_destroy_list(): destroying xavp list (nil)
 2(9) DEBUG: <core> [core/receive.c:628]: receive_msg(): cleaning up
 4(11) DEBUG: <core> [core/udp_server.c:517]: udp_rcv_loop(): probing packet received from 10.100.0.2 55315
 1(8) DEBUG: <core> [core/udp_server.c:517]: udp_rcv_loop(): probing packet received from 10.100.0.2 65532
 3(10) DEBUG: <core> [core/udp_server.c:517]: udp_rcv_loop(): probing packet received from 10.100.0.2 55315
 2(9) DEBUG: <core> [core/udp_server.c:517]: udp_rcv_loop(): probing packet received from 10.100.0.2 65532
 4(11) DEBUG: <core> [core/udp_server.c:517]: udp_rcv_loop(): probing packet received from 10.100.0.2 55315
 1(8) DEBUG: <core> [core/udp_server.c:517]: udp_rcv_loop(): probing packet received from 10.100.0.2 65532
 3(10) DEBUG: <core> [core/udp_server.c:517]: udp_rcv_loop(): probing packet received from 10.100.0.2 55315
 2(9) DEBUG: <core> [core/udp_server.c:517]: udp_rcv_loop(): probing packet received from 10.100.0.2 65532
 4(11) DEBUG: <core> [core/udp_server.c:517]: udp_rcv_loop(): probing packet received from 10.100.0.2 55315
 1(8) DEBUG: <core> [core/udp_server.c:517]: udp_rcv_loop(): probing packet received from 10.100.0.2 65532
 3(10) DEBUG: <core> [core/udp_server.c:517]: udp_rcv_loop(): probing packet received from 10.100.0.2 55315
 2(9) DEBUG: <core> [core/udp_server.c:517]: udp_rcv_loop(): probing packet received from 10.100.0.2 65532
 4(11) DEBUG: <core> [core/udp_server.c:494]: udp_rcv_loop(): received on udp socket: (112/100/512) [[REGISTER sip:10.100.0.10 SIP/2.0 0D  0A Via: SIP/2.0/UDP 10.45.0.2:5080;branch=z9hG4bK.ii3I0p61S;rport 0D  0A Fr]]
 4(11) DEBUG: <core> [core/parser/parse_fline.c:249]: parse_first_line(): first line type 1 (request) flags 1
 4(11) DEBUG: <core> [core/parser/msg_parser.c:679]: parse_msg(): SIP Request:
 4(11) DEBUG: <core> [core/parser/msg_parser.c:680]: parse_msg():  method:  <REGISTER>
 4(11) DEBUG: <core> [core/parser/msg_parser.c:682]: parse_msg():  uri:     <sip:10.100.0.10>
 4(11) DEBUG: <core> [core/parser/msg_parser.c:684]: parse_msg():  version: <SIP/2.0>
 4(11) DEBUG: <core> [core/parser/parse_hname2.c:301]: parse_sip_header_name(): parsed header name [Via] type 1
 4(11) DEBUG: <core> [core/parser/parse_via.c:1300]: parse_via_param(): Found param type 232, <branch> = <z9hG4bK.ii3I0p61S>; state=6
 4(11) DEBUG: <core> [core/parser/parse_via.c:1300]: parse_via_param(): Found param type 235, <rport> = <n/a>; state=17
 4(11) DEBUG: <core> [core/parser/parse_via.c:2639]: parse_via(): end of header reached, state=5
 4(11) DEBUG: <core> [core/parser/msg_parser.c:555]: parse_headers(): Via found, flags=2
 4(11) DEBUG: <core> [core/parser/msg_parser.c:557]: parse_headers(): this is the first via
 4(11) DEBUG: <core> [core/parser/parse_hname2.c:301]: parse_sip_header_name(): parsed header name [From] type 4
 4(11) DEBUG: <core> [core/parser/parse_hname2.c:301]: parse_sip_header_name(): parsed header name [To] type 3
 4(11) DEBUG: <core> [core/parser/parse_addr_spec.c:884]: parse_addr_spec(): end of header reached, state=9
 4(11) DEBUG: <core> [core/parser/msg_parser.c:172]: get_hdr_field(): <To> [21]; uri=[sip:ue1@10.100.0.10]
 4(11) DEBUG: <core> [core/parser/msg_parser.c:174]: get_hdr_field(): to body (21)[sip:ue1@10.100.0.10
], to tag (0)[]
 4(11) DEBUG: <core> [core/parser/parse_hname2.c:301]: parse_sip_header_name(): parsed header name [CSeq] type 5
 4(11) DEBUG: <core> [core/parser/msg_parser.c:152]: get_hdr_field(): cseq <CSeq>: <34> <REGISTER>
 4(11) DEBUG: <core> [core/parser/parse_hname2.c:301]: parse_sip_header_name(): parsed header name [Call-ID] type 6
 4(11) DEBUG: <core> [core/receive.c:389]: receive_msg(): --- received sip message - request - call-id: [0vxMX1n5jC] - cseq: [34 REGISTER]
 4(11) DEBUG: <core> [core/receive.c:261]: ksr_evrt_pre_routing(): event route core:pre-routing not defined
 4(11) DEBUG: <core> [core/receive.c:471]: receive_msg(): preparing to run routing scripts...
 4(11) DEBUG: sanity [sanity.c:247]: check_ruri_sip_version(): check_ruri_sip_version entered
 4(11) DEBUG: sanity [sanity.c:270]: check_ruri_sip_version(): check_ruri_sip_version passed
 4(11) DEBUG: sanity [sanity.c:277]: check_ruri_scheme(): check_ruri_scheme entered
 4(11) DEBUG: sanity [sanity.c:297]: check_ruri_scheme(): check_ruri_scheme passed
 4(11) DEBUG: sanity [sanity.c:318]: check_required_headers(): check_required_headers entered
 4(11) DEBUG: <core> [core/parser/parse_hname2.c:301]: parse_sip_header_name(): parsed header name [Max-Forwards] type 8
 4(11) DEBUG: <core> [core/parser/parse_hname2.c:301]: parse_sip_header_name(): parsed header name [Supported] type 17
 4(11) DEBUG: <core> [core/parser/parse_hname2.c:301]: parse_sip_header_name(): parsed header name [Accept] type 23
 4(11) DEBUG: <core> [core/parser/parse_hname2.c:301]: parse_sip_header_name(): parsed header name [Accept] type 23
 4(11) DEBUG: <core> [core/parser/parse_hname2.c:301]: parse_sip_header_name(): parsed header name [Accept] type 23
 4(11) DEBUG: <core> [core/parser/parse_hname2.c:301]: parse_sip_header_name(): parsed header name [Contact] type 7
 4(11) DEBUG: <core> [core/parser/parse_hname2.c:301]: parse_sip_header_name(): parsed header name [Expires] type 14
 4(11) DEBUG: <core> [core/parser/parse_hname2.c:301]: parse_sip_header_name(): parsed header name [User-Agent] type 28
 4(11) DEBUG: <core> [core/parser/msg_parser.c:91]: get_hdr_field(): found end of header
 4(11) DEBUG: sanity [sanity.c:340]: check_required_headers(): check_required_headers passed
 4(11) DEBUG: sanity [sanity.c:506]: check_cseq_method(): check_cseq_method entered
 4(11) DEBUG: sanity [sanity.c:539]: check_cseq_method(): check_cseq_method passed
 4(11) DEBUG: sanity [sanity.c:548]: check_cseq_value(): check_cseq_value entered
 4(11) DEBUG: sanity [sanity.c:576]: check_cseq_value(): check_cseq_value passed
 4(11) DEBUG: sanity [sanity.c:585]: check_cl(): check_cl entered
 4(11) WARNING: sanity [sanity.c:612]: check_cl(): content length header missing in request
 4(11) DEBUG: sanity [sanity.c:622]: check_expires_value(): check_expires_value entered
 4(11) DEBUG: sanity [sanity.c:657]: check_expires_value(): check_expires_value passed
 4(11) DEBUG: sanity [sanity.c:758]: check_parse_uris(): check_parse_uris entered
 4(11) DEBUG: sanity [sanity.c:762]: check_parse_uris(): parsing ruri
 1(8) DEBUG: <core> [core/udp_server.c:494]: udp_rcv_loop(): received on udp socket: (112/100/511) [[REGISTER sip:10.100.0.10 SIP/2.0 0D  0A Via: SIP/2.0/UDP 10.45.0.3:5080;branch=z9hG4bK.0HC4BwbWb;rport 0D  0A Fr]]
 4(11) DEBUG: sanity [sanity.c:776]: check_parse_uris(): looking up From header
 1(8) DEBUG: <core> [core/parser/parse_fline.c:249]: parse_first_line(): first line type 1 (request) flags 1
 1(8) DEBUG: <core> [core/parser/msg_parser.c:679]: parse_msg(): SIP Request:
 1(8) DEBUG: <core> [core/parser/msg_parser.c:680]: parse_msg():  method:  <REGISTER>
 1(8) DEBUG: <core> [core/parser/msg_parser.c:682]: parse_msg():  uri:     <sip:10.100.0.10>
 1(8) DEBUG: <core> [core/parser/msg_parser.c:684]: parse_msg():  version: <SIP/2.0>
 1(8) DEBUG: <core> [core/parser/parse_hname2.c:301]: parse_sip_header_name(): parsed header name [Via] type 1
 1(8) DEBUG: <core> [core/parser/parse_via.c:1300]: parse_via_param(): Found param type 232, <branch> = <z9hG4bK.0HC4BwbWb>; state=6
 4(11) DEBUG: <core> [core/parser/parse_addr_spec.c:185]: parse_to_param(): add param: tag=hAwde4SMe
 1(8) DEBUG: <core> [core/parser/parse_via.c:1300]: parse_via_param(): Found param type 235, <rport> = <n/a>; state=17
 4(11) DEBUG: <core> [core/parser/parse_addr_spec.c:884]: parse_addr_spec(): end of header reached, state=29
 1(8) DEBUG: <core> [core/parser/parse_via.c:2639]: parse_via(): end of header reached, state=5
 1(8) DEBUG: <core> [core/parser/msg_parser.c:555]: parse_headers(): Via found, flags=2
 4(11) DEBUG: sanity [sanity.c:791]: check_parse_uris(): looking up To header
 1(8) DEBUG: <core> [core/parser/msg_parser.c:557]: parse_headers(): this is the first via
 4(11) DEBUG: sanity [sanity.c:838]: check_parse_uris(): check_parse_uris passed
 1(8) DEBUG: <core> [core/parser/parse_hname2.c:301]: parse_sip_header_name(): parsed header name [From] type 4
 4(11) DEBUG: sanity [sanity_mod.c:254]: w_sanity_check(): sanity checks result: 1
 1(8) DEBUG: <core> [core/parser/parse_hname2.c:301]: parse_sip_header_name(): parsed header name [To] type 3
 1(8) DEBUG: <core> [core/parser/parse_addr_spec.c:884]: parse_addr_spec(): end of header reached, state=9
 1(8) DEBUG: <core> [core/parser/msg_parser.c:172]: get_hdr_field(): <To> [21]; uri=[sip:ue2@10.100.0.10]
 1(8) DEBUG: <core> [core/parser/msg_parser.c:174]: get_hdr_field(): to body (21)[sip:ue2@10.100.0.10
], to tag (0)[]
 1(8) DEBUG: <core> [core/parser/parse_hname2.c:301]: parse_sip_header_name(): parsed header name [CSeq] type 5
 1(8) DEBUG: <core> [core/parser/msg_parser.c:152]: get_hdr_field(): cseq <CSeq>: <34> <REGISTER>
 1(8) DEBUG: <core> [core/parser/parse_hname2.c:301]: parse_sip_header_name(): parsed header name [Call-ID] type 6
 1(8) DEBUG: <core> [core/receive.c:389]: receive_msg(): --- received sip message - request - call-id: [dsvYoZjw3U] - cseq: [34 REGISTER]
 1(8) DEBUG: <core> [core/receive.c:261]: ksr_evrt_pre_routing(): event route core:pre-routing not defined
 1(8) DEBUG: <core> [core/receive.c:471]: receive_msg(): preparing to run routing scripts...
 1(8) DEBUG: sanity [sanity.c:247]: check_ruri_sip_version(): check_ruri_sip_version entered
 4(11) DEBUG: maxfwd [mf_funcs.c:74]: is_maxfwd_present(): value = 70 
 1(8) DEBUG: sanity [sanity.c:270]: check_ruri_sip_version(): check_ruri_sip_version passed
 1(8) DEBUG: sanity [sanity.c:277]: check_ruri_scheme(): check_ruri_scheme entered
 1(8) DEBUG: sanity [sanity.c:297]: check_ruri_scheme(): check_ruri_scheme passed
 1(8) DEBUG: sanity [sanity.c:318]: check_required_headers(): check_required_headers entered
 1(8) DEBUG: <core> [core/parser/parse_hname2.c:301]: parse_sip_header_name(): parsed header name [Max-Forwards] type 8
 1(8) DEBUG: <core> [core/parser/parse_hname2.c:301]: parse_sip_header_name(): parsed header name [Supported] type 17
 1(8) DEBUG: <core> [core/parser/parse_hname2.c:301]: parse_sip_header_name(): parsed header name [Accept] type 23
 1(8) DEBUG: <core> [core/parser/parse_hname2.c:301]: parse_sip_header_name(): parsed header name [Accept] type 23
 1(8) DEBUG: <core> [core/parser/parse_hname2.c:301]: parse_sip_header_name(): parsed header name [Accept] type 23
 1(8) DEBUG: <core> [core/parser/parse_hname2.c:301]: parse_sip_header_name(): parsed header name [Contact] type 7
 1(8) DEBUG: <core> [core/parser/parse_hname2.c:301]: parse_sip_header_name(): parsed header name [Expires] type 14
 1(8) DEBUG: <core> [core/parser/parse_hname2.c:301]: parse_sip_header_name(): parsed header name [User-Agent] type 28
 1(8) DEBUG: <core> [core/parser/msg_parser.c:91]: get_hdr_field(): found end of header
 1(8) DEBUG: sanity [sanity.c:340]: check_required_headers(): check_required_headers passed
 1(8) DEBUG: sanity [sanity.c:506]: check_cseq_method(): check_cseq_method entered
 1(8) DEBUG: sanity [sanity.c:539]: check_cseq_method(): check_cseq_method passed
 1(8) DEBUG: sanity [sanity.c:548]: check_cseq_value(): check_cseq_value entered
 1(8) DEBUG: sanity [sanity.c:576]: check_cseq_value(): check_cseq_value passed
 1(8) DEBUG: sanity [sanity.c:585]: check_cl(): check_cl entered
 1(8) WARNING: sanity [sanity.c:612]: check_cl(): content length header missing in request
 1(8) DEBUG: sanity [sanity.c:622]: check_expires_value(): check_expires_value entered
 1(8) DEBUG: sanity [sanity.c:657]: check_expires_value(): check_expires_value passed
 1(8) DEBUG: sanity [sanity.c:758]: check_parse_uris(): check_parse_uris entered
 1(8) DEBUG: sanity [sanity.c:762]: check_parse_uris(): parsing ruri
 1(8) DEBUG: sanity [sanity.c:776]: check_parse_uris(): looking up From header
 1(8) DEBUG: <core> [core/parser/parse_addr_spec.c:185]: parse_to_param(): add param: tag=AXZuULbt5
 4(11) DEBUG: tm [t_lookup.c:1053]: t_check_msg(): msg (0x72ec244160a0) id=12/11 global id=11/11 T start=(nil)
 1(8) DEBUG: <core> [core/parser/parse_addr_spec.c:884]: parse_addr_spec(): end of header reached, state=29
 1(8) DEBUG: sanity [sanity.c:791]: check_parse_uris(): looking up To header
 4(11) DEBUG: tm [t_lookup.c:497]: t_lookup_request(): start searching: hash=7229, isACK=0
 1(8) DEBUG: sanity [sanity.c:838]: check_parse_uris(): check_parse_uris passed
 1(8) DEBUG: sanity [sanity_mod.c:254]: w_sanity_check(): sanity checks result: 1
 1(8) DEBUG: maxfwd [mf_funcs.c:74]: is_maxfwd_present(): value = 70 
 1(8) DEBUG: tm [t_lookup.c:1053]: t_check_msg(): msg (0x72ec244160a0) id=10/8 global id=9/8 T start=(nil)
 4(11) DEBUG: tm [t_lookup.c:455]: matching_3261(): RFC3261 transaction matching failed - via branch [z9hG4bK.ii3I0p61S]
 4(11) DEBUG: tm [t_lookup.c:675]: t_lookup_request(): no transaction found
 4(11) DEBUG: tm [t_lookup.c:1122]: t_check_msg(): msg (0x72ec244160a0) id=12/11 global id=12/11 T end=(nil)
 4(11) DEBUG: siputils [checks.c:120]: has_totag(): no totag
 1(8) DEBUG: tm [t_lookup.c:497]: t_lookup_request(): start searching: hash=32573, isACK=0
 1(8) DEBUG: tm [t_lookup.c:455]: matching_3261(): RFC3261 transaction matching failed - via branch [z9hG4bK.0HC4BwbWb]
 1(8) DEBUG: tm [t_lookup.c:675]: t_lookup_request(): no transaction found
 1(8) DEBUG: tm [t_lookup.c:1122]: t_check_msg(): msg (0x72ec244160a0) id=10/8 global id=10/8 T end=(nil)
 1(8) DEBUG: siputils [checks.c:120]: has_totag(): no totag
 1(8) DEBUG: <core> [core/msg_translator.c:162]: check_via_address(): (10.100.0.2, 10.45.0.3, 0)
 4(11) DEBUG: registrar [save.c:324]: pack_ci(): set instance[<urn:uuid:0eb0eedb-d3c7-0093-a588-a2ecb233c438>]
 4(11) DEBUG: <core> [core/utils/sruid.c:214]: sruid_nextx(): new sruid is [uloc-6a67c949-b-d] (13 / 17)
 4(11) DEBUG: registrar [save.c:421]: pack_ci(): generated ruid is: uloc-6a67c949-b-d
 4(11) DEBUG: <core> [core/utils/sruid.c:214]: sruid_nextx(): new sruid is [uloc-6a67c949-b-e] (14 / 17)
 4(11) DEBUG: registrar [save.c:421]: pack_ci(): generated ruid is: uloc-6a67c949-b-e
 4(11) DEBUG: registrar [reply.c:334]: build_contact(): created Contact HF: Contact: <sip:ue1@10.100.0.2:64767;transport=udp>;expires=60;received="sip:10.100.0.2:64767";+sip.instance="<urn:uuid:0eb0eedb-d3c7-0093-a588-a2ecb233c438>"

 4(11) DEBUG: sl [sl.c:310]: send_reply(): reply in stateless mode (sl)
 4(11) DEBUG: <core> [core/receive.c:126]: sip_check_fline(): first line indicates a SIP reply
 1(8) DEBUG: registrar [save.c:324]: pack_ci(): set instance[<urn:uuid:b1ec2359-ddd8-000f-aa02-ab2f9af9fbe2>]
 4(11) INFO: <script>: REGISTER sip:ue1@10.100.0.10 from 10.100.0.2:64767 saved (contact <sip:ue1@10.100.0.2:64767;transport=udp>;+sip.instance="<urn:uuid:0eb0eedb-d3c7-0093-a588-a2ecb233c438>")
 1(8) DEBUG: <core> [core/utils/sruid.c:214]: sruid_nextx(): new sruid is [uloc-6a67c949-8-b] (11 / 17)
 1(8) DEBUG: registrar [save.c:421]: pack_ci(): generated ruid is: uloc-6a67c949-8-b
 1(8) DEBUG: <core> [core/utils/sruid.c:214]: sruid_nextx(): new sruid is [uloc-6a67c949-8-c] (12 / 17)
 1(8) DEBUG: registrar [save.c:421]: pack_ci(): generated ruid is: uloc-6a67c949-8-c
 1(8) DEBUG: registrar [reply.c:334]: build_contact(): created Contact HF: Contact: <sip:ue2@10.100.0.2:5080;transport=udp>;expires=60;received="sip:10.100.0.2:5080";+sip.instance="<urn:uuid:b1ec2359-ddd8-000f-aa02-ab2f9af9fbe2>"

 1(8) DEBUG: sl [sl.c:310]: send_reply(): reply in stateless mode (sl)
 4(11) DEBUG: <core> [core/receive.c:528]: receive_msg(): request-route executed in: 2117 usec
 1(8) DEBUG: <core> [core/receive.c:126]: sip_check_fline(): first line indicates a SIP reply
 1(8) INFO: <script>: REGISTER sip:ue2@10.100.0.10 from 10.100.0.2:5080 saved (contact <sip:ue2@10.100.0.2:5080;transport=udp>;+sip.instance="<urn:uuid:b1ec2359-ddd8-000f-aa02-ab2f9af9fbe2>")
 4(11) DEBUG: <core> [core/usr_avp.c:637]: destroy_avp_list(): destroying list 0x72ec200ecf70
 4(11) DEBUG: <core> [core/usr_avp.c:637]: destroy_avp_list(): destroying list (nil)
 4(11) DEBUG: <core> [core/usr_avp.c:637]: destroy_avp_list(): destroying list (nil)
 4(11) DEBUG: <core> [core/usr_avp.c:637]: destroy_avp_list(): destroying list (nil)
 4(11) DEBUG: <core> [core/usr_avp.c:637]: destroy_avp_list(): destroying list (nil)
 4(11) DEBUG: <core> [core/usr_avp.c:637]: destroy_avp_list(): destroying list (nil)
 1(8) DEBUG: <core> [core/receive.c:528]: receive_msg(): request-route executed in: 1929 usec
 4(11) DEBUG: <core> [core/xavp.c:541]: xavp_destroy_list(): destroying xavp list (nil)
 4(11) DEBUG: <core> [core/xavp.c:541]: xavp_destroy_list(): destroying xavp list (nil)
 4(11) DEBUG: <core> [core/xavp.c:541]: xavp_destroy_list(): destroying xavp list (nil)
 4(11) DEBUG: <core> [core/receive.c:628]: receive_msg(): cleaning up
 1(8) DEBUG: <core> [core/usr_avp.c:637]: destroy_avp_list(): destroying list 0x72ec200ee2f0
 1(8) DEBUG: <core> [core/usr_avp.c:637]: destroy_avp_list(): destroying list (nil)
 1(8) DEBUG: <core> [core/usr_avp.c:637]: destroy_avp_list(): destroying list (nil)
 1(8) DEBUG: <core> [core/usr_avp.c:637]: destroy_avp_list(): destroying list (nil)
 1(8) DEBUG: <core> [core/usr_avp.c:637]: destroy_avp_list(): destroying list (nil)
 1(8) DEBUG: <core> [core/usr_avp.c:637]: destroy_avp_list(): destroying list (nil)
 1(8) DEBUG: <core> [core/xavp.c:541]: xavp_destroy_list(): destroying xavp list (nil)
 1(8) DEBUG: <core> [core/xavp.c:541]: xavp_destroy_list(): destroying xavp list (nil)
 1(8) DEBUG: <core> [core/xavp.c:541]: xavp_destroy_list(): destroying xavp list (nil)
 1(8) DEBUG: <core> [core/receive.c:628]: receive_msg(): cleaning up
 3(10) DEBUG: <core> [core/udp_server.c:517]: udp_rcv_loop(): probing packet received from 10.100.0.2 55315
 2(9) DEBUG: <core> [core/udp_server.c:517]: udp_rcv_loop(): probing packet received from 10.100.0.2 65532
 4(11) DEBUG: <core> [core/udp_server.c:517]: udp_rcv_loop(): probing packet received from 10.100.0.2 55315
 1(8) DEBUG: <core> [core/udp_server.c:517]: udp_rcv_loop(): probing packet received from 10.100.0.2 65532
 3(10) DEBUG: <core> [core/udp_server.c:517]: udp_rcv_loop(): probing packet received from 10.100.0.2 55315
 2(9) DEBUG: <core> [core/udp_server.c:517]: udp_rcv_loop(): probing packet received from 10.100.0.2 65532
 4(11) DEBUG: <core> [core/udp_server.c:517]: udp_rcv_loop(): probing packet received from 10.100.0.2 55315
 1(8) DEBUG: <core> [core/udp_server.c:517]: udp_rcv_loop(): probing packet received from 10.100.0.2 65532
 3(10) DEBUG: <core> [core/udp_server.c:517]: udp_rcv_loop(): probing packet received from 10.100.0.2 55315
 2(9) DEBUG: <core> [core/udp_server.c:517]: udp_rcv_loop(): probing packet received from 10.100.0.2 65532
 4(11) DEBUG: <core> [core/udp_server.c:494]: udp_rcv_loop(): received on udp socket: (112/100/511) [[REGISTER sip:10.100.0.10 SIP/2.0 0D  0A Via: SIP/2.0/UDP 10.45.0.3:5080;branch=z9hG4bK.a3c3aGBrI;rport 0D  0A Fr]]
 4(11) DEBUG: <core> [core/parser/parse_fline.c:249]: parse_first_line(): first line type 1 (request) flags 1
 4(11) DEBUG: <core> [core/parser/msg_parser.c:679]: parse_msg(): SIP Request:
 4(11) DEBUG: <core> [core/parser/msg_parser.c:680]: parse_msg():  method:  <REGISTER>
 4(11) DEBUG: <core> [core/parser/msg_parser.c:682]: parse_msg():  uri:     <sip:10.100.0.10>
 4(11) DEBUG: <core> [core/parser/msg_parser.c:684]: parse_msg():  version: <SIP/2.0>
 4(11) DEBUG: <core> [core/parser/parse_hname2.c:301]: parse_sip_header_name(): parsed header name [Via] type 1
 4(11) DEBUG: <core> [core/parser/parse_via.c:1300]: parse_via_param(): Found param type 232, <branch> = <z9hG4bK.a3c3aGBrI>; state=6
 4(11) DEBUG: <core> [core/parser/parse_via.c:1300]: parse_via_param(): Found param type 235, <rport> = <n/a>; state=17
 4(11) DEBUG: <core> [core/parser/parse_via.c:2639]: parse_via(): end of header reached, state=5
 4(11) DEBUG: <core> [core/parser/msg_parser.c:555]: parse_headers(): Via found, flags=2
 4(11) DEBUG: <core> [core/parser/msg_parser.c:557]: parse_headers(): this is the first via
 4(11) DEBUG: <core> [core/parser/parse_hname2.c:301]: parse_sip_header_name(): parsed header name [From] type 4
 4(11) DEBUG: <core> [core/parser/parse_hname2.c:301]: parse_sip_header_name(): parsed header name [To] type 3
 4(11) DEBUG: <core> [core/parser/parse_addr_spec.c:884]: parse_addr_spec(): end of header reached, state=9
 4(11) DEBUG: <core> [core/parser/msg_parser.c:172]: get_hdr_field(): <To> [21]; uri=[sip:ue2@10.100.0.10]
 4(11) DEBUG: <core> [core/parser/msg_parser.c:174]: get_hdr_field(): to body (21)[sip:ue2@10.100.0.10
], to tag (0)[]
 4(11) DEBUG: <core> [core/parser/parse_hname2.c:301]: parse_sip_header_name(): parsed header name [CSeq] type 5
 4(11) DEBUG: <core> [core/parser/msg_parser.c:152]: get_hdr_field(): cseq <CSeq>: <35> <REGISTER>
 4(11) DEBUG: <core> [core/parser/parse_hname2.c:301]: parse_sip_header_name(): parsed header name [Call-ID] type 6
 4(11) DEBUG: <core> [core/receive.c:389]: receive_msg(): --- received sip message - request - call-id: [dsvYoZjw3U] - cseq: [35 REGISTER]
 4(11) DEBUG: <core> [core/receive.c:261]: ksr_evrt_pre_routing(): event route core:pre-routing not defined
 4(11) DEBUG: <core> [core/receive.c:471]: receive_msg(): preparing to run routing scripts...
 4(11) DEBUG: sanity [sanity.c:247]: check_ruri_sip_version(): check_ruri_sip_version entered
 4(11) DEBUG: sanity [sanity.c:270]: check_ruri_sip_version(): check_ruri_sip_version passed
 4(11) DEBUG: sanity [sanity.c:277]: check_ruri_scheme(): check_ruri_scheme entered
 4(11) DEBUG: sanity [sanity.c:297]: check_ruri_scheme(): check_ruri_scheme passed
 4(11) DEBUG: sanity [sanity.c:318]: check_required_headers(): check_required_headers entered
 4(11) DEBUG: <core> [core/parser/parse_hname2.c:301]: parse_sip_header_name(): parsed header name [Max-Forwards] type 8
 4(11) DEBUG: <core> [core/parser/parse_hname2.c:301]: parse_sip_header_name(): parsed header name [Supported] type 17
 4(11) DEBUG: <core> [core/parser/parse_hname2.c:301]: parse_sip_header_name(): parsed header name [Accept] type 23
 4(11) DEBUG: <core> [core/parser/parse_hname2.c:301]: parse_sip_header_name(): parsed header name [Accept] type 23
 4(11) DEBUG: <core> [core/parser/parse_hname2.c:301]: parse_sip_header_name(): parsed header name [Accept] type 23
 4(11) DEBUG: <core> [core/parser/parse_hname2.c:301]: parse_sip_header_name(): parsed header name [Contact] type 7
 4(11) DEBUG: <core> [core/parser/parse_hname2.c:301]: parse_sip_header_name(): parsed header name [Expires] type 14
 4(11) DEBUG: <core> [core/parser/parse_hname2.c:301]: parse_sip_header_name(): parsed header name [User-Agent] type 28
 4(11) DEBUG: <core> [core/parser/msg_parser.c:91]: get_hdr_field(): found end of header
 4(11) DEBUG: sanity [sanity.c:340]: check_required_headers(): check_required_headers passed
 4(11) DEBUG: sanity [sanity.c:506]: check_cseq_method(): check_cseq_method entered
 4(11) DEBUG: sanity [sanity.c:539]: check_cseq_method(): check_cseq_method passed
 4(11) DEBUG: sanity [sanity.c:548]: check_cseq_value(): check_cseq_value entered
 4(11) DEBUG: sanity [sanity.c:576]: check_cseq_value(): check_cseq_value passed
 4(11) DEBUG: sanity [sanity.c:585]: check_cl(): check_cl entered
 4(11) WARNING: sanity [sanity.c:612]: check_cl(): content length header missing in request
 4(11) DEBUG: sanity [sanity.c:622]: check_expires_value(): check_expires_value entered
 4(11) DEBUG: sanity [sanity.c:657]: check_expires_value(): check_expires_value passed
 4(11) DEBUG: sanity [sanity.c:758]: check_parse_uris(): check_parse_uris entered
 4(11) DEBUG: sanity [sanity.c:762]: check_parse_uris(): parsing ruri
 4(11) DEBUG: sanity [sanity.c:776]: check_parse_uris(): looking up From header
 4(11) DEBUG: <core> [core/parser/parse_addr_spec.c:185]: parse_to_param(): add param: tag=AXZuULbt5
 4(11) DEBUG: <core> [core/parser/parse_addr_spec.c:884]: parse_addr_spec(): end of header reached, state=29
 4(11) DEBUG: sanity [sanity.c:791]: check_parse_uris(): looking up To header
 4(11) DEBUG: sanity [sanity.c:838]: check_parse_uris(): check_parse_uris passed
 4(11) DEBUG: sanity [sanity_mod.c:254]: w_sanity_check(): sanity checks result: 1
 4(11) DEBUG: maxfwd [mf_funcs.c:74]: is_maxfwd_present(): value = 70 
 4(11) DEBUG: tm [t_lookup.c:1053]: t_check_msg(): msg (0x72ec244160a0) id=13/11 global id=12/11 T start=(nil)
 4(11) DEBUG: tm [t_lookup.c:497]: t_lookup_request(): start searching: hash=32574, isACK=0
 4(11) DEBUG: tm [t_lookup.c:455]: matching_3261(): RFC3261 transaction matching failed - via branch [z9hG4bK.a3c3aGBrI]
 4(11) DEBUG: tm [t_lookup.c:675]: t_lookup_request(): no transaction found
 4(11) DEBUG: tm [t_lookup.c:1122]: t_check_msg(): msg (0x72ec244160a0) id=13/11 global id=13/11 T end=(nil)
 4(11) DEBUG: siputils [checks.c:120]: has_totag(): no totag
 4(11) DEBUG: <core> [core/msg_translator.c:162]: check_via_address(): (10.100.0.2, 10.45.0.3, 0)
 4(11) DEBUG: registrar [save.c:324]: pack_ci(): set instance[<urn:uuid:b1ec2359-ddd8-000f-aa02-ab2f9af9fbe2>]
 4(11) DEBUG: <core> [core/utils/sruid.c:214]: sruid_nextx(): new sruid is [uloc-6a67c949-b-f] (15 / 17)
 4(11) DEBUG: registrar [save.c:421]: pack_ci(): generated ruid is: uloc-6a67c949-b-f
 4(11) DEBUG: <core> [core/utils/sruid.c:214]: sruid_nextx(): new sruid is [uloc-6a67c949-b-01] (16 / 18)
 4(11) DEBUG: registrar [save.c:421]: pack_ci(): generated ruid is: uloc-6a67c949-b-01
 4(11) DEBUG: registrar [reply.c:334]: build_contact(): created Contact HF: Contact: <sip:ue2@10.100.0.2:5080;transport=udp>;expires=60;received="sip:10.100.0.2:5080";+sip.instance="<urn:uuid:b1ec2359-ddd8-000f-aa02-ab2f9af9fbe2>"

 4(11) DEBUG: sl [sl.c:310]: send_reply(): reply in stateless mode (sl)
 4(11) DEBUG: <core> [core/receive.c:126]: sip_check_fline(): first line indicates a SIP reply
 4(11) INFO: <script>: REGISTER sip:ue2@10.100.0.10 from 10.100.0.2:5080 saved (contact <sip:ue2@10.100.0.2:5080;transport=udp>;+sip.instance="<urn:uuid:b1ec2359-ddd8-000f-aa02-ab2f9af9fbe2>")
 4(11) DEBUG: <core> [core/receive.c:528]: receive_msg(): request-route executed in: 1010 usec
 4(11) DEBUG: <core> [core/usr_avp.c:637]: destroy_avp_list(): destroying list 0x72ec200ecf70
 4(11) DEBUG: <core> [core/usr_avp.c:637]: destroy_avp_list(): destroying list (nil)
 4(11) DEBUG: <core> [core/usr_avp.c:637]: destroy_avp_list(): destroying list (nil)
 4(11) DEBUG: <core> [core/usr_avp.c:637]: destroy_avp_list(): destroying list (nil)
 4(11) DEBUG: <core> [core/usr_avp.c:637]: destroy_avp_list(): destroying list (nil)
 4(11) DEBUG: <core> [core/usr_avp.c:637]: destroy_avp_list(): destroying list (nil)
 4(11) DEBUG: <core> [core/xavp.c:541]: xavp_destroy_list(): destroying xavp list (nil)
 4(11) DEBUG: <core> [core/xavp.c:541]: xavp_destroy_list(): destroying xavp list (nil)
 4(11) DEBUG: <core> [core/xavp.c:541]: xavp_destroy_list(): destroying xavp list (nil)
 4(11) DEBUG: <core> [core/receive.c:628]: receive_msg(): cleaning up
 1(8) DEBUG: <core> [core/udp_server.c:494]: udp_rcv_loop(): received on udp socket: (112/100/512) [[REGISTER sip:10.100.0.10 SIP/2.0 0D  0A Via: SIP/2.0/UDP 10.45.0.2:5080;branch=z9hG4bK.I8vMGJsCv;rport 0D  0A Fr]]
 1(8) DEBUG: <core> [core/parser/parse_fline.c:249]: parse_first_line(): first line type 1 (request) flags 1
 1(8) DEBUG: <core> [core/parser/msg_parser.c:679]: parse_msg(): SIP Request:
 1(8) DEBUG: <core> [core/parser/msg_parser.c:680]: parse_msg():  method:  <REGISTER>
 1(8) DEBUG: <core> [core/parser/msg_parser.c:682]: parse_msg():  uri:     <sip:10.100.0.10>
 1(8) DEBUG: <core> [core/parser/msg_parser.c:684]: parse_msg():  version: <SIP/2.0>
 1(8) DEBUG: <core> [core/parser/parse_hname2.c:301]: parse_sip_header_name(): parsed header name [Via] type 1
 1(8) DEBUG: <core> [core/parser/parse_via.c:1300]: parse_via_param(): Found param type 232, <branch> = <z9hG4bK.I8vMGJsCv>; state=6
 1(8) DEBUG: <core> [core/parser/parse_via.c:1300]: parse_via_param(): Found param type 235, <rport> = <n/a>; state=17
 1(8) DEBUG: <core> [core/parser/parse_via.c:2639]: parse_via(): end of header reached, state=5
 1(8) DEBUG: <core> [core/parser/msg_parser.c:555]: parse_headers(): Via found, flags=2
 1(8) DEBUG: <core> [core/parser/msg_parser.c:557]: parse_headers(): this is the first via
 1(8) DEBUG: <core> [core/parser/parse_hname2.c:301]: parse_sip_header_name(): parsed header name [From] type 4
 1(8) DEBUG: <core> [core/parser/parse_hname2.c:301]: parse_sip_header_name(): parsed header name [To] type 3
 1(8) DEBUG: <core> [core/parser/parse_addr_spec.c:884]: parse_addr_spec(): end of header reached, state=9
 1(8) DEBUG: <core> [core/parser/msg_parser.c:172]: get_hdr_field(): <To> [21]; uri=[sip:ue1@10.100.0.10]
 1(8) DEBUG: <core> [core/parser/msg_parser.c:174]: get_hdr_field(): to body (21)[sip:ue1@10.100.0.10
], to tag (0)[]
 1(8) DEBUG: <core> [core/parser/parse_hname2.c:301]: parse_sip_header_name(): parsed header name [CSeq] type 5
 1(8) DEBUG: <core> [core/parser/msg_parser.c:152]: get_hdr_field(): cseq <CSeq>: <35> <REGISTER>
 1(8) DEBUG: <core> [core/parser/parse_hname2.c:301]: parse_sip_header_name(): parsed header name [Call-ID] type 6
 1(8) DEBUG: <core> [core/receive.c:389]: receive_msg(): --- received sip message - request - call-id: [0vxMX1n5jC] - cseq: [35 REGISTER]
 1(8) DEBUG: <core> [core/receive.c:261]: ksr_evrt_pre_routing(): event route core:pre-routing not defined
 1(8) DEBUG: <core> [core/receive.c:471]: receive_msg(): preparing to run routing scripts...
 1(8) DEBUG: sanity [sanity.c:247]: check_ruri_sip_version(): check_ruri_sip_version entered
 1(8) DEBUG: sanity [sanity.c:270]: check_ruri_sip_version(): check_ruri_sip_version passed
 1(8) DEBUG: sanity [sanity.c:277]: check_ruri_scheme(): check_ruri_scheme entered
 1(8) DEBUG: sanity [sanity.c:297]: check_ruri_scheme(): check_ruri_scheme passed
 1(8) DEBUG: sanity [sanity.c:318]: check_required_headers(): check_required_headers entered
 1(8) DEBUG: <core> [core/parser/parse_hname2.c:301]: parse_sip_header_name(): parsed header name [Max-Forwards] type 8
 1(8) DEBUG: <core> [core/parser/parse_hname2.c:301]: parse_sip_header_name(): parsed header name [Supported] type 17
 1(8) DEBUG: <core> [core/parser/parse_hname2.c:301]: parse_sip_header_name(): parsed header name [Accept] type 23
 1(8) DEBUG: <core> [core/parser/parse_hname2.c:301]: parse_sip_header_name(): parsed header name [Accept] type 23
 1(8) DEBUG: <core> [core/parser/parse_hname2.c:301]: parse_sip_header_name(): parsed header name [Accept] type 23
 1(8) DEBUG: <core> [core/parser/parse_hname2.c:301]: parse_sip_header_name(): parsed header name [Contact] type 7
 1(8) DEBUG: <core> [core/parser/parse_hname2.c:301]: parse_sip_header_name(): parsed header name [Expires] type 14
 1(8) DEBUG: <core> [core/parser/parse_hname2.c:301]: parse_sip_header_name(): parsed header name [User-Agent] type 28
 1(8) DEBUG: <core> [core/parser/msg_parser.c:91]: get_hdr_field(): found end of header
 1(8) DEBUG: sanity [sanity.c:340]: check_required_headers(): check_required_headers passed
 1(8) DEBUG: sanity [sanity.c:506]: check_cseq_method(): check_cseq_method entered
 1(8) DEBUG: sanity [sanity.c:539]: check_cseq_method(): check_cseq_method passed
 1(8) DEBUG: sanity [sanity.c:548]: check_cseq_value(): check_cseq_value entered
 1(8) DEBUG: sanity [sanity.c:576]: check_cseq_value(): check_cseq_value passed
 1(8) DEBUG: sanity [sanity.c:585]: check_cl(): check_cl entered
 1(8) WARNING: sanity [sanity.c:612]: check_cl(): content length header missing in request
 1(8) DEBUG: sanity [sanity.c:622]: check_expires_value(): check_expires_value entered
 1(8) DEBUG: sanity [sanity.c:657]: check_expires_value(): check_expires_value passed
 1(8) DEBUG: sanity [sanity.c:758]: check_parse_uris(): check_parse_uris entered
 1(8) DEBUG: sanity [sanity.c:762]: check_parse_uris(): parsing ruri
 1(8) DEBUG: sanity [sanity.c:776]: check_parse_uris(): looking up From header
 1(8) DEBUG: <core> [core/parser/parse_addr_spec.c:185]: parse_to_param(): add param: tag=hAwde4SMe
 1(8) DEBUG: <core> [core/parser/parse_addr_spec.c:884]: parse_addr_spec(): end of header reached, state=29
 1(8) DEBUG: sanity [sanity.c:791]: check_parse_uris(): looking up To header
 1(8) DEBUG: sanity [sanity.c:838]: check_parse_uris(): check_parse_uris passed
 1(8) DEBUG: sanity [sanity_mod.c:254]: w_sanity_check(): sanity checks result: 1
 1(8) DEBUG: maxfwd [mf_funcs.c:74]: is_maxfwd_present(): value = 70 
 1(8) DEBUG: tm [t_lookup.c:1053]: t_check_msg(): msg (0x72ec244160a0) id=11/8 global id=10/8 T start=(nil)
 1(8) DEBUG: tm [t_lookup.c:497]: t_lookup_request(): start searching: hash=7230, isACK=0
 1(8) DEBUG: tm [t_lookup.c:455]: matching_3261(): RFC3261 transaction matching failed - via branch [z9hG4bK.I8vMGJsCv]
 1(8) DEBUG: tm [t_lookup.c:675]: t_lookup_request(): no transaction found
 1(8) DEBUG: tm [t_lookup.c:1122]: t_check_msg(): msg (0x72ec244160a0) id=11/8 global id=11/8 T end=(nil)
 1(8) DEBUG: siputils [checks.c:120]: has_totag(): no totag
 1(8) DEBUG: registrar [save.c:324]: pack_ci(): set instance[<urn:uuid:0eb0eedb-d3c7-0093-a588-a2ecb233c438>]
 1(8) DEBUG: <core> [core/utils/sruid.c:214]: sruid_nextx(): new sruid is [uloc-6a67c949-8-d] (13 / 17)
 1(8) DEBUG: registrar [save.c:421]: pack_ci(): generated ruid is: uloc-6a67c949-8-d
 1(8) DEBUG: <core> [core/utils/sruid.c:214]: sruid_nextx(): new sruid is [uloc-6a67c949-8-e] (14 / 17)
 1(8) DEBUG: registrar [save.c:421]: pack_ci(): generated ruid is: uloc-6a67c949-8-e
 1(8) DEBUG: registrar [reply.c:334]: build_contact(): created Contact HF: Contact: <sip:ue1@10.100.0.2:64767;transport=udp>;expires=60;received="sip:10.100.0.2:64767";+sip.instance="<urn:uuid:0eb0eedb-d3c7-0093-a588-a2ecb233c438>"

 1(8) DEBUG: sl [sl.c:310]: send_reply(): reply in stateless mode (sl)
 1(8) DEBUG: <core> [core/receive.c:126]: sip_check_fline(): first line indicates a SIP reply
 1(8) INFO: <script>: REGISTER sip:ue1@10.100.0.10 from 10.100.0.2:64767 saved (contact <sip:ue1@10.100.0.2:64767;transport=udp>;+sip.instance="<urn:uuid:0eb0eedb-d3c7-0093-a588-a2ecb233c438>")
 1(8) DEBUG: <core> [core/receive.c:528]: receive_msg(): request-route executed in: 606 usec
 1(8) DEBUG: <core> [core/usr_avp.c:637]: destroy_avp_list(): destroying list 0x72ec200ecf70
 1(8) DEBUG: <core> [core/usr_avp.c:637]: destroy_avp_list(): destroying list (nil)
 1(8) DEBUG: <core> [core/usr_avp.c:637]: destroy_avp_list(): destroying list (nil)
 1(8) DEBUG: <core> [core/usr_avp.c:637]: destroy_avp_list(): destroying list (nil)
 1(8) DEBUG: <core> [core/usr_avp.c:637]: destroy_avp_list(): destroying list (nil)
 1(8) DEBUG: <core> [core/usr_avp.c:637]: destroy_avp_list(): destroying list (nil)
 1(8) DEBUG: <core> [core/xavp.c:541]: xavp_destroy_list(): destroying xavp list (nil)
 1(8) DEBUG: <core> [core/xavp.c:541]: xavp_destroy_list(): destroying xavp list (nil)
 1(8) DEBUG: <core> [core/xavp.c:541]: xavp_destroy_list(): destroying xavp list (nil)
 1(8) DEBUG: <core> [core/receive.c:628]: receive_msg(): cleaning up
 3(10) DEBUG: <core> [core/udp_server.c:517]: udp_rcv_loop(): probing packet received from 10.100.0.2 55315
 2(9) DEBUG: <core> [core/udp_server.c:517]: udp_rcv_loop(): probing packet received from 10.100.0.2 65532
 4(11) DEBUG: <core> [core/udp_server.c:517]: udp_rcv_loop(): probing packet received from 10.100.0.2 55315
 1(8) DEBUG: <core> [core/udp_server.c:517]: udp_rcv_loop(): probing packet received from 10.100.0.2 65532
 3(10) DEBUG: <core> [core/udp_server.c:517]: udp_rcv_loop(): probing packet received from 10.100.0.2 55315
 2(9) DEBUG: <core> [core/udp_server.c:517]: udp_rcv_loop(): probing packet received from 10.100.0.2 65532
 4(11) DEBUG: <core> [core/udp_server.c:517]: udp_rcv_loop(): probing packet received from 10.100.0.2 55315
 1(8) DEBUG: <core> [core/udp_server.c:517]: udp_rcv_loop(): probing packet received from 10.100.0.2 65532
 3(10) DEBUG: <core> [core/udp_server.c:517]: udp_rcv_loop(): probing packet received from 10.100.0.2 55315
 2(9) DEBUG: <core> [core/udp_server.c:517]: udp_rcv_loop(): probing packet received from 10.100.0.2 65532
 4(11) DEBUG: <core> [core/udp_server.c:517]: udp_rcv_loop(): probing packet received from 10.100.0.2 55315
 1(8) DEBUG: <core> [core/udp_server.c:517]: udp_rcv_loop(): probing packet received from 10.100.0.2 65532
 3(10) DEBUG: <core> [core/udp_server.c:494]: udp_rcv_loop(): received on udp socket: (112/100/511) [[REGISTER sip:10.100.0.10 SIP/2.0 0D  0A Via: SIP/2.0/UDP 10.45.0.3:5080;branch=z9hG4bK.XGjLnFnfo;rport 0D  0A Fr]]
 3(10) DEBUG: <core> [core/parser/parse_fline.c:249]: parse_first_line(): first line type 1 (request) flags 1
 3(10) DEBUG: <core> [core/parser/msg_parser.c:679]: parse_msg(): SIP Request:
 3(10) DEBUG: <core> [core/parser/msg_parser.c:680]: parse_msg():  method:  <REGISTER>
 3(10) DEBUG: <core> [core/parser/msg_parser.c:682]: parse_msg():  uri:     <sip:10.100.0.10>
 3(10) DEBUG: <core> [core/parser/msg_parser.c:684]: parse_msg():  version: <SIP/2.0>
 3(10) DEBUG: <core> [core/parser/parse_hname2.c:301]: parse_sip_header_name(): parsed header name [Via] type 1
 3(10) DEBUG: <core> [core/parser/parse_via.c:1300]: parse_via_param(): Found param type 232, <branch> = <z9hG4bK.XGjLnFnfo>; state=6
 3(10) DEBUG: <core> [core/parser/parse_via.c:1300]: parse_via_param(): Found param type 235, <rport> = <n/a>; state=17
 3(10) DEBUG: <core> [core/parser/parse_via.c:2639]: parse_via(): end of header reached, state=5
 3(10) DEBUG: <core> [core/parser/msg_parser.c:555]: parse_headers(): Via found, flags=2
 3(10) DEBUG: <core> [core/parser/msg_parser.c:557]: parse_headers(): this is the first via
 3(10) DEBUG: <core> [core/parser/parse_hname2.c:301]: parse_sip_header_name(): parsed header name [From] type 4
 3(10) DEBUG: <core> [core/parser/parse_hname2.c:301]: parse_sip_header_name(): parsed header name [To] type 3
 3(10) DEBUG: <core> [core/parser/parse_addr_spec.c:884]: parse_addr_spec(): end of header reached, state=9
 3(10) DEBUG: <core> [core/parser/msg_parser.c:172]: get_hdr_field(): <To> [21]; uri=[sip:ue2@10.100.0.10]
 3(10) DEBUG: <core> [core/parser/msg_parser.c:174]: get_hdr_field(): to body (21)[sip:ue2@10.100.0.10
], to tag (0)[]
 3(10) DEBUG: <core> [core/parser/parse_hname2.c:301]: parse_sip_header_name(): parsed header name [CSeq] type 5
 3(10) DEBUG: <core> [core/parser/msg_parser.c:152]: get_hdr_field(): cseq <CSeq>: <36> <REGISTER>
 3(10) DEBUG: <core> [core/parser/parse_hname2.c:301]: parse_sip_header_name(): parsed header name [Call-ID] type 6
 3(10) DEBUG: <core> [core/receive.c:389]: receive_msg(): --- received sip message - request - call-id: [dsvYoZjw3U] - cseq: [36 REGISTER]
 3(10) DEBUG: <core> [core/receive.c:261]: ksr_evrt_pre_routing(): event route core:pre-routing not defined
 3(10) DEBUG: <core> [core/receive.c:471]: receive_msg(): preparing to run routing scripts...
 3(10) DEBUG: sanity [sanity.c:247]: check_ruri_sip_version(): check_ruri_sip_version entered
 3(10) DEBUG: sanity [sanity.c:270]: check_ruri_sip_version(): check_ruri_sip_version passed
 3(10) DEBUG: sanity [sanity.c:277]: check_ruri_scheme(): check_ruri_scheme entered
 3(10) DEBUG: sanity [sanity.c:297]: check_ruri_scheme(): check_ruri_scheme passed
 3(10) DEBUG: sanity [sanity.c:318]: check_required_headers(): check_required_headers entered
 3(10) DEBUG: <core> [core/parser/parse_hname2.c:301]: parse_sip_header_name(): parsed header name [Max-Forwards] type 8
 3(10) DEBUG: <core> [core/parser/parse_hname2.c:301]: parse_sip_header_name(): parsed header name [Supported] type 17
 3(10) DEBUG: <core> [core/parser/parse_hname2.c:301]: parse_sip_header_name(): parsed header name [Accept] type 23
 3(10) DEBUG: <core> [core/parser/parse_hname2.c:301]: parse_sip_header_name(): parsed header name [Accept] type 23
 3(10) DEBUG: <core> [core/parser/parse_hname2.c:301]: parse_sip_header_name(): parsed header name [Accept] type 23
 3(10) DEBUG: <core> [core/parser/parse_hname2.c:301]: parse_sip_header_name(): parsed header name [Contact] type 7
 3(10) DEBUG: <core> [core/parser/parse_hname2.c:301]: parse_sip_header_name(): parsed header name [Expires] type 14
 3(10) DEBUG: <core> [core/parser/parse_hname2.c:301]: parse_sip_header_name(): parsed header name [User-Agent] type 28
 3(10) DEBUG: <core> [core/parser/msg_parser.c:91]: get_hdr_field(): found end of header
 3(10) DEBUG: sanity [sanity.c:340]: check_required_headers(): check_required_headers passed
 3(10) DEBUG: sanity [sanity.c:506]: check_cseq_method(): check_cseq_method entered
 3(10) DEBUG: sanity [sanity.c:539]: check_cseq_method(): check_cseq_method passed
 3(10) DEBUG: sanity [sanity.c:548]: check_cseq_value(): check_cseq_value entered
 3(10) DEBUG: sanity [sanity.c:576]: check_cseq_value(): check_cseq_value passed
 3(10) DEBUG: sanity [sanity.c:585]: check_cl(): check_cl entered
 3(10) WARNING: sanity [sanity.c:612]: check_cl(): content length header missing in request
 3(10) DEBUG: sanity [sanity.c:622]: check_expires_value(): check_expires_value entered
 3(10) DEBUG: sanity [sanity.c:657]: check_expires_value(): check_expires_value passed
 3(10) DEBUG: sanity [sanity.c:758]: check_parse_uris(): check_parse_uris entered
 3(10) DEBUG: sanity [sanity.c:762]: check_parse_uris(): parsing ruri
 3(10) DEBUG: sanity [sanity.c:776]: check_parse_uris(): looking up From header
 3(10) DEBUG: <core> [core/parser/parse_addr_spec.c:185]: parse_to_param(): add param: tag=AXZuULbt5
 3(10) DEBUG: <core> [core/parser/parse_addr_spec.c:884]: parse_addr_spec(): end of header reached, state=29
 3(10) DEBUG: sanity [sanity.c:791]: check_parse_uris(): looking up To header
 3(10) DEBUG: sanity [sanity.c:838]: check_parse_uris(): check_parse_uris passed
 3(10) DEBUG: sanity [sanity_mod.c:254]: w_sanity_check(): sanity checks result: 1
 3(10) DEBUG: maxfwd [mf_funcs.c:74]: is_maxfwd_present(): value = 70 
 3(10) DEBUG: tm [t_lookup.c:1053]: t_check_msg(): msg (0x72ec244160a0) id=13/10 global id=12/10 T start=(nil)
 3(10) DEBUG: tm [t_lookup.c:497]: t_lookup_request(): start searching: hash=32571, isACK=0
 3(10) DEBUG: tm [t_lookup.c:455]: matching_3261(): RFC3261 transaction matching failed - via branch [z9hG4bK.XGjLnFnfo]
 3(10) DEBUG: tm [t_lookup.c:675]: t_lookup_request(): no transaction found
 3(10) DEBUG: tm [t_lookup.c:1122]: t_check_msg(): msg (0x72ec244160a0) id=13/10 global id=13/10 T end=(nil)
 3(10) DEBUG: siputils [checks.c:120]: has_totag(): no totag
 3(10) DEBUG: <core> [core/msg_translator.c:162]: check_via_address(): (10.100.0.2, 10.45.0.3, 0)
 3(10) DEBUG: registrar [save.c:324]: pack_ci(): set instance[<urn:uuid:b1ec2359-ddd8-000f-aa02-ab2f9af9fbe2>]
 3(10) DEBUG: <core> [core/utils/sruid.c:214]: sruid_nextx(): new sruid is [uloc-6a67c949-a-21] (18 / 18)
 3(10) DEBUG: registrar [save.c:421]: pack_ci(): generated ruid is: uloc-6a67c949-a-21
 3(10) DEBUG: <core> [core/utils/sruid.c:214]: sruid_nextx(): new sruid is [uloc-6a67c949-a-31] (19 / 18)
 3(10) DEBUG: registrar [save.c:421]: pack_ci(): generated ruid is: uloc-6a67c949-a-31
 3(10) DEBUG: registrar [reply.c:334]: build_contact(): created Contact HF: Contact: <sip:ue2@10.100.0.2:5080;transport=udp>;expires=60;received="sip:10.100.0.2:5080";+sip.instance="<urn:uuid:b1ec2359-ddd8-000f-aa02-ab2f9af9fbe2>"

 3(10) DEBUG: sl [sl.c:310]: send_reply(): reply in stateless mode (sl)
 3(10) DEBUG: <core> [core/receive.c:126]: sip_check_fline(): first line indicates a SIP reply
 3(10) INFO: <script>: REGISTER sip:ue2@10.100.0.10 from 10.100.0.2:5080 saved (contact <sip:ue2@10.100.0.2:5080;transport=udp>;+sip.instance="<urn:uuid:b1ec2359-ddd8-000f-aa02-ab2f9af9fbe2>")
 3(10) DEBUG: <core> [core/receive.c:528]: receive_msg(): request-route executed in: 1212 usec
 3(10) DEBUG: <core> [core/usr_avp.c:637]: destroy_avp_list(): destroying list 0x72ec200ecf70
 3(10) DEBUG: <core> [core/usr_avp.c:637]: destroy_avp_list(): destroying list (nil)
 3(10) DEBUG: <core> [core/usr_avp.c:637]: destroy_avp_list(): destroying list (nil)
 3(10) DEBUG: <core> [core/usr_avp.c:637]: destroy_avp_list(): destroying list (nil)
 3(10) DEBUG: <core> [core/usr_avp.c:637]: destroy_avp_list(): destroying list (nil)
 3(10) DEBUG: <core> [core/usr_avp.c:637]: destroy_avp_list(): destroying list (nil)
 3(10) DEBUG: <core> [core/xavp.c:541]: xavp_destroy_list(): destroying xavp list (nil)
 3(10) DEBUG: <core> [core/xavp.c:541]: xavp_destroy_list(): destroying xavp list (nil)
 3(10) DEBUG: <core> [core/xavp.c:541]: xavp_destroy_list(): destroying xavp list (nil)
 3(10) DEBUG: <core> [core/receive.c:628]: receive_msg(): cleaning up
 2(9) DEBUG: <core> [core/udp_server.c:494]: udp_rcv_loop(): received on udp socket: (112/100/512) [[REGISTER sip:10.100.0.10 SIP/2.0 0D  0A Via: SIP/2.0/UDP 10.45.0.2:5080;branch=z9hG4bK.DgfzmRqi~;rport 0D  0A Fr]]
 2(9) DEBUG: <core> [core/parser/parse_fline.c:249]: parse_first_line(): first line type 1 (request) flags 1
 2(9) DEBUG: <core> [core/parser/msg_parser.c:679]: parse_msg(): SIP Request:
 2(9) DEBUG: <core> [core/parser/msg_parser.c:680]: parse_msg():  method:  <REGISTER>
 2(9) DEBUG: <core> [core/parser/msg_parser.c:682]: parse_msg():  uri:     <sip:10.100.0.10>
 2(9) DEBUG: <core> [core/parser/msg_parser.c:684]: parse_msg():  version: <SIP/2.0>
 2(9) DEBUG: <core> [core/parser/parse_hname2.c:301]: parse_sip_header_name(): parsed header name [Via] type 1
 2(9) DEBUG: <core> [core/parser/parse_via.c:1300]: parse_via_param(): Found param type 232, <branch> = <z9hG4bK.DgfzmRqi~>; state=6
 2(9) DEBUG: <core> [core/parser/parse_via.c:1300]: parse_via_param(): Found param type 235, <rport> = <n/a>; state=17
 2(9) DEBUG: <core> [core/parser/parse_via.c:2639]: parse_via(): end of header reached, state=5
 2(9) DEBUG: <core> [core/parser/msg_parser.c:555]: parse_headers(): Via found, flags=2
 2(9) DEBUG: <core> [core/parser/msg_parser.c:557]: parse_headers(): this is the first via
 2(9) DEBUG: <core> [core/parser/parse_hname2.c:301]: parse_sip_header_name(): parsed header name [From] type 4
 2(9) DEBUG: <core> [core/parser/parse_hname2.c:301]: parse_sip_header_name(): parsed header name [To] type 3
 2(9) DEBUG: <core> [core/parser/parse_addr_spec.c:884]: parse_addr_spec(): end of header reached, state=9
 2(9) DEBUG: <core> [core/parser/msg_parser.c:172]: get_hdr_field(): <To> [21]; uri=[sip:ue1@10.100.0.10]
 2(9) DEBUG: <core> [core/parser/msg_parser.c:174]: get_hdr_field(): to body (21)[sip:ue1@10.100.0.10
], to tag (0)[]
 2(9) DEBUG: <core> [core/parser/parse_hname2.c:301]: parse_sip_header_name(): parsed header name [CSeq] type 5
 2(9) DEBUG: <core> [core/parser/msg_parser.c:152]: get_hdr_field(): cseq <CSeq>: <36> <REGISTER>
 2(9) DEBUG: <core> [core/parser/parse_hname2.c:301]: parse_sip_header_name(): parsed header name [Call-ID] type 6
 2(9) DEBUG: <core> [core/receive.c:389]: receive_msg(): --- received sip message - request - call-id: [0vxMX1n5jC] - cseq: [36 REGISTER]
 2(9) DEBUG: <core> [core/receive.c:261]: ksr_evrt_pre_routing(): event route core:pre-routing not defined
 2(9) DEBUG: <core> [core/receive.c:471]: receive_msg(): preparing to run routing scripts...
 2(9) DEBUG: sanity [sanity.c:247]: check_ruri_sip_version(): check_ruri_sip_version entered
 2(9) DEBUG: sanity [sanity.c:270]: check_ruri_sip_version(): check_ruri_sip_version passed
 2(9) DEBUG: sanity [sanity.c:277]: check_ruri_scheme(): check_ruri_scheme entered
 2(9) DEBUG: sanity [sanity.c:297]: check_ruri_scheme(): check_ruri_scheme passed
 2(9) DEBUG: sanity [sanity.c:318]: check_required_headers(): check_required_headers entered
 2(9) DEBUG: <core> [core/parser/parse_hname2.c:301]: parse_sip_header_name(): parsed header name [Max-Forwards] type 8
 2(9) DEBUG: <core> [core/parser/parse_hname2.c:301]: parse_sip_header_name(): parsed header name [Supported] type 17
 2(9) DEBUG: <core> [core/parser/parse_hname2.c:301]: parse_sip_header_name(): parsed header name [Accept] type 23
 2(9) DEBUG: <core> [core/parser/parse_hname2.c:301]: parse_sip_header_name(): parsed header name [Accept] type 23
 2(9) DEBUG: <core> [core/parser/parse_hname2.c:301]: parse_sip_header_name(): parsed header name [Accept] type 23
 2(9) DEBUG: <core> [core/parser/parse_hname2.c:301]: parse_sip_header_name(): parsed header name [Contact] type 7
 2(9) DEBUG: <core> [core/parser/parse_hname2.c:301]: parse_sip_header_name(): parsed header name [Expires] type 14
 2(9) DEBUG: <core> [core/parser/parse_hname2.c:301]: parse_sip_header_name(): parsed header name [User-Agent] type 28
 2(9) DEBUG: <core> [core/parser/msg_parser.c:91]: get_hdr_field(): found end of header
 2(9) DEBUG: sanity [sanity.c:340]: check_required_headers(): check_required_headers passed
 2(9) DEBUG: sanity [sanity.c:506]: check_cseq_method(): check_cseq_method entered
 2(9) DEBUG: sanity [sanity.c:539]: check_cseq_method(): check_cseq_method passed
 2(9) DEBUG: sanity [sanity.c:548]: check_cseq_value(): check_cseq_value entered
 2(9) DEBUG: sanity [sanity.c:576]: check_cseq_value(): check_cseq_value passed
 2(9) DEBUG: sanity [sanity.c:585]: check_cl(): check_cl entered
 2(9) WARNING: sanity [sanity.c:612]: check_cl(): content length header missing in request
 2(9) DEBUG: sanity [sanity.c:622]: check_expires_value(): check_expires_value entered
 2(9) DEBUG: sanity [sanity.c:657]: check_expires_value(): check_expires_value passed
 2(9) DEBUG: sanity [sanity.c:758]: check_parse_uris(): check_parse_uris entered
 2(9) DEBUG: sanity [sanity.c:762]: check_parse_uris(): parsing ruri
 2(9) DEBUG: sanity [sanity.c:776]: check_parse_uris(): looking up From header
 2(9) DEBUG: <core> [core/parser/parse_addr_spec.c:185]: parse_to_param(): add param: tag=hAwde4SMe
 2(9) DEBUG: <core> [core/parser/parse_addr_spec.c:884]: parse_addr_spec(): end of header reached, state=29
 2(9) DEBUG: sanity [sanity.c:791]: check_parse_uris(): looking up To header
 2(9) DEBUG: sanity [sanity.c:838]: check_parse_uris(): check_parse_uris passed
 2(9) DEBUG: sanity [sanity_mod.c:254]: w_sanity_check(): sanity checks result: 1
 2(9) DEBUG: maxfwd [mf_funcs.c:74]: is_maxfwd_present(): value = 70 
 2(9) DEBUG: tm [t_lookup.c:1053]: t_check_msg(): msg (0x72ec244160a0) id=11/9 global id=10/9 T start=(nil)
 2(9) DEBUG: tm [t_lookup.c:497]: t_lookup_request(): start searching: hash=7227, isACK=0
 2(9) DEBUG: tm [t_lookup.c:455]: matching_3261(): RFC3261 transaction matching failed - via branch [z9hG4bK.DgfzmRqi~]
 2(9) DEBUG: tm [t_lookup.c:675]: t_lookup_request(): no transaction found
 2(9) DEBUG: tm [t_lookup.c:1122]: t_check_msg(): msg (0x72ec244160a0) id=11/9 global id=11/9 T end=(nil)
 2(9) DEBUG: siputils [checks.c:120]: has_totag(): no totag
 2(9) DEBUG: registrar [save.c:324]: pack_ci(): set instance[<urn:uuid:0eb0eedb-d3c7-0093-a588-a2ecb233c438>]
 2(9) DEBUG: <core> [core/utils/sruid.c:214]: sruid_nextx(): new sruid is [uloc-6a67c949-9-01] (16 / 18)
 2(9) DEBUG: registrar [save.c:421]: pack_ci(): generated ruid is: uloc-6a67c949-9-01
 2(9) DEBUG: <core> [core/utils/sruid.c:214]: sruid_nextx(): new sruid is [uloc-6a67c949-9-11] (17 / 18)
 2(9) DEBUG: registrar [save.c:421]: pack_ci(): generated ruid is: uloc-6a67c949-9-11
 2(9) DEBUG: registrar [reply.c:334]: build_contact(): created Contact HF: Contact: <sip:ue1@10.100.0.2:64767;transport=udp>;expires=60;received="sip:10.100.0.2:64767";+sip.instance="<urn:uuid:0eb0eedb-d3c7-0093-a588-a2ecb233c438>"

 2(9) DEBUG: sl [sl.c:310]: send_reply(): reply in stateless mode (sl)
 2(9) DEBUG: <core> [core/receive.c:126]: sip_check_fline(): first line indicates a SIP reply
 2(9) INFO: <script>: REGISTER sip:ue1@10.100.0.10 from 10.100.0.2:64767 saved (contact <sip:ue1@10.100.0.2:64767;transport=udp>;+sip.instance="<urn:uuid:0eb0eedb-d3c7-0093-a588-a2ecb233c438>")
 2(9) DEBUG: <core> [core/receive.c:528]: receive_msg(): request-route executed in: 818 usec
 2(9) DEBUG: <core> [core/usr_avp.c:637]: destroy_avp_list(): destroying list 0x72ec200ecf70
 2(9) DEBUG: <core> [core/usr_avp.c:637]: destroy_avp_list(): destroying list (nil)
 2(9) DEBUG: <core> [core/usr_avp.c:637]: destroy_avp_list(): destroying list (nil)
 2(9) DEBUG: <core> [core/usr_avp.c:637]: destroy_avp_list(): destroying list (nil)
 2(9) DEBUG: <core> [core/usr_avp.c:637]: destroy_avp_list(): destroying list (nil)
 2(9) DEBUG: <core> [core/usr_avp.c:637]: destroy_avp_list(): destroying list (nil)
 2(9) DEBUG: <core> [core/xavp.c:541]: xavp_destroy_list(): destroying xavp list (nil)
 2(9) DEBUG: <core> [core/xavp.c:541]: xavp_destroy_list(): destroying xavp list (nil)
 2(9) DEBUG: <core> [core/xavp.c:541]: xavp_destroy_list(): destroying xavp list (nil)
 2(9) DEBUG: <core> [core/receive.c:628]: receive_msg(): cleaning up
 4(11) DEBUG: <core> [core/udp_server.c:517]: udp_rcv_loop(): probing packet received from 10.100.0.2 55315
 1(8) DEBUG: <core> [core/udp_server.c:517]: udp_rcv_loop(): probing packet received from 10.100.0.2 65532
 3(10) DEBUG: <core> [core/udp_server.c:517]: udp_rcv_loop(): probing packet received from 10.100.0.2 55315
 2(9) DEBUG: <core> [core/udp_server.c:517]: udp_rcv_loop(): probing packet received from 10.100.0.2 65532
 4(11) DEBUG: <core> [core/udp_server.c:517]: udp_rcv_loop(): probing packet received from 10.100.0.2 55315
 1(8) DEBUG: <core> [core/udp_server.c:517]: udp_rcv_loop(): probing packet received from 10.100.0.2 65532
 3(10) DEBUG: <core> [core/udp_server.c:517]: udp_rcv_loop(): probing packet received from 10.100.0.2 55315
 2(9) DEBUG: <core> [core/udp_server.c:517]: udp_rcv_loop(): probing packet received from 10.100.0.2 65532
 4(11) DEBUG: <core> [core/udp_server.c:517]: udp_rcv_loop(): probing packet received from 10.100.0.2 55315
 1(8) DEBUG: <core> [core/udp_server.c:517]: udp_rcv_loop(): probing packet received from 10.100.0.2 65532
 3(10) DEBUG: <core> [core/udp_server.c:494]: udp_rcv_loop(): received on udp socket: (112/100/511) [[REGISTER sip:10.100.0.10 SIP/2.0 0D  0A Via: SIP/2.0/UDP 10.45.0.3:5080;branch=z9hG4bK.CLzKwIvoE;rport 0D  0A Fr]]
 3(10) DEBUG: <core> [core/parser/parse_fline.c:249]: parse_first_line(): first line type 1 (request) flags 1
 3(10) DEBUG: <core> [core/parser/msg_parser.c:679]: parse_msg(): SIP Request:
 3(10) DEBUG: <core> [core/parser/msg_parser.c:680]: parse_msg():  method:  <REGISTER>
 3(10) DEBUG: <core> [core/parser/msg_parser.c:682]: parse_msg():  uri:     <sip:10.100.0.10>
 3(10) DEBUG: <core> [core/parser/msg_parser.c:684]: parse_msg():  version: <SIP/2.0>
 3(10) DEBUG: <core> [core/parser/parse_hname2.c:301]: parse_sip_header_name(): parsed header name [Via] type 1
 3(10) DEBUG: <core> [core/parser/parse_via.c:1300]: parse_via_param(): Found param type 232, <branch> = <z9hG4bK.CLzKwIvoE>; state=6
 3(10) DEBUG: <core> [core/parser/parse_via.c:1300]: parse_via_param(): Found param type 235, <rport> = <n/a>; state=17
 3(10) DEBUG: <core> [core/parser/parse_via.c:2639]: parse_via(): end of header reached, state=5
 3(10) DEBUG: <core> [core/parser/msg_parser.c:555]: parse_headers(): Via found, flags=2
 3(10) DEBUG: <core> [core/parser/msg_parser.c:557]: parse_headers(): this is the first via
 3(10) DEBUG: <core> [core/parser/parse_hname2.c:301]: parse_sip_header_name(): parsed header name [From] type 4
 3(10) DEBUG: <core> [core/parser/parse_hname2.c:301]: parse_sip_header_name(): parsed header name [To] type 3
 3(10) DEBUG: <core> [core/parser/parse_addr_spec.c:884]: parse_addr_spec(): end of header reached, state=9
 3(10) DEBUG: <core> [core/parser/msg_parser.c:172]: get_hdr_field(): <To> [21]; uri=[sip:ue2@10.100.0.10]
 3(10) DEBUG: <core> [core/parser/msg_parser.c:174]: get_hdr_field(): to body (21)[sip:ue2@10.100.0.10
], to tag (0)[]
 3(10) DEBUG: <core> [core/parser/parse_hname2.c:301]: parse_sip_header_name(): parsed header name [CSeq] type 5
 3(10) DEBUG: <core> [core/parser/msg_parser.c:152]: get_hdr_field(): cseq <CSeq>: <37> <REGISTER>
 3(10) DEBUG: <core> [core/parser/parse_hname2.c:301]: parse_sip_header_name(): parsed header name [Call-ID] type 6
 3(10) DEBUG: <core> [core/receive.c:389]: receive_msg(): --- received sip message - request - call-id: [dsvYoZjw3U] - cseq: [37 REGISTER]
 3(10) DEBUG: <core> [core/receive.c:261]: ksr_evrt_pre_routing(): event route core:pre-routing not defined
 3(10) DEBUG: <core> [core/receive.c:471]: receive_msg(): preparing to run routing scripts...
 3(10) DEBUG: sanity [sanity.c:247]: check_ruri_sip_version(): check_ruri_sip_version entered
 3(10) DEBUG: sanity [sanity.c:270]: check_ruri_sip_version(): check_ruri_sip_version passed
 3(10) DEBUG: sanity [sanity.c:277]: check_ruri_scheme(): check_ruri_scheme entered
 3(10) DEBUG: sanity [sanity.c:297]: check_ruri_scheme(): check_ruri_scheme passed
 3(10) DEBUG: sanity [sanity.c:318]: check_required_headers(): check_required_headers entered
 3(10) DEBUG: <core> [core/parser/parse_hname2.c:301]: parse_sip_header_name(): parsed header name [Max-Forwards] type 8
 3(10) DEBUG: <core> [core/parser/parse_hname2.c:301]: parse_sip_header_name(): parsed header name [Supported] type 17
 3(10) DEBUG: <core> [core/parser/parse_hname2.c:301]: parse_sip_header_name(): parsed header name [Accept] type 23
 3(10) DEBUG: <core> [core/parser/parse_hname2.c:301]: parse_sip_header_name(): parsed header name [Accept] type 23
 3(10) DEBUG: <core> [core/parser/parse_hname2.c:301]: parse_sip_header_name(): parsed header name [Accept] type 23
 3(10) DEBUG: <core> [core/parser/parse_hname2.c:301]: parse_sip_header_name(): parsed header name [Contact] type 7
 3(10) DEBUG: <core> [core/parser/parse_hname2.c:301]: parse_sip_header_name(): parsed header name [Expires] type 14
 3(10) DEBUG: <core> [core/parser/parse_hname2.c:301]: parse_sip_header_name(): parsed header name [User-Agent] type 28
 3(10) DEBUG: <core> [core/parser/msg_parser.c:91]: get_hdr_field(): found end of header
 3(10) DEBUG: sanity [sanity.c:340]: check_required_headers(): check_required_headers passed
 3(10) DEBUG: sanity [sanity.c:506]: check_cseq_method(): check_cseq_method entered
 3(10) DEBUG: sanity [sanity.c:539]: check_cseq_method(): check_cseq_method passed
 3(10) DEBUG: sanity [sanity.c:548]: check_cseq_value(): check_cseq_value entered
 3(10) DEBUG: sanity [sanity.c:576]: check_cseq_value(): check_cseq_value passed
 3(10) DEBUG: sanity [sanity.c:585]: check_cl(): check_cl entered
 3(10) WARNING: sanity [sanity.c:612]: check_cl(): content length header missing in request
 3(10) DEBUG: sanity [sanity.c:622]: check_expires_value(): check_expires_value entered
 3(10) DEBUG: sanity [sanity.c:657]: check_expires_value(): check_expires_value passed
 3(10) DEBUG: sanity [sanity.c:758]: check_parse_uris(): check_parse_uris entered
 3(10) DEBUG: sanity [sanity.c:762]: check_parse_uris(): parsing ruri
 3(10) DEBUG: sanity [sanity.c:776]: check_parse_uris(): looking up From header
 3(10) DEBUG: <core> [core/parser/parse_addr_spec.c:185]: parse_to_param(): add param: tag=AXZuULbt5
 3(10) DEBUG: <core> [core/parser/parse_addr_spec.c:884]: parse_addr_spec(): end of header reached, state=29
 3(10) DEBUG: sanity [sanity.c:791]: check_parse_uris(): looking up To header
 3(10) DEBUG: sanity [sanity.c:838]: check_parse_uris(): check_parse_uris passed
 3(10) DEBUG: sanity [sanity_mod.c:254]: w_sanity_check(): sanity checks result: 1
 3(10) DEBUG: maxfwd [mf_funcs.c:74]: is_maxfwd_present(): value = 70 
 3(10) DEBUG: tm [t_lookup.c:1053]: t_check_msg(): msg (0x72ec244160a0) id=14/10 global id=13/10 T start=(nil)
 3(10) DEBUG: tm [t_lookup.c:497]: t_lookup_request(): start searching: hash=32572, isACK=0
 3(10) DEBUG: tm [t_lookup.c:455]: matching_3261(): RFC3261 transaction matching failed - via branch [z9hG4bK.CLzKwIvoE]
 3(10) DEBUG: tm [t_lookup.c:675]: t_lookup_request(): no transaction found
 3(10) DEBUG: tm [t_lookup.c:1122]: t_check_msg(): msg (0x72ec244160a0) id=14/10 global id=14/10 T end=(nil)
 3(10) DEBUG: siputils [checks.c:120]: has_totag(): no totag
 3(10) DEBUG: <core> [core/msg_translator.c:162]: check_via_address(): (10.100.0.2, 10.45.0.3, 0)
 3(10) DEBUG: registrar [save.c:324]: pack_ci(): set instance[<urn:uuid:b1ec2359-ddd8-000f-aa02-ab2f9af9fbe2>]
 3(10) DEBUG: <core> [core/utils/sruid.c:214]: sruid_nextx(): new sruid is [uloc-6a67c949-a-41] (20 / 18)
 3(10) DEBUG: registrar [save.c:421]: pack_ci(): generated ruid is: uloc-6a67c949-a-41
 3(10) DEBUG: <core> [core/utils/sruid.c:214]: sruid_nextx(): new sruid is [uloc-6a67c949-a-51] (21 / 18)
 3(10) DEBUG: registrar [save.c:421]: pack_ci(): generated ruid is: uloc-6a67c949-a-51
 3(10) DEBUG: registrar [reply.c:334]: build_contact(): created Contact HF: Contact: <sip:ue2@10.100.0.2:5080;transport=udp>;expires=60;received="sip:10.100.0.2:5080";+sip.instance="<urn:uuid:b1ec2359-ddd8-000f-aa02-ab2f9af9fbe2>"

 3(10) DEBUG: sl [sl.c:310]: send_reply(): reply in stateless mode (sl)
 3(10) DEBUG: <core> [core/receive.c:126]: sip_check_fline(): first line indicates a SIP reply
 3(10) INFO: <script>: REGISTER sip:ue2@10.100.0.10 from 10.100.0.2:5080 saved (contact <sip:ue2@10.100.0.2:5080;transport=udp>;+sip.instance="<urn:uuid:b1ec2359-ddd8-000f-aa02-ab2f9af9fbe2>")
 3(10) DEBUG: <core> [core/receive.c:528]: receive_msg(): request-route executed in: 849 usec
 3(10) DEBUG: <core> [core/usr_avp.c:637]: destroy_avp_list(): destroying list 0x72ec200ecf70
 3(10) DEBUG: <core> [core/usr_avp.c:637]: destroy_avp_list(): destroying list (nil)
 3(10) DEBUG: <core> [core/usr_avp.c:637]: destroy_avp_list(): destroying list (nil)
 3(10) DEBUG: <core> [core/usr_avp.c:637]: destroy_avp_list(): destroying list (nil)
 3(10) DEBUG: <core> [core/usr_avp.c:637]: destroy_avp_list(): destroying list (nil)
 3(10) DEBUG: <core> [core/usr_avp.c:637]: destroy_avp_list(): destroying list (nil)
 3(10) DEBUG: <core> [core/xavp.c:541]: xavp_destroy_list(): destroying xavp list (nil)
 3(10) DEBUG: <core> [core/xavp.c:541]: xavp_destroy_list(): destroying xavp list (nil)
 3(10) DEBUG: <core> [core/xavp.c:541]: xavp_destroy_list(): destroying xavp list (nil)
 3(10) DEBUG: <core> [core/receive.c:628]: receive_msg(): cleaning up
 2(9) DEBUG: <core> [core/udp_server.c:494]: udp_rcv_loop(): received on udp socket: (112/100/512) [[REGISTER sip:10.100.0.10 SIP/2.0 0D  0A Via: SIP/2.0/UDP 10.45.0.2:5080;branch=z9hG4bK.O6kqenTYn;rport 0D  0A Fr]]
 2(9) DEBUG: <core> [core/parser/parse_fline.c:249]: parse_first_line(): first line type 1 (request) flags 1
 2(9) DEBUG: <core> [core/parser/msg_parser.c:679]: parse_msg(): SIP Request:
 2(9) DEBUG: <core> [core/parser/msg_parser.c:680]: parse_msg():  method:  <REGISTER>
 2(9) DEBUG: <core> [core/parser/msg_parser.c:682]: parse_msg():  uri:     <sip:10.100.0.10>
 2(9) DEBUG: <core> [core/parser/msg_parser.c:684]: parse_msg():  version: <SIP/2.0>
 2(9) DEBUG: <core> [core/parser/parse_hname2.c:301]: parse_sip_header_name(): parsed header name [Via] type 1
 2(9) DEBUG: <core> [core/parser/parse_via.c:1300]: parse_via_param(): Found param type 232, <branch> = <z9hG4bK.O6kqenTYn>; state=6
 2(9) DEBUG: <core> [core/parser/parse_via.c:1300]: parse_via_param(): Found param type 235, <rport> = <n/a>; state=17
 2(9) DEBUG: <core> [core/parser/parse_via.c:2639]: parse_via(): end of header reached, state=5
 2(9) DEBUG: <core> [core/parser/msg_parser.c:555]: parse_headers(): Via found, flags=2
 2(9) DEBUG: <core> [core/parser/msg_parser.c:557]: parse_headers(): this is the first via
 2(9) DEBUG: <core> [core/parser/parse_hname2.c:301]: parse_sip_header_name(): parsed header name [From] type 4
 2(9) DEBUG: <core> [core/parser/parse_hname2.c:301]: parse_sip_header_name(): parsed header name [To] type 3
 2(9) DEBUG: <core> [core/parser/parse_addr_spec.c:884]: parse_addr_spec(): end of header reached, state=9
 2(9) DEBUG: <core> [core/parser/msg_parser.c:172]: get_hdr_field(): <To> [21]; uri=[sip:ue1@10.100.0.10]
 2(9) DEBUG: <core> [core/parser/msg_parser.c:174]: get_hdr_field(): to body (21)[sip:ue1@10.100.0.10
], to tag (0)[]
 2(9) DEBUG: <core> [core/parser/parse_hname2.c:301]: parse_sip_header_name(): parsed header name [CSeq] type 5
 2(9) DEBUG: <core> [core/parser/msg_parser.c:152]: get_hdr_field(): cseq <CSeq>: <37> <REGISTER>
 2(9) DEBUG: <core> [core/parser/parse_hname2.c:301]: parse_sip_header_name(): parsed header name [Call-ID] type 6
 2(9) DEBUG: <core> [core/receive.c:389]: receive_msg(): --- received sip message - request - call-id: [0vxMX1n5jC] - cseq: [37 REGISTER]
 2(9) DEBUG: <core> [core/receive.c:261]: ksr_evrt_pre_routing(): event route core:pre-routing not defined
 2(9) DEBUG: <core> [core/receive.c:471]: receive_msg(): preparing to run routing scripts...
 2(9) DEBUG: sanity [sanity.c:247]: check_ruri_sip_version(): check_ruri_sip_version entered
 2(9) DEBUG: sanity [sanity.c:270]: check_ruri_sip_version(): check_ruri_sip_version passed
 2(9) DEBUG: sanity [sanity.c:277]: check_ruri_scheme(): check_ruri_scheme entered
 2(9) DEBUG: sanity [sanity.c:297]: check_ruri_scheme(): check_ruri_scheme passed
 2(9) DEBUG: sanity [sanity.c:318]: check_required_headers(): check_required_headers entered
 2(9) DEBUG: <core> [core/parser/parse_hname2.c:301]: parse_sip_header_name(): parsed header name [Max-Forwards] type 8
 2(9) DEBUG: <core> [core/parser/parse_hname2.c:301]: parse_sip_header_name(): parsed header name [Supported] type 17
 2(9) DEBUG: <core> [core/parser/parse_hname2.c:301]: parse_sip_header_name(): parsed header name [Accept] type 23
 2(9) DEBUG: <core> [core/parser/parse_hname2.c:301]: parse_sip_header_name(): parsed header name [Accept] type 23
 2(9) DEBUG: <core> [core/parser/parse_hname2.c:301]: parse_sip_header_name(): parsed header name [Accept] type 23
 2(9) DEBUG: <core> [core/parser/parse_hname2.c:301]: parse_sip_header_name(): parsed header name [Contact] type 7
 2(9) DEBUG: <core> [core/parser/parse_hname2.c:301]: parse_sip_header_name(): parsed header name [Expires] type 14
 2(9) DEBUG: <core> [core/parser/parse_hname2.c:301]: parse_sip_header_name(): parsed header name [User-Agent] type 28
 2(9) DEBUG: <core> [core/parser/msg_parser.c:91]: get_hdr_field(): found end of header
 2(9) DEBUG: sanity [sanity.c:340]: check_required_headers(): check_required_headers passed
 2(9) DEBUG: sanity [sanity.c:506]: check_cseq_method(): check_cseq_method entered
 2(9) DEBUG: sanity [sanity.c:539]: check_cseq_method(): check_cseq_method passed
 2(9) DEBUG: sanity [sanity.c:548]: check_cseq_value(): check_cseq_value entered
 2(9) DEBUG: sanity [sanity.c:576]: check_cseq_value(): check_cseq_value passed
 2(9) DEBUG: sanity [sanity.c:585]: check_cl(): check_cl entered
 2(9) WARNING: sanity [sanity.c:612]: check_cl(): content length header missing in request
 2(9) DEBUG: sanity [sanity.c:622]: check_expires_value(): check_expires_value entered
 2(9) DEBUG: sanity [sanity.c:657]: check_expires_value(): check_expires_value passed
 2(9) DEBUG: sanity [sanity.c:758]: check_parse_uris(): check_parse_uris entered
 2(9) DEBUG: sanity [sanity.c:762]: check_parse_uris(): parsing ruri
 2(9) DEBUG: sanity [sanity.c:776]: check_parse_uris(): looking up From header
 2(9) DEBUG: <core> [core/parser/parse_addr_spec.c:185]: parse_to_param(): add param: tag=hAwde4SMe
 2(9) DEBUG: <core> [core/parser/parse_addr_spec.c:884]: parse_addr_spec(): end of header reached, state=29
 2(9) DEBUG: sanity [sanity.c:791]: check_parse_uris(): looking up To header
 2(9) DEBUG: sanity [sanity.c:838]: check_parse_uris(): check_parse_uris passed
 2(9) DEBUG: sanity [sanity_mod.c:254]: w_sanity_check(): sanity checks result: 1
 2(9) DEBUG: maxfwd [mf_funcs.c:74]: is_maxfwd_present(): value = 70 
 2(9) DEBUG: tm [t_lookup.c:1053]: t_check_msg(): msg (0x72ec244160a0) id=12/9 global id=11/9 T start=(nil)
 2(9) DEBUG: tm [t_lookup.c:497]: t_lookup_request(): start searching: hash=7228, isACK=0
 2(9) DEBUG: tm [t_lookup.c:455]: matching_3261(): RFC3261 transaction matching failed - via branch [z9hG4bK.O6kqenTYn]
 2(9) DEBUG: tm [t_lookup.c:675]: t_lookup_request(): no transaction found
 2(9) DEBUG: tm [t_lookup.c:1122]: t_check_msg(): msg (0x72ec244160a0) id=12/9 global id=12/9 T end=(nil)
 2(9) DEBUG: siputils [checks.c:120]: has_totag(): no totag
 2(9) DEBUG: registrar [save.c:324]: pack_ci(): set instance[<urn:uuid:0eb0eedb-d3c7-0093-a588-a2ecb233c438>]
 2(9) DEBUG: <core> [core/utils/sruid.c:214]: sruid_nextx(): new sruid is [uloc-6a67c949-9-21] (18 / 18)
 2(9) DEBUG: registrar [save.c:421]: pack_ci(): generated ruid is: uloc-6a67c949-9-21
 2(9) DEBUG: <core> [core/utils/sruid.c:214]: sruid_nextx(): new sruid is [uloc-6a67c949-9-31] (19 / 18)
 2(9) DEBUG: registrar [save.c:421]: pack_ci(): generated ruid is: uloc-6a67c949-9-31
 2(9) DEBUG: registrar [reply.c:334]: build_contact(): created Contact HF: Contact: <sip:ue1@10.100.0.2:64767;transport=udp>;expires=60;received="sip:10.100.0.2:64767";+sip.instance="<urn:uuid:0eb0eedb-d3c7-0093-a588-a2ecb233c438>"

 2(9) DEBUG: sl [sl.c:310]: send_reply(): reply in stateless mode (sl)
 2(9) DEBUG: <core> [core/receive.c:126]: sip_check_fline(): first line indicates a SIP reply
 2(9) INFO: <script>: REGISTER sip:ue1@10.100.0.10 from 10.100.0.2:64767 saved (contact <sip:ue1@10.100.0.2:64767;transport=udp>;+sip.instance="<urn:uuid:0eb0eedb-d3c7-0093-a588-a2ecb233c438>")
 2(9) DEBUG: <core> [core/receive.c:528]: receive_msg(): request-route executed in: 1612 usec
 2(9) DEBUG: <core> [core/usr_avp.c:637]: destroy_avp_list(): destroying list 0x72ec200ecf70
 2(9) DEBUG: <core> [core/usr_avp.c:637]: destroy_avp_list(): destroying list (nil)
 2(9) DEBUG: <core> [core/usr_avp.c:637]: destroy_avp_list(): destroying list (nil)
 2(9) DEBUG: <core> [core/usr_avp.c:637]: destroy_avp_list(): destroying list (nil)
 2(9) DEBUG: <core> [core/usr_avp.c:637]: destroy_avp_list(): destroying list (nil)
 2(9) DEBUG: <core> [core/usr_avp.c:637]: destroy_avp_list(): destroying list (nil)
 2(9) DEBUG: <core> [core/xavp.c:541]: xavp_destroy_list(): destroying xavp list (nil)
 2(9) DEBUG: <core> [core/xavp.c:541]: xavp_destroy_list(): destroying xavp list (nil)
 2(9) DEBUG: <core> [core/xavp.c:541]: xavp_destroy_list(): destroying xavp list (nil)
 2(9) DEBUG: <core> [core/receive.c:628]: receive_msg(): cleaning up
 4(11) DEBUG: <core> [core/udp_server.c:517]: udp_rcv_loop(): probing packet received from 10.100.0.2 55315
 1(8) DEBUG: <core> [core/udp_server.c:517]: udp_rcv_loop(): probing packet received from 10.100.0.2 65532
 3(10) DEBUG: <core> [core/udp_server.c:517]: udp_rcv_loop(): probing packet received from 10.100.0.2 55315
 2(9) DEBUG: <core> [core/udp_server.c:517]: udp_rcv_loop(): probing packet received from 10.100.0.2 65532
 4(11) DEBUG: <core> [core/udp_server.c:517]: udp_rcv_loop(): probing packet received from 10.100.0.2 55315
 1(8) DEBUG: <core> [core/udp_server.c:517]: udp_rcv_loop(): probing packet received from 10.100.0.2 65532
 3(10) DEBUG: <core> [core/udp_server.c:517]: udp_rcv_loop(): probing packet received from 10.100.0.2 55315
 2(9) DEBUG: <core> [core/udp_server.c:517]: udp_rcv_loop(): probing packet received from 10.100.0.2 65532
 4(11) DEBUG: <core> [core/udp_server.c:517]: udp_rcv_loop(): probing packet received from 10.100.0.2 55315
 1(8) DEBUG: <core> [core/udp_server.c:517]: udp_rcv_loop(): probing packet received from 10.100.0.2 65532
 3(10) DEBUG: <core> [core/udp_server.c:517]: udp_rcv_loop(): probing packet received from 10.100.0.2 55315
 2(9) DEBUG: <core> [core/udp_server.c:517]: udp_rcv_loop(): probing packet received from 10.100.0.2 65532
 4(11) DEBUG: <core> [core/udp_server.c:494]: udp_rcv_loop(): received on udp socket: (112/100/511) [[REGISTER sip:10.100.0.10 SIP/2.0 0D  0A Via: SIP/2.0/UDP 10.45.0.3:5080;branch=z9hG4bK.TOH3MDrCu;rport 0D  0A Fr]]
 4(11) DEBUG: <core> [core/parser/parse_fline.c:249]: parse_first_line(): first line type 1 (request) flags 1
 4(11) DEBUG: <core> [core/parser/msg_parser.c:679]: parse_msg(): SIP Request:
 4(11) DEBUG: <core> [core/parser/msg_parser.c:680]: parse_msg():  method:  <REGISTER>
 4(11) DEBUG: <core> [core/parser/msg_parser.c:682]: parse_msg():  uri:     <sip:10.100.0.10>
 4(11) DEBUG: <core> [core/parser/msg_parser.c:684]: parse_msg():  version: <SIP/2.0>
 4(11) DEBUG: <core> [core/parser/parse_hname2.c:301]: parse_sip_header_name(): parsed header name [Via] type 1
 4(11) DEBUG: <core> [core/parser/parse_via.c:1300]: parse_via_param(): Found param type 232, <branch> = <z9hG4bK.TOH3MDrCu>; state=6
 4(11) DEBUG: <core> [core/parser/parse_via.c:1300]: parse_via_param(): Found param type 235, <rport> = <n/a>; state=17
 4(11) DEBUG: <core> [core/parser/parse_via.c:2639]: parse_via(): end of header reached, state=5
 4(11) DEBUG: <core> [core/parser/msg_parser.c:555]: parse_headers(): Via found, flags=2
 4(11) DEBUG: <core> [core/parser/msg_parser.c:557]: parse_headers(): this is the first via
 4(11) DEBUG: <core> [core/parser/parse_hname2.c:301]: parse_sip_header_name(): parsed header name [From] type 4
 4(11) DEBUG: <core> [core/parser/parse_hname2.c:301]: parse_sip_header_name(): parsed header name [To] type 3
 4(11) DEBUG: <core> [core/parser/parse_addr_spec.c:884]: parse_addr_spec(): end of header reached, state=9
 4(11) DEBUG: <core> [core/parser/msg_parser.c:172]: get_hdr_field(): <To> [21]; uri=[sip:ue2@10.100.0.10]
 4(11) DEBUG: <core> [core/parser/msg_parser.c:174]: get_hdr_field(): to body (21)[sip:ue2@10.100.0.10
], to tag (0)[]
 4(11) DEBUG: <core> [core/parser/parse_hname2.c:301]: parse_sip_header_name(): parsed header name [CSeq] type 5
 4(11) DEBUG: <core> [core/parser/msg_parser.c:152]: get_hdr_field(): cseq <CSeq>: <38> <REGISTER>
 4(11) DEBUG: <core> [core/parser/parse_hname2.c:301]: parse_sip_header_name(): parsed header name [Call-ID] type 6
 4(11) DEBUG: <core> [core/receive.c:389]: receive_msg(): --- received sip message - request - call-id: [dsvYoZjw3U] - cseq: [38 REGISTER]
 4(11) DEBUG: <core> [core/receive.c:261]: ksr_evrt_pre_routing(): event route core:pre-routing not defined
 4(11) DEBUG: <core> [core/receive.c:471]: receive_msg(): preparing to run routing scripts...
 4(11) DEBUG: sanity [sanity.c:247]: check_ruri_sip_version(): check_ruri_sip_version entered
 4(11) DEBUG: sanity [sanity.c:270]: check_ruri_sip_version(): check_ruri_sip_version passed
 4(11) DEBUG: sanity [sanity.c:277]: check_ruri_scheme(): check_ruri_scheme entered
 4(11) DEBUG: sanity [sanity.c:297]: check_ruri_scheme(): check_ruri_scheme passed
 4(11) DEBUG: sanity [sanity.c:318]: check_required_headers(): check_required_headers entered
 4(11) DEBUG: <core> [core/parser/parse_hname2.c:301]: parse_sip_header_name(): parsed header name [Max-Forwards] type 8
 4(11) DEBUG: <core> [core/parser/parse_hname2.c:301]: parse_sip_header_name(): parsed header name [Supported] type 17
 4(11) DEBUG: <core> [core/parser/parse_hname2.c:301]: parse_sip_header_name(): parsed header name [Accept] type 23
 4(11) DEBUG: <core> [core/parser/parse_hname2.c:301]: parse_sip_header_name(): parsed header name [Accept] type 23
 4(11) DEBUG: <core> [core/parser/parse_hname2.c:301]: parse_sip_header_name(): parsed header name [Accept] type 23
 4(11) DEBUG: <core> [core/parser/parse_hname2.c:301]: parse_sip_header_name(): parsed header name [Contact] type 7
 4(11) DEBUG: <core> [core/parser/parse_hname2.c:301]: parse_sip_header_name(): parsed header name [Expires] type 14
 4(11) DEBUG: <core> [core/parser/parse_hname2.c:301]: parse_sip_header_name(): parsed header name [User-Agent] type 28
 4(11) DEBUG: <core> [core/parser/msg_parser.c:91]: get_hdr_field(): found end of header
 4(11) DEBUG: sanity [sanity.c:340]: check_required_headers(): check_required_headers passed
 4(11) DEBUG: sanity [sanity.c:506]: check_cseq_method(): check_cseq_method entered
 4(11) DEBUG: sanity [sanity.c:539]: check_cseq_method(): check_cseq_method passed
 4(11) DEBUG: sanity [sanity.c:548]: check_cseq_value(): check_cseq_value entered
 4(11) DEBUG: sanity [sanity.c:576]: check_cseq_value(): check_cseq_value passed
 4(11) DEBUG: sanity [sanity.c:585]: check_cl(): check_cl entered
 4(11) WARNING: sanity [sanity.c:612]: check_cl(): content length header missing in request
 4(11) DEBUG: sanity [sanity.c:622]: check_expires_value(): check_expires_value entered
 4(11) DEBUG: sanity [sanity.c:657]: check_expires_value(): check_expires_value passed
 4(11) DEBUG: sanity [sanity.c:758]: check_parse_uris(): check_parse_uris entered
 4(11) DEBUG: sanity [sanity.c:762]: check_parse_uris(): parsing ruri
 4(11) DEBUG: sanity [sanity.c:776]: check_parse_uris(): looking up From header
 4(11) DEBUG: <core> [core/parser/parse_addr_spec.c:185]: parse_to_param(): add param: tag=AXZuULbt5
 4(11) DEBUG: <core> [core/parser/parse_addr_spec.c:884]: parse_addr_spec(): end of header reached, state=29
 4(11) DEBUG: sanity [sanity.c:791]: check_parse_uris(): looking up To header
 4(11) DEBUG: sanity [sanity.c:838]: check_parse_uris(): check_parse_uris passed
 4(11) DEBUG: sanity [sanity_mod.c:254]: w_sanity_check(): sanity checks result: 1
 4(11) DEBUG: maxfwd [mf_funcs.c:74]: is_maxfwd_present(): value = 70 
 4(11) DEBUG: tm [t_lookup.c:1053]: t_check_msg(): msg (0x72ec244160a0) id=14/11 global id=13/11 T start=(nil)
 4(11) DEBUG: tm [t_lookup.c:497]: t_lookup_request(): start searching: hash=32586, isACK=0
 4(11) DEBUG: tm [t_lookup.c:455]: matching_3261(): RFC3261 transaction matching failed - via branch [z9hG4bK.TOH3MDrCu]
 4(11) DEBUG: tm [t_lookup.c:675]: t_lookup_request(): no transaction found
 4(11) DEBUG: tm [t_lookup.c:1122]: t_check_msg(): msg (0x72ec244160a0) id=14/11 global id=14/11 T end=(nil)
 4(11) DEBUG: siputils [checks.c:120]: has_totag(): no totag
 4(11) DEBUG: <core> [core/msg_translator.c:162]: check_via_address(): (10.100.0.2, 10.45.0.3, 0)
 4(11) DEBUG: registrar [save.c:324]: pack_ci(): set instance[<urn:uuid:b1ec2359-ddd8-000f-aa02-ab2f9af9fbe2>]
 4(11) DEBUG: <core> [core/utils/sruid.c:214]: sruid_nextx(): new sruid is [uloc-6a67c949-b-11] (17 / 18)
 4(11) DEBUG: registrar [save.c:421]: pack_ci(): generated ruid is: uloc-6a67c949-b-11
 4(11) DEBUG: <core> [core/utils/sruid.c:214]: sruid_nextx(): new sruid is [uloc-6a67c949-b-21] (18 / 18)
 4(11) DEBUG: registrar [save.c:421]: pack_ci(): generated ruid is: uloc-6a67c949-b-21
 4(11) DEBUG: registrar [reply.c:334]: build_contact(): created Contact HF: Contact: <sip:ue2@10.100.0.2:5080;transport=udp>;expires=60;received="sip:10.100.0.2:5080";+sip.instance="<urn:uuid:b1ec2359-ddd8-000f-aa02-ab2f9af9fbe2>"

 4(11) DEBUG: sl [sl.c:310]: send_reply(): reply in stateless mode (sl)
 4(11) DEBUG: <core> [core/receive.c:126]: sip_check_fline(): first line indicates a SIP reply
 4(11) INFO: <script>: REGISTER sip:ue2@10.100.0.10 from 10.100.0.2:5080 saved (contact <sip:ue2@10.100.0.2:5080;transport=udp>;+sip.instance="<urn:uuid:b1ec2359-ddd8-000f-aa02-ab2f9af9fbe2>")
 4(11) DEBUG: <core> [core/receive.c:528]: receive_msg(): request-route executed in: 1982 usec
 4(11) DEBUG: <core> [core/usr_avp.c:637]: destroy_avp_list(): destroying list 0x72ec200ecf70
 4(11) DEBUG: <core> [core/usr_avp.c:637]: destroy_avp_list(): destroying list (nil)
 4(11) DEBUG: <core> [core/usr_avp.c:637]: destroy_avp_list(): destroying list (nil)
 4(11) DEBUG: <core> [core/usr_avp.c:637]: destroy_avp_list(): destroying list (nil)
 4(11) DEBUG: <core> [core/usr_avp.c:637]: destroy_avp_list(): destroying list (nil)
 4(11) DEBUG: <core> [core/usr_avp.c:637]: destroy_avp_list(): destroying list (nil)
 4(11) DEBUG: <core> [core/xavp.c:541]: xavp_destroy_list(): destroying xavp list (nil)
 4(11) DEBUG: <core> [core/xavp.c:541]: xavp_destroy_list(): destroying xavp list (nil)
 4(11) DEBUG: <core> [core/xavp.c:541]: xavp_destroy_list(): destroying xavp list (nil)
 4(11) DEBUG: <core> [core/receive.c:628]: receive_msg(): cleaning up
 1(8) DEBUG: <core> [core/udp_server.c:494]: udp_rcv_loop(): received on udp socket: (112/100/512) [[REGISTER sip:10.100.0.10 SIP/2.0 0D  0A Via: SIP/2.0/UDP 10.45.0.2:5080;branch=z9hG4bK.bphgW-YK1;rport 0D  0A Fr]]
 1(8) DEBUG: <core> [core/parser/parse_fline.c:249]: parse_first_line(): first line type 1 (request) flags 1
 1(8) DEBUG: <core> [core/parser/msg_parser.c:679]: parse_msg(): SIP Request:
 1(8) DEBUG: <core> [core/parser/msg_parser.c:680]: parse_msg():  method:  <REGISTER>
 1(8) DEBUG: <core> [core/parser/msg_parser.c:682]: parse_msg():  uri:     <sip:10.100.0.10>
 1(8) DEBUG: <core> [core/parser/msg_parser.c:684]: parse_msg():  version: <SIP/2.0>
 1(8) DEBUG: <core> [core/parser/parse_hname2.c:301]: parse_sip_header_name(): parsed header name [Via] type 1
 1(8) DEBUG: <core> [core/parser/parse_via.c:1300]: parse_via_param(): Found param type 232, <branch> = <z9hG4bK.bphgW-YK1>; state=6
 1(8) DEBUG: <core> [core/parser/parse_via.c:1300]: parse_via_param(): Found param type 235, <rport> = <n/a>; state=17
 1(8) DEBUG: <core> [core/parser/parse_via.c:2639]: parse_via(): end of header reached, state=5
 1(8) DEBUG: <core> [core/parser/msg_parser.c:555]: parse_headers(): Via found, flags=2
 1(8) DEBUG: <core> [core/parser/msg_parser.c:557]: parse_headers(): this is the first via
 1(8) DEBUG: <core> [core/parser/parse_hname2.c:301]: parse_sip_header_name(): parsed header name [From] type 4
 1(8) DEBUG: <core> [core/parser/parse_hname2.c:301]: parse_sip_header_name(): parsed header name [To] type 3
 1(8) DEBUG: <core> [core/parser/parse_addr_spec.c:884]: parse_addr_spec(): end of header reached, state=9
 1(8) DEBUG: <core> [core/parser/msg_parser.c:172]: get_hdr_field(): <To> [21]; uri=[sip:ue1@10.100.0.10]
 1(8) DEBUG: <core> [core/parser/msg_parser.c:174]: get_hdr_field(): to body (21)[sip:ue1@10.100.0.10
], to tag (0)[]
 1(8) DEBUG: <core> [core/parser/parse_hname2.c:301]: parse_sip_header_name(): parsed header name [CSeq] type 5
 1(8) DEBUG: <core> [core/parser/msg_parser.c:152]: get_hdr_field(): cseq <CSeq>: <38> <REGISTER>
 1(8) DEBUG: <core> [core/parser/parse_hname2.c:301]: parse_sip_header_name(): parsed header name [Call-ID] type 6
 1(8) DEBUG: <core> [core/receive.c:389]: receive_msg(): --- received sip message - request - call-id: [0vxMX1n5jC] - cseq: [38 REGISTER]
 1(8) DEBUG: <core> [core/receive.c:261]: ksr_evrt_pre_routing(): event route core:pre-routing not defined
 1(8) DEBUG: <core> [core/receive.c:471]: receive_msg(): preparing to run routing scripts...
 1(8) DEBUG: sanity [sanity.c:247]: check_ruri_sip_version(): check_ruri_sip_version entered
 1(8) DEBUG: sanity [sanity.c:270]: check_ruri_sip_version(): check_ruri_sip_version passed
 1(8) DEBUG: sanity [sanity.c:277]: check_ruri_scheme(): check_ruri_scheme entered
 1(8) DEBUG: sanity [sanity.c:297]: check_ruri_scheme(): check_ruri_scheme passed
 1(8) DEBUG: sanity [sanity.c:318]: check_required_headers(): check_required_headers entered
 1(8) DEBUG: <core> [core/parser/parse_hname2.c:301]: parse_sip_header_name(): parsed header name [Max-Forwards] type 8
 1(8) DEBUG: <core> [core/parser/parse_hname2.c:301]: parse_sip_header_name(): parsed header name [Supported] type 17
 1(8) DEBUG: <core> [core/parser/parse_hname2.c:301]: parse_sip_header_name(): parsed header name [Accept] type 23
 1(8) DEBUG: <core> [core/parser/parse_hname2.c:301]: parse_sip_header_name(): parsed header name [Accept] type 23
 1(8) DEBUG: <core> [core/parser/parse_hname2.c:301]: parse_sip_header_name(): parsed header name [Accept] type 23
 1(8) DEBUG: <core> [core/parser/parse_hname2.c:301]: parse_sip_header_name(): parsed header name [Contact] type 7
 1(8) DEBUG: <core> [core/parser/parse_hname2.c:301]: parse_sip_header_name(): parsed header name [Expires] type 14
 1(8) DEBUG: <core> [core/parser/parse_hname2.c:301]: parse_sip_header_name(): parsed header name [User-Agent] type 28
 1(8) DEBUG: <core> [core/parser/msg_parser.c:91]: get_hdr_field(): found end of header
 1(8) DEBUG: sanity [sanity.c:340]: check_required_headers(): check_required_headers passed
 1(8) DEBUG: sanity [sanity.c:506]: check_cseq_method(): check_cseq_method entered
 1(8) DEBUG: sanity [sanity.c:539]: check_cseq_method(): check_cseq_method passed
 1(8) DEBUG: sanity [sanity.c:548]: check_cseq_value(): check_cseq_value entered
 1(8) DEBUG: sanity [sanity.c:576]: check_cseq_value(): check_cseq_value passed
 1(8) DEBUG: sanity [sanity.c:585]: check_cl(): check_cl entered
 1(8) WARNING: sanity [sanity.c:612]: check_cl(): content length header missing in request
 1(8) DEBUG: sanity [sanity.c:622]: check_expires_value(): check_expires_value entered
 1(8) DEBUG: sanity [sanity.c:657]: check_expires_value(): check_expires_value passed
 1(8) DEBUG: sanity [sanity.c:758]: check_parse_uris(): check_parse_uris entered
 1(8) DEBUG: sanity [sanity.c:762]: check_parse_uris(): parsing ruri
 1(8) DEBUG: sanity [sanity.c:776]: check_parse_uris(): looking up From header
 1(8) DEBUG: <core> [core/parser/parse_addr_spec.c:185]: parse_to_param(): add param: tag=hAwde4SMe
 1(8) DEBUG: <core> [core/parser/parse_addr_spec.c:884]: parse_addr_spec(): end of header reached, state=29
 1(8) DEBUG: sanity [sanity.c:791]: check_parse_uris(): looking up To header
 1(8) DEBUG: sanity [sanity.c:838]: check_parse_uris(): check_parse_uris passed
 1(8) DEBUG: sanity [sanity_mod.c:254]: w_sanity_check(): sanity checks result: 1
 1(8) DEBUG: maxfwd [mf_funcs.c:74]: is_maxfwd_present(): value = 70 
 1(8) DEBUG: tm [t_lookup.c:1053]: t_check_msg(): msg (0x72ec244160a0) id=12/8 global id=11/8 T start=(nil)
 1(8) DEBUG: tm [t_lookup.c:497]: t_lookup_request(): start searching: hash=7242, isACK=0
 1(8) DEBUG: tm [t_lookup.c:455]: matching_3261(): RFC3261 transaction matching failed - via branch [z9hG4bK.bphgW-YK1]
 1(8) DEBUG: tm [t_lookup.c:675]: t_lookup_request(): no transaction found
 1(8) DEBUG: tm [t_lookup.c:1122]: t_check_msg(): msg (0x72ec244160a0) id=12/8 global id=12/8 T end=(nil)
 1(8) DEBUG: siputils [checks.c:120]: has_totag(): no totag
 1(8) DEBUG: registrar [save.c:324]: pack_ci(): set instance[<urn:uuid:0eb0eedb-d3c7-0093-a588-a2ecb233c438>]
 1(8) DEBUG: <core> [core/utils/sruid.c:214]: sruid_nextx(): new sruid is [uloc-6a67c949-8-f] (15 / 17)
 1(8) DEBUG: registrar [save.c:421]: pack_ci(): generated ruid is: uloc-6a67c949-8-f
 1(8) DEBUG: <core> [core/utils/sruid.c:214]: sruid_nextx(): new sruid is [uloc-6a67c949-8-01] (16 / 18)
 1(8) DEBUG: registrar [save.c:421]: pack_ci(): generated ruid is: uloc-6a67c949-8-01
 1(8) DEBUG: registrar [reply.c:334]: build_contact(): created Contact HF: Contact: <sip:ue1@10.100.0.2:64767;transport=udp>;expires=60;received="sip:10.100.0.2:64767";+sip.instance="<urn:uuid:0eb0eedb-d3c7-0093-a588-a2ecb233c438>"

 1(8) DEBUG: sl [sl.c:310]: send_reply(): reply in stateless mode (sl)
 1(8) DEBUG: <core> [core/receive.c:126]: sip_check_fline(): first line indicates a SIP reply
 1(8) INFO: <script>: REGISTER sip:ue1@10.100.0.10 from 10.100.0.2:64767 saved (contact <sip:ue1@10.100.0.2:64767;transport=udp>;+sip.instance="<urn:uuid:0eb0eedb-d3c7-0093-a588-a2ecb233c438>")
 1(8) DEBUG: <core> [core/receive.c:528]: receive_msg(): request-route executed in: 1092 usec
 1(8) DEBUG: <core> [core/usr_avp.c:637]: destroy_avp_list(): destroying list 0x72ec200ecf70
 1(8) DEBUG: <core> [core/usr_avp.c:637]: destroy_avp_list(): destroying list (nil)
 1(8) DEBUG: <core> [core/usr_avp.c:637]: destroy_avp_list(): destroying list (nil)
 1(8) DEBUG: <core> [core/usr_avp.c:637]: destroy_avp_list(): destroying list (nil)
 1(8) DEBUG: <core> [core/usr_avp.c:637]: destroy_avp_list(): destroying list (nil)
 1(8) DEBUG: <core> [core/usr_avp.c:637]: destroy_avp_list(): destroying list (nil)
 1(8) DEBUG: <core> [core/xavp.c:541]: xavp_destroy_list(): destroying xavp list (nil)
 1(8) DEBUG: <core> [core/xavp.c:541]: xavp_destroy_list(): destroying xavp list (nil)
 1(8) DEBUG: <core> [core/xavp.c:541]: xavp_destroy_list(): destroying xavp list (nil)
 1(8) DEBUG: <core> [core/receive.c:628]: receive_msg(): cleaning up
 3(10) DEBUG: <core> [core/udp_server.c:517]: udp_rcv_loop(): probing packet received from 10.100.0.2 55315
 2(9) DEBUG: <core> [core/udp_server.c:517]: udp_rcv_loop(): probing packet received from 10.100.0.2 65532
 4(11) DEBUG: <core> [core/udp_server.c:517]: udp_rcv_loop(): probing packet received from 10.100.0.2 55315
 1(8) DEBUG: <core> [core/udp_server.c:517]: udp_rcv_loop(): probing packet received from 10.100.0.2 65532
 3(10) DEBUG: <core> [core/udp_server.c:517]: udp_rcv_loop(): probing packet received from 10.100.0.2 55315
 2(9) DEBUG: <core> [core/udp_server.c:517]: udp_rcv_loop(): probing packet received from 10.100.0.2 65532
 4(11) DEBUG: <core> [core/udp_server.c:517]: udp_rcv_loop(): probing packet received from 10.100.0.2 55315
 1(8) DEBUG: <core> [core/udp_server.c:517]: udp_rcv_loop(): probing packet received from 10.100.0.2 65532
 3(10) DEBUG: <core> [core/udp_server.c:517]: udp_rcv_loop(): probing packet received from 10.100.0.2 55315
 2(9) DEBUG: <core> [core/udp_server.c:517]: udp_rcv_loop(): probing packet received from 10.100.0.2 65532
 4(11) DEBUG: <core> [core/udp_server.c:494]: udp_rcv_loop(): received on udp socket: (112/100/511) [[REGISTER sip:10.100.0.10 SIP/2.0 0D  0A Via: SIP/2.0/UDP 10.45.0.3:5080;branch=z9hG4bK.yJ1rWO7OR;rport 0D  0A Fr]]
 4(11) DEBUG: <core> [core/parser/parse_fline.c:249]: parse_first_line(): first line type 1 (request) flags 1
 4(11) DEBUG: <core> [core/parser/msg_parser.c:679]: parse_msg(): SIP Request:
 4(11) DEBUG: <core> [core/parser/msg_parser.c:680]: parse_msg():  method:  <REGISTER>
 4(11) DEBUG: <core> [core/parser/msg_parser.c:682]: parse_msg():  uri:     <sip:10.100.0.10>
 4(11) DEBUG: <core> [core/parser/msg_parser.c:684]: parse_msg():  version: <SIP/2.0>
 4(11) DEBUG: <core> [core/parser/parse_hname2.c:301]: parse_sip_header_name(): parsed header name [Via] type 1
 4(11) DEBUG: <core> [core/parser/parse_via.c:1300]: parse_via_param(): Found param type 232, <branch> = <z9hG4bK.yJ1rWO7OR>; state=6
 4(11) DEBUG: <core> [core/parser/parse_via.c:1300]: parse_via_param(): Found param type 235, <rport> = <n/a>; state=17
 4(11) DEBUG: <core> [core/parser/parse_via.c:2639]: parse_via(): end of header reached, state=5
 4(11) DEBUG: <core> [core/parser/msg_parser.c:555]: parse_headers(): Via found, flags=2
 4(11) DEBUG: <core> [core/parser/msg_parser.c:557]: parse_headers(): this is the first via
 4(11) DEBUG: <core> [core/parser/parse_hname2.c:301]: parse_sip_header_name(): parsed header name [From] type 4
 4(11) DEBUG: <core> [core/parser/parse_hname2.c:301]: parse_sip_header_name(): parsed header name [To] type 3
 4(11) DEBUG: <core> [core/parser/parse_addr_spec.c:884]: parse_addr_spec(): end of header reached, state=9
 4(11) DEBUG: <core> [core/parser/msg_parser.c:172]: get_hdr_field(): <To> [21]; uri=[sip:ue2@10.100.0.10]
 4(11) DEBUG: <core> [core/parser/msg_parser.c:174]: get_hdr_field(): to body (21)[sip:ue2@10.100.0.10
], to tag (0)[]
 4(11) DEBUG: <core> [core/parser/parse_hname2.c:301]: parse_sip_header_name(): parsed header name [CSeq] type 5
 4(11) DEBUG: <core> [core/parser/msg_parser.c:152]: get_hdr_field(): cseq <CSeq>: <39> <REGISTER>
 4(11) DEBUG: <core> [core/parser/parse_hname2.c:301]: parse_sip_header_name(): parsed header name [Call-ID] type 6
 4(11) DEBUG: <core> [core/receive.c:389]: receive_msg(): --- received sip message - request - call-id: [dsvYoZjw3U] - cseq: [39 REGISTER]
 4(11) DEBUG: <core> [core/receive.c:261]: ksr_evrt_pre_routing(): event route core:pre-routing not defined
 4(11) DEBUG: <core> [core/receive.c:471]: receive_msg(): preparing to run routing scripts...
 4(11) DEBUG: sanity [sanity.c:247]: check_ruri_sip_version(): check_ruri_sip_version entered
 4(11) DEBUG: sanity [sanity.c:270]: check_ruri_sip_version(): check_ruri_sip_version passed
 4(11) DEBUG: sanity [sanity.c:277]: check_ruri_scheme(): check_ruri_scheme entered
 4(11) DEBUG: sanity [sanity.c:297]: check_ruri_scheme(): check_ruri_scheme passed
 4(11) DEBUG: sanity [sanity.c:318]: check_required_headers(): check_required_headers entered
 4(11) DEBUG: <core> [core/parser/parse_hname2.c:301]: parse_sip_header_name(): parsed header name [Max-Forwards] type 8
 4(11) DEBUG: <core> [core/parser/parse_hname2.c:301]: parse_sip_header_name(): parsed header name [Supported] type 17
 4(11) DEBUG: <core> [core/parser/parse_hname2.c:301]: parse_sip_header_name(): parsed header name [Accept] type 23
 4(11) DEBUG: <core> [core/parser/parse_hname2.c:301]: parse_sip_header_name(): parsed header name [Accept] type 23
 4(11) DEBUG: <core> [core/parser/parse_hname2.c:301]: parse_sip_header_name(): parsed header name [Accept] type 23
 4(11) DEBUG: <core> [core/parser/parse_hname2.c:301]: parse_sip_header_name(): parsed header name [Contact] type 7
 4(11) DEBUG: <core> [core/parser/parse_hname2.c:301]: parse_sip_header_name(): parsed header name [Expires] type 14
 4(11) DEBUG: <core> [core/parser/parse_hname2.c:301]: parse_sip_header_name(): parsed header name [User-Agent] type 28
 4(11) DEBUG: <core> [core/parser/msg_parser.c:91]: get_hdr_field(): found end of header
 4(11) DEBUG: sanity [sanity.c:340]: check_required_headers(): check_required_headers passed
 4(11) DEBUG: sanity [sanity.c:506]: check_cseq_method(): check_cseq_method entered
 4(11) DEBUG: sanity [sanity.c:539]: check_cseq_method(): check_cseq_method passed
 4(11) DEBUG: sanity [sanity.c:548]: check_cseq_value(): check_cseq_value entered
 4(11) DEBUG: sanity [sanity.c:576]: check_cseq_value(): check_cseq_value passed
 4(11) DEBUG: sanity [sanity.c:585]: check_cl(): check_cl entered
 4(11) WARNING: sanity [sanity.c:612]: check_cl(): content length header missing in request
 4(11) DEBUG: sanity [sanity.c:622]: check_expires_value(): check_expires_value entered
 4(11) DEBUG: sanity [sanity.c:657]: check_expires_value(): check_expires_value passed
 4(11) DEBUG: sanity [sanity.c:758]: check_parse_uris(): check_parse_uris entered
 4(11) DEBUG: sanity [sanity.c:762]: check_parse_uris(): parsing ruri
 4(11) DEBUG: sanity [sanity.c:776]: check_parse_uris(): looking up From header
 4(11) DEBUG: <core> [core/parser/parse_addr_spec.c:185]: parse_to_param(): add param: tag=AXZuULbt5
 4(11) DEBUG: <core> [core/parser/parse_addr_spec.c:884]: parse_addr_spec(): end of header reached, state=29
 4(11) DEBUG: sanity [sanity.c:791]: check_parse_uris(): looking up To header
 4(11) DEBUG: sanity [sanity.c:838]: check_parse_uris(): check_parse_uris passed
 4(11) DEBUG: sanity [sanity_mod.c:254]: w_sanity_check(): sanity checks result: 1
 4(11) DEBUG: maxfwd [mf_funcs.c:74]: is_maxfwd_present(): value = 70 
 4(11) DEBUG: tm [t_lookup.c:1053]: t_check_msg(): msg (0x72ec244160a0) id=15/11 global id=14/11 T start=(nil)
 4(11) DEBUG: tm [t_lookup.c:497]: t_lookup_request(): start searching: hash=32585, isACK=0
 4(11) DEBUG: tm [t_lookup.c:455]: matching_3261(): RFC3261 transaction matching failed - via branch [z9hG4bK.yJ1rWO7OR]
 4(11) DEBUG: tm [t_lookup.c:675]: t_lookup_request(): no transaction found
 4(11) DEBUG: tm [t_lookup.c:1122]: t_check_msg(): msg (0x72ec244160a0) id=15/11 global id=15/11 T end=(nil)
 4(11) DEBUG: siputils [checks.c:120]: has_totag(): no totag
 4(11) DEBUG: <core> [core/msg_translator.c:162]: check_via_address(): (10.100.0.2, 10.45.0.3, 0)
 4(11) DEBUG: registrar [save.c:324]: pack_ci(): set instance[<urn:uuid:b1ec2359-ddd8-000f-aa02-ab2f9af9fbe2>]
 4(11) DEBUG: <core> [core/utils/sruid.c:214]: sruid_nextx(): new sruid is [uloc-6a67c949-b-31] (19 / 18)
 4(11) DEBUG: registrar [save.c:421]: pack_ci(): generated ruid is: uloc-6a67c949-b-31
 4(11) DEBUG: <core> [core/utils/sruid.c:214]: sruid_nextx(): new sruid is [uloc-6a67c949-b-41] (20 / 18)
 4(11) DEBUG: registrar [save.c:421]: pack_ci(): generated ruid is: uloc-6a67c949-b-41
 4(11) DEBUG: registrar [reply.c:334]: build_contact(): created Contact HF: Contact: <sip:ue2@10.100.0.2:5080;transport=udp>;expires=60;received="sip:10.100.0.2:5080";+sip.instance="<urn:uuid:b1ec2359-ddd8-000f-aa02-ab2f9af9fbe2>"

 4(11) DEBUG: sl [sl.c:310]: send_reply(): reply in stateless mode (sl)
 4(11) DEBUG: <core> [core/receive.c:126]: sip_check_fline(): first line indicates a SIP reply
 4(11) INFO: <script>: REGISTER sip:ue2@10.100.0.10 from 10.100.0.2:5080 saved (contact <sip:ue2@10.100.0.2:5080;transport=udp>;+sip.instance="<urn:uuid:b1ec2359-ddd8-000f-aa02-ab2f9af9fbe2>")
 4(11) DEBUG: <core> [core/receive.c:528]: receive_msg(): request-route executed in: 567 usec
 4(11) DEBUG: <core> [core/usr_avp.c:637]: destroy_avp_list(): destroying list 0x72ec200ecf70
 4(11) DEBUG: <core> [core/usr_avp.c:637]: destroy_avp_list(): destroying list (nil)
 4(11) DEBUG: <core> [core/usr_avp.c:637]: destroy_avp_list(): destroying list (nil)
 4(11) DEBUG: <core> [core/usr_avp.c:637]: destroy_avp_list(): destroying list (nil)
 4(11) DEBUG: <core> [core/usr_avp.c:637]: destroy_avp_list(): destroying list (nil)
 4(11) DEBUG: <core> [core/usr_avp.c:637]: destroy_avp_list(): destroying list (nil)
 4(11) DEBUG: <core> [core/xavp.c:541]: xavp_destroy_list(): destroying xavp list (nil)
 4(11) DEBUG: <core> [core/xavp.c:541]: xavp_destroy_list(): destroying xavp list (nil)
 4(11) DEBUG: <core> [core/xavp.c:541]: xavp_destroy_list(): destroying xavp list (nil)
 4(11) DEBUG: <core> [core/receive.c:628]: receive_msg(): cleaning up
 1(8) DEBUG: <core> [core/udp_server.c:494]: udp_rcv_loop(): received on udp socket: (112/100/512) [[REGISTER sip:10.100.0.10 SIP/2.0 0D  0A Via: SIP/2.0/UDP 10.45.0.2:5080;branch=z9hG4bK.LXQTnoHPw;rport 0D  0A Fr]]
 1(8) DEBUG: <core> [core/parser/parse_fline.c:249]: parse_first_line(): first line type 1 (request) flags 1
 1(8) DEBUG: <core> [core/parser/msg_parser.c:679]: parse_msg(): SIP Request:
 1(8) DEBUG: <core> [core/parser/msg_parser.c:680]: parse_msg():  method:  <REGISTER>
 1(8) DEBUG: <core> [core/parser/msg_parser.c:682]: parse_msg():  uri:     <sip:10.100.0.10>
 1(8) DEBUG: <core> [core/parser/msg_parser.c:684]: parse_msg():  version: <SIP/2.0>
 1(8) DEBUG: <core> [core/parser/parse_hname2.c:301]: parse_sip_header_name(): parsed header name [Via] type 1
 1(8) DEBUG: <core> [core/parser/parse_via.c:1300]: parse_via_param(): Found param type 232, <branch> = <z9hG4bK.LXQTnoHPw>; state=6
 1(8) DEBUG: <core> [core/parser/parse_via.c:1300]: parse_via_param(): Found param type 235, <rport> = <n/a>; state=17
 1(8) DEBUG: <core> [core/parser/parse_via.c:2639]: parse_via(): end of header reached, state=5
 1(8) DEBUG: <core> [core/parser/msg_parser.c:555]: parse_headers(): Via found, flags=2
 1(8) DEBUG: <core> [core/parser/msg_parser.c:557]: parse_headers(): this is the first via
 1(8) DEBUG: <core> [core/parser/parse_hname2.c:301]: parse_sip_header_name(): parsed header name [From] type 4
 1(8) DEBUG: <core> [core/parser/parse_hname2.c:301]: parse_sip_header_name(): parsed header name [To] type 3
 1(8) DEBUG: <core> [core/parser/parse_addr_spec.c:884]: parse_addr_spec(): end of header reached, state=9
 1(8) DEBUG: <core> [core/parser/msg_parser.c:172]: get_hdr_field(): <To> [21]; uri=[sip:ue1@10.100.0.10]
 1(8) DEBUG: <core> [core/parser/msg_parser.c:174]: get_hdr_field(): to body (21)[sip:ue1@10.100.0.10
], to tag (0)[]
 1(8) DEBUG: <core> [core/parser/parse_hname2.c:301]: parse_sip_header_name(): parsed header name [CSeq] type 5
 1(8) DEBUG: <core> [core/parser/msg_parser.c:152]: get_hdr_field(): cseq <CSeq>: <39> <REGISTER>
 1(8) DEBUG: <core> [core/parser/parse_hname2.c:301]: parse_sip_header_name(): parsed header name [Call-ID] type 6
 1(8) DEBUG: <core> [core/receive.c:389]: receive_msg(): --- received sip message - request - call-id: [0vxMX1n5jC] - cseq: [39 REGISTER]
 1(8) DEBUG: <core> [core/receive.c:261]: ksr_evrt_pre_routing(): event route core:pre-routing not defined
 1(8) DEBUG: <core> [core/receive.c:471]: receive_msg(): preparing to run routing scripts...
 1(8) DEBUG: sanity [sanity.c:247]: check_ruri_sip_version(): check_ruri_sip_version entered
 1(8) DEBUG: sanity [sanity.c:270]: check_ruri_sip_version(): check_ruri_sip_version passed
 1(8) DEBUG: sanity [sanity.c:277]: check_ruri_scheme(): check_ruri_scheme entered
 1(8) DEBUG: sanity [sanity.c:297]: check_ruri_scheme(): check_ruri_scheme passed
 1(8) DEBUG: sanity [sanity.c:318]: check_required_headers(): check_required_headers entered
 1(8) DEBUG: <core> [core/parser/parse_hname2.c:301]: parse_sip_header_name(): parsed header name [Max-Forwards] type 8
 1(8) DEBUG: <core> [core/parser/parse_hname2.c:301]: parse_sip_header_name(): parsed header name [Supported] type 17
 1(8) DEBUG: <core> [core/parser/parse_hname2.c:301]: parse_sip_header_name(): parsed header name [Accept] type 23
 1(8) DEBUG: <core> [core/parser/parse_hname2.c:301]: parse_sip_header_name(): parsed header name [Accept] type 23
 1(8) DEBUG: <core> [core/parser/parse_hname2.c:301]: parse_sip_header_name(): parsed header name [Accept] type 23
 1(8) DEBUG: <core> [core/parser/parse_hname2.c:301]: parse_sip_header_name(): parsed header name [Contact] type 7
 1(8) DEBUG: <core> [core/parser/parse_hname2.c:301]: parse_sip_header_name(): parsed header name [Expires] type 14
 1(8) DEBUG: <core> [core/parser/parse_hname2.c:301]: parse_sip_header_name(): parsed header name [User-Agent] type 28
 1(8) DEBUG: <core> [core/parser/msg_parser.c:91]: get_hdr_field(): found end of header
 1(8) DEBUG: sanity [sanity.c:340]: check_required_headers(): check_required_headers passed
 1(8) DEBUG: sanity [sanity.c:506]: check_cseq_method(): check_cseq_method entered
 1(8) DEBUG: sanity [sanity.c:539]: check_cseq_method(): check_cseq_method passed
 1(8) DEBUG: sanity [sanity.c:548]: check_cseq_value(): check_cseq_value entered
 1(8) DEBUG: sanity [sanity.c:576]: check_cseq_value(): check_cseq_value passed
 1(8) DEBUG: sanity [sanity.c:585]: check_cl(): check_cl entered
 1(8) WARNING: sanity [sanity.c:612]: check_cl(): content length header missing in request
 1(8) DEBUG: sanity [sanity.c:622]: check_expires_value(): check_expires_value entered
 1(8) DEBUG: sanity [sanity.c:657]: check_expires_value(): check_expires_value passed
 1(8) DEBUG: sanity [sanity.c:758]: check_parse_uris(): check_parse_uris entered
 1(8) DEBUG: sanity [sanity.c:762]: check_parse_uris(): parsing ruri
 1(8) DEBUG: sanity [sanity.c:776]: check_parse_uris(): looking up From header
 1(8) DEBUG: <core> [core/parser/parse_addr_spec.c:185]: parse_to_param(): add param: tag=hAwde4SMe
 1(8) DEBUG: <core> [core/parser/parse_addr_spec.c:884]: parse_addr_spec(): end of header reached, state=29
 1(8) DEBUG: sanity [sanity.c:791]: check_parse_uris(): looking up To header
 1(8) DEBUG: sanity [sanity.c:838]: check_parse_uris(): check_parse_uris passed
 1(8) DEBUG: sanity [sanity_mod.c:254]: w_sanity_check(): sanity checks result: 1
 1(8) DEBUG: maxfwd [mf_funcs.c:74]: is_maxfwd_present(): value = 70 
 1(8) DEBUG: tm [t_lookup.c:1053]: t_check_msg(): msg (0x72ec244160a0) id=13/8 global id=12/8 T start=(nil)
 1(8) DEBUG: tm [t_lookup.c:497]: t_lookup_request(): start searching: hash=7241, isACK=0
 1(8) DEBUG: tm [t_lookup.c:455]: matching_3261(): RFC3261 transaction matching failed - via branch [z9hG4bK.LXQTnoHPw]
 1(8) DEBUG: tm [t_lookup.c:675]: t_lookup_request(): no transaction found
 1(8) DEBUG: tm [t_lookup.c:1122]: t_check_msg(): msg (0x72ec244160a0) id=13/8 global id=13/8 T end=(nil)
 1(8) DEBUG: siputils [checks.c:120]: has_totag(): no totag
 1(8) DEBUG: registrar [save.c:324]: pack_ci(): set instance[<urn:uuid:0eb0eedb-d3c7-0093-a588-a2ecb233c438>]
 1(8) DEBUG: <core> [core/utils/sruid.c:214]: sruid_nextx(): new sruid is [uloc-6a67c949-8-11] (17 / 18)
 1(8) DEBUG: registrar [save.c:421]: pack_ci(): generated ruid is: uloc-6a67c949-8-11
 1(8) DEBUG: <core> [core/utils/sruid.c:214]: sruid_nextx(): new sruid is [uloc-6a67c949-8-21] (18 / 18)
 1(8) DEBUG: registrar [save.c:421]: pack_ci(): generated ruid is: uloc-6a67c949-8-21
 1(8) DEBUG: registrar [reply.c:334]: build_contact(): created Contact HF: Contact: <sip:ue1@10.100.0.2:64767;transport=udp>;expires=60;received="sip:10.100.0.2:64767";+sip.instance="<urn:uuid:0eb0eedb-d3c7-0093-a588-a2ecb233c438>"

 1(8) DEBUG: sl [sl.c:310]: send_reply(): reply in stateless mode (sl)
 1(8) DEBUG: <core> [core/receive.c:126]: sip_check_fline(): first line indicates a SIP reply
 1(8) INFO: <script>: REGISTER sip:ue1@10.100.0.10 from 10.100.0.2:64767 saved (contact <sip:ue1@10.100.0.2:64767;transport=udp>;+sip.instance="<urn:uuid:0eb0eedb-d3c7-0093-a588-a2ecb233c438>")
 1(8) DEBUG: <core> [core/receive.c:528]: receive_msg(): request-route executed in: 884 usec
 1(8) DEBUG: <core> [core/usr_avp.c:637]: destroy_avp_list(): destroying list 0x72ec200ecf70
 1(8) DEBUG: <core> [core/usr_avp.c:637]: destroy_avp_list(): destroying list (nil)
 1(8) DEBUG: <core> [core/usr_avp.c:637]: destroy_avp_list(): destroying list (nil)
 1(8) DEBUG: <core> [core/usr_avp.c:637]: destroy_avp_list(): destroying list (nil)
 1(8) DEBUG: <core> [core/usr_avp.c:637]: destroy_avp_list(): destroying list (nil)
 1(8) DEBUG: <core> [core/usr_avp.c:637]: destroy_avp_list(): destroying list (nil)
 1(8) DEBUG: <core> [core/xavp.c:541]: xavp_destroy_list(): destroying xavp list (nil)
 1(8) DEBUG: <core> [core/xavp.c:541]: xavp_destroy_list(): destroying xavp list (nil)
 1(8) DEBUG: <core> [core/xavp.c:541]: xavp_destroy_list(): destroying xavp list (nil)
 1(8) DEBUG: <core> [core/receive.c:628]: receive_msg(): cleaning up
 3(10) DEBUG: <core> [core/udp_server.c:517]: udp_rcv_loop(): probing packet received from 10.100.0.2 65532
 2(9) DEBUG: <core> [core/udp_server.c:517]: udp_rcv_loop(): probing packet received from 10.100.0.2 55315
 4(11) DEBUG: <core> [core/udp_server.c:517]: udp_rcv_loop(): probing packet received from 10.100.0.2 65532
 1(8) DEBUG: <core> [core/udp_server.c:517]: udp_rcv_loop(): probing packet received from 10.100.0.2 55315
 3(10) DEBUG: <core> [core/udp_server.c:517]: udp_rcv_loop(): probing packet received from 10.100.0.2 65532
 2(9) DEBUG: <core> [core/udp_server.c:517]: udp_rcv_loop(): probing packet received from 10.100.0.2 55315
 4(11) DEBUG: <core> [core/udp_server.c:494]: udp_rcv_loop(): received on udp socket: (112/100/1083) [[INVITE sip:ue1@10.100.0.10 SIP/2.0 0D  0A Via: SIP/2.0/UDP 10.45.0.3:5080;branch=z9hG4bK.3qh3wSEY7;rport 0D  0A ]]
 4(11) DEBUG: <core> [core/parser/parse_fline.c:249]: parse_first_line(): first line type 1 (request) flags 1
 4(11) DEBUG: <core> [core/parser/msg_parser.c:679]: parse_msg(): SIP Request:
 4(11) DEBUG: <core> [core/parser/msg_parser.c:680]: parse_msg():  method:  <INVITE>
 4(11) DEBUG: <core> [core/parser/msg_parser.c:682]: parse_msg():  uri:     <sip:ue1@10.100.0.10>
 4(11) DEBUG: <core> [core/parser/msg_parser.c:684]: parse_msg():  version: <SIP/2.0>
 4(11) DEBUG: <core> [core/parser/parse_hname2.c:301]: parse_sip_header_name(): parsed header name [Via] type 1
 4(11) DEBUG: <core> [core/parser/parse_via.c:1300]: parse_via_param(): Found param type 232, <branch> = <z9hG4bK.3qh3wSEY7>; state=6
 4(11) DEBUG: <core> [core/parser/parse_via.c:1300]: parse_via_param(): Found param type 235, <rport> = <n/a>; state=17
 4(11) DEBUG: <core> [core/parser/parse_via.c:2639]: parse_via(): end of header reached, state=5
 4(11) DEBUG: <core> [core/parser/msg_parser.c:555]: parse_headers(): Via found, flags=2
 4(11) DEBUG: <core> [core/parser/msg_parser.c:557]: parse_headers(): this is the first via
 4(11) DEBUG: <core> [core/parser/parse_hname2.c:301]: parse_sip_header_name(): parsed header name [From] type 4
 4(11) DEBUG: <core> [core/parser/parse_hname2.c:301]: parse_sip_header_name(): parsed header name [To] type 3
 4(11) DEBUG: <core> [core/parser/parse_addr_spec.c:884]: parse_addr_spec(): end of header reached, state=9
 4(11) DEBUG: <core> [core/parser/msg_parser.c:172]: get_hdr_field(): <To> [21]; uri=[sip:ue1@10.100.0.10]
 4(11) DEBUG: <core> [core/parser/msg_parser.c:174]: get_hdr_field(): to body (21)[sip:ue1@10.100.0.10
], to tag (0)[]
 4(11) DEBUG: <core> [core/parser/parse_hname2.c:301]: parse_sip_header_name(): parsed header name [CSeq] type 5
 4(11) DEBUG: <core> [core/parser/msg_parser.c:152]: get_hdr_field(): cseq <CSeq>: <20> <INVITE>
 4(11) DEBUG: <core> [core/parser/parse_hname2.c:301]: parse_sip_header_name(): parsed header name [Call-ID] type 6
 4(11) DEBUG: <core> [core/receive.c:389]: receive_msg(): --- received sip message - request - call-id: [UjIM8DO~-c] - cseq: [20 INVITE]
 4(11) DEBUG: <core> [core/receive.c:261]: ksr_evrt_pre_routing(): event route core:pre-routing not defined
 4(11) DEBUG: <core> [core/receive.c:471]: receive_msg(): preparing to run routing scripts...
 4(11) DEBUG: sanity [sanity.c:247]: check_ruri_sip_version(): check_ruri_sip_version entered
 4(11) DEBUG: sanity [sanity.c:270]: check_ruri_sip_version(): check_ruri_sip_version passed
 4(11) DEBUG: sanity [sanity.c:277]: check_ruri_scheme(): check_ruri_scheme entered
 4(11) DEBUG: sanity [sanity.c:297]: check_ruri_scheme(): check_ruri_scheme passed
 4(11) DEBUG: sanity [sanity.c:318]: check_required_headers(): check_required_headers entered
 4(11) DEBUG: <core> [core/parser/parse_hname2.c:301]: parse_sip_header_name(): parsed header name [Max-Forwards] type 8
 4(11) DEBUG: <core> [core/parser/parse_hname2.c:301]: parse_sip_header_name(): parsed header name [Supported] type 17
 4(11) DEBUG: <core> [core/parser/parse_hname2.c:301]: parse_sip_header_name(): parsed header name [Allow] type 21
 4(11) DEBUG: <core> [core/parser/parse_hname2.c:301]: parse_sip_header_name(): parsed header name [Content-Type] type 11
 4(11) DEBUG: <core> [core/parser/parse_hname2.c:301]: parse_sip_header_name(): parsed header name [Content-Length] type 12
 4(11) DEBUG: <core> [core/parser/msg_parser.c:187]: get_hdr_field(): content_length=484
 4(11) DEBUG: <core> [core/parser/parse_hname2.c:301]: parse_sip_header_name(): parsed header name [Contact] type 7
 4(11) DEBUG: <core> [core/parser/parse_hname2.c:301]: parse_sip_header_name(): parsed header name [User-Agent] type 28
 4(11) DEBUG: <core> [core/parser/msg_parser.c:91]: get_hdr_field(): found end of header
 4(11) DEBUG: sanity [sanity.c:340]: check_required_headers(): check_required_headers passed
 4(11) DEBUG: sanity [sanity.c:506]: check_cseq_method(): check_cseq_method entered
 4(11) DEBUG: sanity [sanity.c:539]: check_cseq_method(): check_cseq_method passed
 4(11) DEBUG: sanity [sanity.c:548]: check_cseq_value(): check_cseq_value entered
 4(11) DEBUG: sanity [sanity.c:576]: check_cseq_value(): check_cseq_value passed
 4(11) DEBUG: sanity [sanity.c:585]: check_cl(): check_cl entered
 4(11) DEBUG: sanity [sanity.c:610]: check_cl(): check_cl passed
 4(11) DEBUG: sanity [sanity.c:622]: check_expires_value(): check_expires_value entered
 4(11) DEBUG: sanity [sanity.c:659]: check_expires_value(): no expires header found
 4(11) DEBUG: sanity [sanity.c:758]: check_parse_uris(): check_parse_uris entered
 4(11) DEBUG: sanity [sanity.c:762]: check_parse_uris(): parsing ruri
 4(11) DEBUG: sanity [sanity.c:776]: check_parse_uris(): looking up From header
 4(11) DEBUG: <core> [core/parser/parse_addr_spec.c:185]: parse_to_param(): add param: tag=9E~MiIyno
 4(11) DEBUG: <core> [core/parser/parse_addr_spec.c:884]: parse_addr_spec(): end of header reached, state=29
 4(11) DEBUG: sanity [sanity.c:791]: check_parse_uris(): looking up To header
 4(11) DEBUG: sanity [sanity.c:838]: check_parse_uris(): check_parse_uris passed
 4(11) DEBUG: sanity [sanity_mod.c:254]: w_sanity_check(): sanity checks result: 1
 4(11) DEBUG: maxfwd [mf_funcs.c:74]: is_maxfwd_present(): value = 70 
 4(11) DEBUG: tm [t_lookup.c:1053]: t_check_msg(): msg (0x72ec244160a0) id=16/11 global id=15/11 T start=(nil)
 4(11) DEBUG: tm [t_lookup.c:497]: t_lookup_request(): start searching: hash=157, isACK=0
 4(11) DEBUG: tm [t_lookup.c:455]: matching_3261(): RFC3261 transaction matching failed - via branch [z9hG4bK.3qh3wSEY7]
 4(11) DEBUG: tm [t_lookup.c:675]: t_lookup_request(): no transaction found
 4(11) DEBUG: tm [t_lookup.c:1122]: t_check_msg(): msg (0x72ec244160a0) id=16/11 global id=16/11 T end=(nil)
 4(11) DEBUG: rr [loose.c:1293]: is_direction(): param ftag not found
 4(11) DEBUG: rr [record.c:479]: record_route(): inserted record route (r2: 1 - plen: 0)
 4(11) DEBUG: siputils [checks.c:120]: has_totag(): no totag
 4(11) DEBUG: registrar [lookup.c:345]: lookup_helper(): contact for [ue1] found by address
 4(11) DEBUG: <core> [core/parser/sdp/sdp_helpr_funcs.c:682]: extract_sess_version(): oline(32): >o=ue2 558 736 IN IP4 10.45.0.3
<
 4(11) DEBUG: <core> [core/parser/sdp/sdp_helpr_funcs.c:711]: extract_sess_version(): end 3: >736<
 4(11) DEBUG: <core> [core/parser/sdp/sdp_helpr_funcs.c:566]: extract_mediaip(): located IP address [10.45.0.3] in `o=' field
 4(11) DEBUG: <core> [core/parser/sdp/sdp_helpr_funcs.c:566]: extract_mediaip(): located IP address [10.45.0.3] in `c=' field
 4(11) DEBUG: <core> [core/parser/sdp/sdp.c:599]: parse_sdp_session(): ignoring unknown type in a= line: `a=rtcp-fb:* trr-int ...'
 4(11) DEBUG: <core> [core/parser/sdp/sdp.c:599]: parse_sdp_session(): ignoring unknown type in a= line: `a=rtcp-fb:* ccm tmmb...'
 4(11) DEBUG: rtpengine [rtpengine_funcs.c:144]: check_content_type(): type <application/sdp> found valid
 4(11) DEBUG: rtpengine [rtpengine.c:1861]: build_rtpp_socks(): same rtpengines list version: 1 (1785186633)
 4(11) DEBUG: rtpengine [rtpengine.c:3305]: select_rtpp_node_old(): rtpengine hash table lookup failed to find node for calllen=10 callid=UjIM8DO~-c viabranch=
 4(11) DEBUG: rtpengine [rtpengine.c:3196]: select_rtpp_node_new(): sum is = 46
 4(11) DEBUG: rtpengine [rtpengine.c:2720]: rtpp_function_call(): proxy reply: d3:sdp559:v=0
o=ue2 558 736 IN IP4 10.100.0.11
s=Talk
c=IN IP4 10.100.0.11
t=0 0
a=rtcp-xr:rcvr-rtt=all:10000 stat-summary=loss,dup,jitt,TTL voip-metrics
m=audio 30072 RTP/AVP 96 97 98 0 8 101 99 100
a=rtcp-fb:* trr-int 1000
a=rtcp-fb:* ccm tmmbr
a=rtpmap:96 opus/48000/2
a=fmtp:96 useinbandfec=1
a=rtpmap:97 speex/16000
a=fmtp:97 vbr=on
a=rtpmap:98 speex/8000
a=fmtp:98 vbr=on
a=rtpmap:0 PCMU/8000
a=rtpmap:8 PCMA/8000
a=rtpmap:101 telephone-event/48000
a=rtpmap:99 telephone-event/16000
a=rtpmap:100 telephone-event/8000
a=sendrecv
a=rtcp:30073
6:result2:oke
 4(11) DEBUG: rtpengine [rtpengine.c:2813]: rtpp_function_call(): rtpengine hash table insert node=udp:10.100.0.11:22222 for calllen=10 callid=UjIM8DO~-c viabranch=
 4(11) DEBUG: tm [t_lookup.c:1346]: t_newtran(): msg (0x72ec244160a0) id=16/11 global id=16/11 T start=(nil)
 4(11) DEBUG: tm [t_lookup.c:497]: t_lookup_request(): start searching: hash=157, isACK=0
 4(11) DEBUG: tm [t_lookup.c:455]: matching_3261(): RFC3261 transaction matching failed - via branch [z9hG4bK.3qh3wSEY7]
 4(11) DEBUG: tm [t_lookup.c:675]: t_lookup_request(): no transaction found
 4(11) DEBUG: <core> [core/crypto/md5utils.c:67]: MD5StringArray(): MD5 calculated: 4ca53539cde80e28ef1198a1e1ded7e1
 4(11) DEBUG: tm [t_funcs.c:325]: t_relay_to(): new INVITE
 4(11) DEBUG: tm [t_reply.c:637]: _reply_light(): reply sent out - buf=0x72ec244170e8: SIP/2.0 100 trying -... shmem=0x72ec200f1928: SIP/2.0 100 trying -
 4(11) DEBUG: tm [t_reply.c:648]: _reply_light(): finished
 4(11) DEBUG: <core> [core/msg_translator.c:1799]: check_boundaries(): no multi-part body
 4(11) DEBUG: <core> [core/msg_translator.c:432]: clen_builder(): content-length: 559 (559)
 4(11) DEBUG: tm [t_funcs.c:373]: t_relay_to(): new transaction forwarded
 4(11) DEBUG: <core> [core/receive.c:528]: receive_msg(): request-route executed in: 9718 usec
 4(11) DEBUG: <core> [core/usr_avp.c:637]: destroy_avp_list(): destroying list (nil)
 4(11) DEBUG: <core> [core/usr_avp.c:637]: destroy_avp_list(): destroying list (nil)
 4(11) DEBUG: <core> [core/usr_avp.c:637]: destroy_avp_list(): destroying list (nil)
 4(11) DEBUG: <core> [core/usr_avp.c:637]: destroy_avp_list(): destroying list (nil)
 4(11) DEBUG: <core> [core/usr_avp.c:637]: destroy_avp_list(): destroying list (nil)
 4(11) DEBUG: <core> [core/usr_avp.c:637]: destroy_avp_list(): destroying list (nil)
 4(11) DEBUG: <core> [core/xavp.c:541]: xavp_destroy_list(): destroying xavp list (nil)
 4(11) DEBUG: <core> [core/xavp.c:541]: xavp_destroy_list(): destroying xavp list (nil)
 4(11) DEBUG: <core> [core/xavp.c:541]: xavp_destroy_list(): destroying xavp list (nil)
 4(11) DEBUG: <core> [core/receive.c:628]: receive_msg(): cleaning up
 4(11) DEBUG: <core> [core/parser/sdp/sdp.c:863]: free_sdp(): _sdp = 0x72ec24416288
 4(11) DEBUG: <core> [core/parser/sdp/sdp.c:865]: free_sdp(): sdp = 0x72ec24403dc8
 4(11) DEBUG: <core> [core/parser/sdp/sdp.c:867]: free_sdp(): session = 0x72ec24403e70
 1(8) DEBUG: <core> [core/udp_server.c:494]: udp_rcv_loop(): received on udp socket: (106/100/299) [[SIP/2.0 100 Trying 0D  0A Via: SIP/2.0/UDP 10.100.0.10;branch=z9hG4bKd9.4ca53539cde80e28ef1198a1e1ded7e1.0]]
 1(8) DEBUG: <core> [core/parser/parse_fline.c:249]: parse_first_line(): first line type 2 (reply(status)) flags 1
 1(8) DEBUG: <core> [core/parser/msg_parser.c:689]: parse_msg(): SIP Reply  (status):
 1(8) DEBUG: <core> [core/parser/msg_parser.c:690]: parse_msg():  version: <SIP/2.0>
 1(8) DEBUG: <core> [core/parser/msg_parser.c:692]: parse_msg():  status:  <100>
 1(8) DEBUG: <core> [core/parser/msg_parser.c:694]: parse_msg():  reason:  <Trying>
 1(8) DEBUG: <core> [core/parser/parse_hname2.c:301]: parse_sip_header_name(): parsed header name [Via] type 1
 1(8) DEBUG: <core> [core/parser/parse_via.c:1300]: parse_via_param(): Found param type 232, <branch> = <z9hG4bKd9.4ca53539cde80e28ef1198a1e1ded7e1.0>; state=16
 1(8) DEBUG: <core> [core/parser/parse_via.c:2639]: parse_via(): end of header reached, state=5
 1(8) DEBUG: <core> [core/parser/msg_parser.c:555]: parse_headers(): Via found, flags=2
 1(8) DEBUG: <core> [core/parser/msg_parser.c:557]: parse_headers(): this is the first via
 1(8) DEBUG: <core> [core/parser/parse_hname2.c:301]: parse_sip_header_name(): parsed header name [Via] type 1
 1(8) DEBUG: <core> [core/parser/parse_via.c:1300]: parse_via_param(): Found param type 234, <received> = <10.100.0.2>; state=6
 1(8) DEBUG: <core> [core/parser/parse_via.c:1300]: parse_via_param(): Found param type 232, <branch> = <z9hG4bK.3qh3wSEY7>; state=6
 1(8) DEBUG: <core> [core/parser/parse_via.c:1300]: parse_via_param(): Found param type 235, <rport> = <5080>; state=16
 1(8) DEBUG: <core> [core/parser/parse_via.c:2639]: parse_via(): end of header reached, state=5
 1(8) DEBUG: <core> [core/parser/msg_parser.c:555]: parse_headers(): Via found, flags=78
 1(8) DEBUG: <core> [core/parser/msg_parser.c:568]: parse_headers(): this is the second via
 1(8) DEBUG: <core> [core/parser/parse_hname2.c:301]: parse_sip_header_name(): parsed header name [From] type 4
 1(8) DEBUG: <core> [core/parser/parse_hname2.c:301]: parse_sip_header_name(): parsed header name [To] type 3
 1(8) DEBUG: <core> [core/parser/parse_addr_spec.c:884]: parse_addr_spec(): end of header reached, state=9
 1(8) DEBUG: <core> [core/parser/msg_parser.c:172]: get_hdr_field(): <To> [21]; uri=[sip:ue1@10.100.0.10]
 1(8) DEBUG: <core> [core/parser/msg_parser.c:174]: get_hdr_field(): to body (21)[sip:ue1@10.100.0.10
], to tag (0)[]
 1(8) DEBUG: <core> [core/parser/parse_hname2.c:301]: parse_sip_header_name(): parsed header name [Call-ID] type 6
 1(8) DEBUG: <core> [core/parser/parse_hname2.c:301]: parse_sip_header_name(): parsed header name [CSeq] type 5
 1(8) DEBUG: <core> [core/parser/msg_parser.c:152]: get_hdr_field(): cseq <CSeq>: <20> <INVITE>
 1(8) DEBUG: <core> [core/receive.c:389]: receive_msg(): --- received sip message - reply - call-id: [UjIM8DO~-c] - cseq: [20 INVITE]
 1(8) DEBUG: <core> [core/receive.c:261]: ksr_evrt_pre_routing(): event route core:pre-routing not defined
 1(8) DEBUG: tm [t_lookup.c:1053]: t_check_msg(): msg (0x72ec244160a0) id=14/8 global id=13/8 T start=(nil)
 1(8) DEBUG: tm [t_lookup.c:912]: t_reply_matching(): t_reply_matching: hash 157 label 0 branch 0
 1(8) DEBUG: tm [t_lookup.c:986]: t_reply_matching(): reply (0x72ec244160a0) matched an active transaction (T=0x72ec200ee2f0)!
 1(8) DEBUG: tm [t_lookup.c:1122]: t_check_msg(): msg (0x72ec244160a0) id=14/8 global id=14/8 T end=0x72ec200ee2f0
 1(8) DEBUG: tm [t_reply.c:2363]: reply_received(): transaction found - T:0x72ec200ee2f0 branch:0
 1(8) DEBUG: tm [t_reply.c:2376]: reply_received(): original status uas=100, uac[0]=0 local=0 is_invite=1)
 1(8) DEBUG: tm [t_reply.c:1363]: t_should_relay_response(): ->>>>>>>>> T_code=100, new_code=100
 1(8) DEBUG: tm [t_reply.c:1613]: t_should_relay_response(): rps provisional - uas status: 100
 1(8) DEBUG: tm [t_reply.c:1924]: relay_reply(): reply status=5 branch=0, save=0, relay=-1 icode=0 msg status=100
 1(8) DEBUG: <core> [core/receive.c:617]: receive_msg(): reply-route executed in: 397 usec
 1(8) DEBUG: <core> [core/usr_avp.c:637]: destroy_avp_list(): destroying list (nil)
 1(8) DEBUG: <core> [core/usr_avp.c:637]: destroy_avp_list(): destroying list (nil)
 1(8) DEBUG: <core> [core/usr_avp.c:637]: destroy_avp_list(): destroying list (nil)
 1(8) DEBUG: <core> [core/usr_avp.c:637]: destroy_avp_list(): destroying list (nil)
 1(8) DEBUG: <core> [core/usr_avp.c:637]: destroy_avp_list(): destroying list (nil)
 1(8) DEBUG: <core> [core/usr_avp.c:637]: destroy_avp_list(): destroying list (nil)
 1(8) DEBUG: <core> [core/xavp.c:541]: xavp_destroy_list(): destroying xavp list (nil)
 1(8) DEBUG: <core> [core/xavp.c:541]: xavp_destroy_list(): destroying xavp list (nil)
 1(8) DEBUG: <core> [core/xavp.c:541]: xavp_destroy_list(): destroying xavp list (nil)
 1(8) DEBUG: <core> [core/receive.c:628]: receive_msg(): cleaning up
 3(10) DEBUG: <core> [core/udp_server.c:494]: udp_rcv_loop(): received on udp socket: (106/100/435) [[SIP/2.0 180 Ringing 0D  0A Via: SIP/2.0/UDP 10.100.0.10;branch=z9hG4bKd9.4ca53539cde80e28ef1198a1e1ded7e1.]]
 3(10) DEBUG: <core> [core/parser/parse_fline.c:249]: parse_first_line(): first line type 2 (reply(status)) flags 1
 3(10) DEBUG: <core> [core/parser/msg_parser.c:689]: parse_msg(): SIP Reply  (status):
 3(10) DEBUG: <core> [core/parser/msg_parser.c:690]: parse_msg():  version: <SIP/2.0>
 3(10) DEBUG: <core> [core/parser/msg_parser.c:692]: parse_msg():  status:  <180>
 3(10) DEBUG: <core> [core/parser/msg_parser.c:694]: parse_msg():  reason:  <Ringing>
 3(10) DEBUG: <core> [core/parser/parse_hname2.c:301]: parse_sip_header_name(): parsed header name [Via] type 1
 3(10) DEBUG: <core> [core/parser/parse_via.c:1300]: parse_via_param(): Found param type 232, <branch> = <z9hG4bKd9.4ca53539cde80e28ef1198a1e1ded7e1.0>; state=16
 3(10) DEBUG: <core> [core/parser/parse_via.c:2639]: parse_via(): end of header reached, state=5
 3(10) DEBUG: <core> [core/parser/msg_parser.c:555]: parse_headers(): Via found, flags=2
 3(10) DEBUG: <core> [core/parser/msg_parser.c:557]: parse_headers(): this is the first via
 3(10) DEBUG: <core> [core/parser/parse_hname2.c:301]: parse_sip_header_name(): parsed header name [Via] type 1
 3(10) DEBUG: <core> [core/parser/parse_via.c:1300]: parse_via_param(): Found param type 234, <received> = <10.100.0.2>; state=6
 3(10) DEBUG: <core> [core/parser/parse_via.c:1300]: parse_via_param(): Found param type 232, <branch> = <z9hG4bK.3qh3wSEY7>; state=6
 3(10) DEBUG: <core> [core/parser/parse_via.c:1300]: parse_via_param(): Found param type 235, <rport> = <5080>; state=16
 3(10) DEBUG: <core> [core/parser/parse_via.c:2639]: parse_via(): end of header reached, state=5
 3(10) DEBUG: <core> [core/parser/msg_parser.c:555]: parse_headers(): Via found, flags=78
 3(10) DEBUG: <core> [core/parser/msg_parser.c:568]: parse_headers(): this is the second via
 3(10) DEBUG: <core> [core/parser/parse_hname2.c:301]: parse_sip_header_name(): parsed header name [From] type 4
 3(10) DEBUG: <core> [core/parser/parse_hname2.c:301]: parse_sip_header_name(): parsed header name [To] type 3
 3(10) DEBUG: <core> [core/parser/parse_addr_spec.c:185]: parse_to_param(): add param: tag=mgzaxOi
 3(10) DEBUG: <core> [core/parser/parse_addr_spec.c:884]: parse_addr_spec(): end of header reached, state=29
 3(10) DEBUG: <core> [core/parser/msg_parser.c:172]: get_hdr_field(): <To> [35]; uri=[sip:ue1@10.100.0.10]
 3(10) DEBUG: <core> [core/parser/msg_parser.c:174]: get_hdr_field(): to body (21)[<sip:ue1@10.100.0.10>], to tag (7)[mgzaxOi]
 3(10) DEBUG: <core> [core/parser/parse_hname2.c:301]: parse_sip_header_name(): parsed header name [Call-ID] type 6
 3(10) DEBUG: <core> [core/parser/parse_hname2.c:301]: parse_sip_header_name(): parsed header name [CSeq] type 5
 3(10) DEBUG: <core> [core/parser/msg_parser.c:152]: get_hdr_field(): cseq <CSeq>: <20> <INVITE>
 3(10) DEBUG: <core> [core/receive.c:389]: receive_msg(): --- received sip message - reply - call-id: [UjIM8DO~-c] - cseq: [20 INVITE]
 3(10) DEBUG: <core> [core/receive.c:261]: ksr_evrt_pre_routing(): event route core:pre-routing not defined
 3(10) DEBUG: <core> [core/parser/parse_hname2.c:301]: parse_sip_header_name(): parsed header name [User-Agent] type 28
 3(10) DEBUG: <core> [core/parser/parse_hname2.c:301]: parse_sip_header_name(): parsed header name [Supported] type 17
 3(10) DEBUG: <core> [core/parser/parse_hname2.c:301]: parse_sip_header_name(): parsed header name [Record-route] type 10
 3(10) DEBUG: <core> [core/parser/msg_parser.c:91]: get_hdr_field(): found end of header
 3(10) DEBUG: tm [t_lookup.c:1053]: t_check_msg(): msg (0x72ec244160a0) id=15/10 global id=14/10 T start=(nil)
 3(10) DEBUG: tm [t_lookup.c:912]: t_reply_matching(): t_reply_matching: hash 157 label 0 branch 0
 3(10) DEBUG: tm [t_lookup.c:986]: t_reply_matching(): reply (0x72ec244160a0) matched an active transaction (T=0x72ec200ee2f0)!
 3(10) DEBUG: tm [t_lookup.c:1122]: t_check_msg(): msg (0x72ec244160a0) id=15/10 global id=15/10 T end=0x72ec200ee2f0
 3(10) DEBUG: tm [t_reply.c:2363]: reply_received(): transaction found - T:0x72ec200ee2f0 branch:0
 3(10) DEBUG: tm [t_reply.c:2376]: reply_received(): original status uas=100, uac[0]=100 local=0 is_invite=1)
 3(10) DEBUG: tm [t_reply.c:1363]: t_should_relay_response(): ->>>>>>>>> T_code=100, new_code=180
 3(10) DEBUG: tm [t_reply.c:1613]: t_should_relay_response(): rps provisional - uas status: 100
 3(10) DEBUG: tm [t_reply.c:1924]: relay_reply(): reply status=5 branch=0, save=0, relay=0 icode=0 msg status=180
 3(10) DEBUG: <core> [core/msg_translator.c:2340]: generate_res_buf_from_sip_res(): old size: 435, new size: 353
 3(10) DEBUG: <core> [core/msg_translator.c:2357]: generate_res_buf_from_sip_res(): copied size: orig:103, new: 21, rest: 332 msg=
SIP/2.0 180 Ringing
Via: SIP/2.0/UDP 10.45.0.3:5080;received=10.100.0.2;branch=z9hG4bK.3qh3wSEY7;rport=5080
From: <sip:ue2@10.100.0.10>;tag=9E~MiIyno
To: <sip:ue1@10.100.0.10>;tag=mgzaxOi
Call-ID: UjIM8DO~-c
CSeq: 20 INVITE
User-Agent: Linphonec/4.4.21
Supported: replaces, outbound, gruu
Record-route: <sip:10.100.0.10;lr=on;ftag=9E~MiIyno>


 3(10) DEBUG: tm [t_reply.c:2126]: relay_reply(): reply buffer sent out
 3(10) DEBUG: <core> [core/receive.c:617]: receive_msg(): reply-route executed in: 1466 usec
 3(10) DEBUG: <core> [core/usr_avp.c:637]: destroy_avp_list(): destroying list (nil)
 3(10) DEBUG: <core> [core/usr_avp.c:637]: destroy_avp_list(): destroying list (nil)
 3(10) DEBUG: <core> [core/usr_avp.c:637]: destroy_avp_list(): destroying list (nil)
 3(10) DEBUG: <core> [core/usr_avp.c:637]: destroy_avp_list(): destroying list (nil)
 3(10) DEBUG: <core> [core/usr_avp.c:637]: destroy_avp_list(): destroying list (nil)
 3(10) DEBUG: <core> [core/usr_avp.c:637]: destroy_avp_list(): destroying list (nil)
 3(10) DEBUG: <core> [core/xavp.c:541]: xavp_destroy_list(): destroying xavp list (nil)
 3(10) DEBUG: <core> [core/xavp.c:541]: xavp_destroy_list(): destroying xavp list (nil)
 3(10) DEBUG: <core> [core/xavp.c:541]: xavp_destroy_list(): destroying xavp list (nil)
 3(10) DEBUG: <core> [core/receive.c:628]: receive_msg(): cleaning up
 2(9) DEBUG: <core> [core/udp_server.c:494]: udp_rcv_loop(): received on udp socket: (112/100/1224) [[SIP/2.0 200 Ok 0D  0A Via: SIP/2.0/UDP 10.100.0.10;branch=z9hG4bKd9.4ca53539cde80e28ef1198a1e1ded7e1.0 0D  0A Vi]]
 2(9) DEBUG: <core> [core/parser/parse_fline.c:249]: parse_first_line(): first line type 2 (reply(status)) flags 1
 2(9) DEBUG: <core> [core/parser/msg_parser.c:689]: parse_msg(): SIP Reply  (status):
 2(9) DEBUG: <core> [core/parser/msg_parser.c:690]: parse_msg():  version: <SIP/2.0>
 2(9) DEBUG: <core> [core/parser/msg_parser.c:692]: parse_msg():  status:  <200>
 2(9) DEBUG: <core> [core/parser/msg_parser.c:694]: parse_msg():  reason:  <Ok>
 2(9) DEBUG: <core> [core/parser/parse_hname2.c:301]: parse_sip_header_name(): parsed header name [Via] type 1
 2(9) DEBUG: <core> [core/parser/parse_via.c:1300]: parse_via_param(): Found param type 232, <branch> = <z9hG4bKd9.4ca53539cde80e28ef1198a1e1ded7e1.0>; state=16
 2(9) DEBUG: <core> [core/parser/parse_via.c:2639]: parse_via(): end of header reached, state=5
 2(9) DEBUG: <core> [core/parser/msg_parser.c:555]: parse_headers(): Via found, flags=2
 2(9) DEBUG: <core> [core/parser/msg_parser.c:557]: parse_headers(): this is the first via
 2(9) DEBUG: <core> [core/parser/parse_hname2.c:301]: parse_sip_header_name(): parsed header name [Via] type 1
 2(9) DEBUG: <core> [core/parser/parse_via.c:1300]: parse_via_param(): Found param type 234, <received> = <10.100.0.2>; state=6
 2(9) DEBUG: <core> [core/parser/parse_via.c:1300]: parse_via_param(): Found param type 232, <branch> = <z9hG4bK.3qh3wSEY7>; state=6
 2(9) DEBUG: <core> [core/parser/parse_via.c:1300]: parse_via_param(): Found param type 235, <rport> = <5080>; state=16
 2(9) DEBUG: <core> [core/parser/parse_via.c:2639]: parse_via(): end of header reached, state=5
 2(9) DEBUG: <core> [core/parser/msg_parser.c:555]: parse_headers(): Via found, flags=78
 2(9) DEBUG: <core> [core/parser/msg_parser.c:568]: parse_headers(): this is the second via
 2(9) DEBUG: <core> [core/parser/parse_hname2.c:301]: parse_sip_header_name(): parsed header name [From] type 4
 2(9) DEBUG: <core> [core/parser/parse_hname2.c:301]: parse_sip_header_name(): parsed header name [To] type 3
 2(9) DEBUG: <core> [core/parser/parse_addr_spec.c:185]: parse_to_param(): add param: tag=mgzaxOi
 2(9) DEBUG: <core> [core/parser/parse_addr_spec.c:884]: parse_addr_spec(): end of header reached, state=29
 2(9) DEBUG: <core> [core/parser/msg_parser.c:172]: get_hdr_field(): <To> [35]; uri=[sip:ue1@10.100.0.10]
 2(9) DEBUG: <core> [core/parser/msg_parser.c:174]: get_hdr_field(): to body (21)[<sip:ue1@10.100.0.10>], to tag (7)[mgzaxOi]
 2(9) DEBUG: <core> [core/parser/parse_hname2.c:301]: parse_sip_header_name(): parsed header name [Call-ID] type 6
 2(9) DEBUG: <core> [core/parser/parse_hname2.c:301]: parse_sip_header_name(): parsed header name [CSeq] type 5
 2(9) DEBUG: <core> [core/parser/msg_parser.c:152]: get_hdr_field(): cseq <CSeq>: <20> <INVITE>
 2(9) DEBUG: <core> [core/receive.c:389]: receive_msg(): --- received sip message - reply - call-id: [UjIM8DO~-c] - cseq: [20 INVITE]
 2(9) DEBUG: <core> [core/receive.c:261]: ksr_evrt_pre_routing(): event route core:pre-routing not defined
 2(9) DEBUG: <core> [core/parser/parse_hname2.c:301]: parse_sip_header_name(): parsed header name [User-Agent] type 28
 2(9) DEBUG: <core> [core/parser/parse_hname2.c:301]: parse_sip_header_name(): parsed header name [Supported] type 17
 2(9) DEBUG: <core> [core/parser/parse_hname2.c:301]: parse_sip_header_name(): parsed header name [Allow] type 21
 2(9) DEBUG: <core> [core/parser/parse_hname2.c:301]: parse_sip_header_name(): parsed header name [Contact] type 7
 2(9) DEBUG: <core> [core/parser/parse_hname2.c:301]: parse_sip_header_name(): parsed header name [Content-Type] type 11
 2(9) DEBUG: <core> [core/parser/parse_hname2.c:301]: parse_sip_header_name(): parsed header name [Content-Length] type 12
 2(9) DEBUG: <core> [core/parser/msg_parser.c:187]: get_hdr_field(): content_length=486
 2(9) DEBUG: textops [textops.c:4144]: has_body_helper(): content type is 196611
 2(9) DEBUG: <core> [core/parser/parse_hname2.c:301]: parse_sip_header_name(): parsed header name [Record-route] type 10
 2(9) DEBUG: <core> [core/parser/msg_parser.c:91]: get_hdr_field(): found end of header
 2(9) DEBUG: <core> [core/parser/sdp/sdp_helpr_funcs.c:682]: extract_sess_version(): oline(34): >o=ue1 2750 2129 IN IP4 10.45.0.2
<
 2(9) DEBUG: <core> [core/parser/sdp/sdp_helpr_funcs.c:711]: extract_sess_version(): end 4: >2129<
 2(9) DEBUG: <core> [core/parser/sdp/sdp_helpr_funcs.c:566]: extract_mediaip(): located IP address [10.45.0.2] in `o=' field
 2(9) DEBUG: <core> [core/parser/sdp/sdp_helpr_funcs.c:566]: extract_mediaip(): located IP address [10.45.0.2] in `c=' field
 2(9) DEBUG: <core> [core/parser/sdp/sdp.c:599]: parse_sdp_session(): ignoring unknown type in a= line: `a=rtcp-fb:* trr-int ...'
 2(9) DEBUG: <core> [core/parser/sdp/sdp.c:599]: parse_sdp_session(): ignoring unknown type in a= line: `a=rtcp-fb:* ccm tmmb...'
 2(9) DEBUG: <core> [core/parser/parse_addr_spec.c:185]: parse_to_param(): add param: tag=9E~MiIyno
 2(9) DEBUG: <core> [core/parser/parse_addr_spec.c:884]: parse_addr_spec(): end of header reached, state=29
 2(9) DEBUG: rtpengine [rtpengine_funcs.c:144]: check_content_type(): type <application/sdp> found valid
 2(9) DEBUG: rtpengine [rtpengine.c:1861]: build_rtpp_socks(): same rtpengines list version: 1 (1785186633)
 2(9) DEBUG: rtpengine [rtpengine.c:3309]: select_rtpp_node_old(): rtpengine hash table lookup find node=udp:10.100.0.11:22222 for calllen=10 callid=UjIM8DO~-c viabranch=
 2(9) DEBUG: rtpengine [rtpengine.c:2720]: rtpp_function_call(): proxy reply: d3:sdp561:v=0
o=ue1 2750 2129 IN IP4 10.100.0.11
s=Talk
c=IN IP4 10.100.0.11
t=0 0
a=rtcp-xr:rcvr-rtt=all:10000 stat-summary=loss,dup,jitt,TTL voip-metrics
m=audio 30092 RTP/AVP 96 97 98 0 8 101 99 100
a=rtcp-fb:* trr-int 1000
a=rtcp-fb:* ccm tmmbr
a=rtpmap:96 opus/48000/2
a=fmtp:96 useinbandfec=1
a=rtpmap:97 speex/16000
a=fmtp:97 vbr=on
a=rtpmap:98 speex/8000
a=fmtp:98 vbr=on
a=rtpmap:0 PCMU/8000
a=rtpmap:8 PCMA/8000
a=rtpmap:101 telephone-event/48000
a=rtpmap:99 telephone-event/16000
a=rtpmap:100 telephone-event/8000
a=sendrecv
a=rtcp:30093
6:result2:oke
 2(9) DEBUG: tm [t_lookup.c:1053]: t_check_msg(): msg (0x72ec244160a0) id=13/9 global id=12/9 T start=(nil)
 2(9) DEBUG: tm [t_lookup.c:912]: t_reply_matching(): t_reply_matching: hash 157 label 0 branch 0
 2(9) DEBUG: tm [t_lookup.c:986]: t_reply_matching(): reply (0x72ec244160a0) matched an active transaction (T=0x72ec200ee2f0)!
 2(9) DEBUG: tm [t_lookup.c:1122]: t_check_msg(): msg (0x72ec244160a0) id=13/9 global id=13/9 T end=0x72ec200ee2f0
 2(9) DEBUG: tm [t_reply.c:2363]: reply_received(): transaction found - T:0x72ec200ee2f0 branch:0
 2(9) DEBUG: tm [t_reply.c:2376]: reply_received(): original status uas=180, uac[0]=180 local=0 is_invite=1)
 2(9) DEBUG: tm [t_reply.c:1363]: t_should_relay_response(): ->>>>>>>>> T_code=180, new_code=200
 2(9) DEBUG: tm [t_reply.c:1610]: t_should_relay_response(): rps completed - uas status: 180
 2(9) DEBUG: tm [t_reply.c:1924]: relay_reply(): reply status=4 branch=0, save=0, relay=0 icode=0 msg status=200
 2(9) DEBUG: <core> [core/msg_translator.c:432]: clen_builder(): content-length: 561 (561)
 2(9) DEBUG: <core> [core/msg_translator.c:2340]: generate_res_buf_from_sip_res(): old size: 1224, new size: 1217
 2(9) DEBUG: <core> [core/msg_translator.c:2357]: generate_res_buf_from_sip_res(): copied size: orig:1224, new: 1217, rest: 0 msg=
SIP/2.0 200 Ok
Via: SIP/2.0/UDP 10.45.0.3:5080;received=10.100.0.2;branch=z9hG4bK.3qh3wSEY7;rport=5080
From: <sip:ue2@10.100.0.10>;tag=9E~MiIyno
To: <sip:ue1@10.100.0.10>;tag=mgzaxOi
Call-ID: UjIM8DO~-c
CSeq: 20 INVITE
User-Agent: Linphonec/4.4.21
Supported: replaces, outbound, gruu
Allow: INVITE, ACK, CANCEL, OPTIONS, BYE, REFER, NOTIFY, MESSAGE, SUBSCRIBE, INFO, PRACK, UPDATE
Contact: <sip:ue1@10.100.0.2:64767;transport=udp>;expires=60;received="sip:10.100.0.2:64767";+sip.instance="<urn:uuid:0eb0eedb-d3c7-0093-a588-a2ecb233c438>"
Content-Type: application/sdp
Content-Length: 561
Record-route: <sip:10.100.0.10;lr=on;ftag=9E~MiIyno>

v=0
o=ue1 2750 2129 IN IP4 10.100.0.11
s=Talk
c=IN IP4 10.100.0.11
t=0 0
a=rtcp-xr:rcvr-rtt=all:10000 stat-summary=loss,dup,jitt,TTL voip-metrics
m=audio 30092 RTP/AVP 96 97 98 0 8 101 99 100
a=rtcp-fb:* trr-int 1000
a=rtcp-fb:* ccm tmmbr
a=rtpmap:96 opus/48000/2
a=fmtp:96 useinbandfec=1
a=rtpmap:97 speex/16000
a=fmtp:97 vbr=on
a=rtpmap:98 speex/8000
a=fmtp:98 vbr=on
a=rtpmap:0 PCMU/8000
a=rtpmap:8 PCMA/8000
a=rtpmap:101 telephone-event/48000
a=rtpmap:99 telephone-event/16000
a=rtpmap:100 telephone-event/8000
a=sendrecv
a=rtcp:30093

 2(9) DEBUG: tm [t_reply.c:2126]: relay_reply(): reply buffer sent out
 2(9) DEBUG: tm [t_funcs.c:120]: put_on_wait(): put T [0x72ec200ee2f0] on wait
 2(9) DEBUG: tm [t_reply.c:1763]: cleanup_uac_timers(): RETR/FR timers reset
 2(9) DEBUG: <core> [core/receive.c:617]: receive_msg(): reply-route executed in: 3857 usec
 2(9) DEBUG: <core> [core/usr_avp.c:637]: destroy_avp_list(): destroying list (nil)
 2(9) DEBUG: <core> [core/usr_avp.c:637]: destroy_avp_list(): destroying list (nil)
 2(9) DEBUG: <core> [core/usr_avp.c:637]: destroy_avp_list(): destroying list (nil)
 2(9) DEBUG: <core> [core/usr_avp.c:637]: destroy_avp_list(): destroying list (nil)
 2(9) DEBUG: <core> [core/usr_avp.c:637]: destroy_avp_list(): destroying list (nil)
 2(9) DEBUG: <core> [core/usr_avp.c:637]: destroy_avp_list(): destroying list (nil)
 2(9) DEBUG: <core> [core/xavp.c:541]: xavp_destroy_list(): destroying xavp list (nil)
 2(9) DEBUG: <core> [core/xavp.c:541]: xavp_destroy_list(): destroying xavp list (nil)
 2(9) DEBUG: <core> [core/xavp.c:541]: xavp_destroy_list(): destroying xavp list (nil)
 2(9) DEBUG: <core> [core/receive.c:628]: receive_msg(): cleaning up
 2(9) DEBUG: <core> [core/parser/sdp/sdp.c:863]: free_sdp(): _sdp = 0x72ec24416288
 2(9) DEBUG: <core> [core/parser/sdp/sdp.c:865]: free_sdp(): sdp = 0x72ec24400d28
 2(9) DEBUG: <core> [core/parser/sdp/sdp.c:867]: free_sdp(): session = 0x72ec24400dd0
 4(11) DEBUG: <core> [core/udp_server.c:494]: udp_rcv_loop(): received on udp socket: (106/100/330) [[ACK sip:ue1@10.100.0.2:64767;transport=udp SIP/2.0 0D  0A Via: SIP/2.0/UDP 10.45.0.3:5080;rport;branch=z9h]]
 4(11) DEBUG: <core> [core/parser/parse_fline.c:249]: parse_first_line(): first line type 1 (request) flags 1
 4(11) DEBUG: <core> [core/parser/msg_parser.c:679]: parse_msg(): SIP Request:
 4(11) DEBUG: <core> [core/parser/msg_parser.c:680]: parse_msg():  method:  <ACK>
 4(11) DEBUG: <core> [core/parser/msg_parser.c:682]: parse_msg():  uri:     <sip:ue1@10.100.0.2:64767;transport=udp>
 4(11) DEBUG: <core> [core/parser/msg_parser.c:684]: parse_msg():  version: <SIP/2.0>
 4(11) DEBUG: <core> [core/parser/parse_hname2.c:301]: parse_sip_header_name(): parsed header name [Via] type 1
 4(11) DEBUG: <core> [core/parser/parse_via.c:1300]: parse_via_param(): Found param type 235, <rport> = <n/a>; state=6
 4(11) DEBUG: <core> [core/parser/parse_via.c:1300]: parse_via_param(): Found param type 232, <branch> = <z9hG4bK.5KQ~Y-rlS>; state=16
 4(11) DEBUG: <core> [core/parser/parse_via.c:2639]: parse_via(): end of header reached, state=5
 4(11) DEBUG: <core> [core/parser/msg_parser.c:555]: parse_headers(): Via found, flags=2
 4(11) DEBUG: <core> [core/parser/msg_parser.c:557]: parse_headers(): this is the first via
 4(11) DEBUG: <core> [core/parser/parse_hname2.c:301]: parse_sip_header_name(): parsed header name [From] type 4
 4(11) DEBUG: <core> [core/parser/parse_hname2.c:301]: parse_sip_header_name(): parsed header name [To] type 3
 4(11) DEBUG: <core> [core/parser/parse_addr_spec.c:185]: parse_to_param(): add param: tag=mgzaxOi
 4(11) DEBUG: <core> [core/parser/parse_addr_spec.c:884]: parse_addr_spec(): end of header reached, state=29
 4(11) DEBUG: <core> [core/parser/msg_parser.c:172]: get_hdr_field(): <To> [35]; uri=[sip:ue1@10.100.0.10]
 4(11) DEBUG: <core> [core/parser/msg_parser.c:174]: get_hdr_field(): to body (21)[<sip:ue1@10.100.0.10>], to tag (7)[mgzaxOi]
 4(11) DEBUG: <core> [core/parser/parse_hname2.c:301]: parse_sip_header_name(): parsed header name [CSeq] type 5
 4(11) DEBUG: <core> [core/parser/msg_parser.c:152]: get_hdr_field(): cseq <CSeq>: <20> <ACK>
 4(11) DEBUG: <core> [core/parser/parse_hname2.c:301]: parse_sip_header_name(): parsed header name [Call-ID] type 6
 4(11) DEBUG: <core> [core/receive.c:389]: receive_msg(): --- received sip message - request - call-id: [UjIM8DO~-c] - cseq: [20 ACK]
 4(11) DEBUG: <core> [core/receive.c:261]: ksr_evrt_pre_routing(): event route core:pre-routing not defined
 4(11) DEBUG: <core> [core/receive.c:471]: receive_msg(): preparing to run routing scripts...
 4(11) DEBUG: sl [sl_funcs.c:447]: sl_filter_ACK(): too late to be a local ACK!
 4(11) DEBUG: sanity [sanity.c:247]: check_ruri_sip_version(): check_ruri_sip_version entered
 4(11) DEBUG: sanity [sanity.c:270]: check_ruri_sip_version(): check_ruri_sip_version passed
 4(11) DEBUG: sanity [sanity.c:277]: check_ruri_scheme(): check_ruri_scheme entered
 4(11) DEBUG: sanity [sanity.c:297]: check_ruri_scheme(): check_ruri_scheme passed
 4(11) DEBUG: sanity [sanity.c:318]: check_required_headers(): check_required_headers entered
 4(11) DEBUG: <core> [core/parser/parse_hname2.c:301]: parse_sip_header_name(): parsed header name [Max-Forwards] type 8
 4(11) DEBUG: <core> [core/parser/parse_hname2.c:301]: parse_sip_header_name(): parsed header name [Route] type 9
 4(11) DEBUG: <core> [core/parser/parse_hname2.c:301]: parse_sip_header_name(): parsed header name [User-Agent] type 28
 4(11) DEBUG: <core> [core/parser/msg_parser.c:91]: get_hdr_field(): found end of header
 4(11) DEBUG: sanity [sanity.c:340]: check_required_headers(): check_required_headers passed
 4(11) DEBUG: sanity [sanity.c:506]: check_cseq_method(): check_cseq_method entered
 4(11) DEBUG: sanity [sanity.c:539]: check_cseq_method(): check_cseq_method passed
 4(11) DEBUG: sanity [sanity.c:548]: check_cseq_value(): check_cseq_value entered
 4(11) DEBUG: sanity [sanity.c:576]: check_cseq_value(): check_cseq_value passed
 4(11) DEBUG: sanity [sanity.c:585]: check_cl(): check_cl entered
 4(11) WARNING: sanity [sanity.c:612]: check_cl(): content length header missing in request
 4(11) DEBUG: sanity [sanity.c:622]: check_expires_value(): check_expires_value entered
 4(11) DEBUG: sanity [sanity.c:659]: check_expires_value(): no expires header found
 4(11) DEBUG: sanity [sanity.c:758]: check_parse_uris(): check_parse_uris entered
 4(11) DEBUG: sanity [sanity.c:762]: check_parse_uris(): parsing ruri
 4(11) DEBUG: sanity [sanity.c:776]: check_parse_uris(): looking up From header
 4(11) DEBUG: <core> [core/parser/parse_addr_spec.c:185]: parse_to_param(): add param: tag=9E~MiIyno
 4(11) DEBUG: <core> [core/parser/parse_addr_spec.c:884]: parse_addr_spec(): end of header reached, state=29
 4(11) DEBUG: sanity [sanity.c:791]: check_parse_uris(): looking up To header
 4(11) DEBUG: sanity [sanity.c:838]: check_parse_uris(): check_parse_uris passed
 4(11) DEBUG: sanity [sanity_mod.c:254]: w_sanity_check(): sanity checks result: 1
 4(11) DEBUG: maxfwd [mf_funcs.c:74]: is_maxfwd_present(): value = 70 
 4(11) DEBUG: <core> [core/socket_info.c:702]: grep_sock_info(): checking if host==us: 11==11 && [10.100.0.10] == [10.100.0.10]
 4(11) DEBUG: <core> [core/socket_info.c:709]: grep_sock_info(): checking if port 5060 (advertise 0) matches port 5060
 4(11) DEBUG: <core> [core/forward.c:429]: check_self(): host (0:10.100.0.10:5060) == me
 4(11) DEBUG: rr [loose.c:1102]: redo_route_params(): Topmost route URI: 'sip:10.100.0.10;lr=on;ftag=9E~MiIyno' is me
 4(11) DEBUG: rr [record.c:479]: record_route(): inserted record route (r2: 1 - plen: 0)
 4(11) DEBUG: siputils [checks.c:123]: has_totag(): totag found
 4(11) DEBUG: rr [loose.c:85]: is_preloaded(): is_preloaded: No
 4(11) DEBUG: <core> [core/socket_info.c:702]: grep_sock_info(): checking if host==us: 10==11 && [10.100.0.2] == [10.100.0.10]
 4(11) DEBUG: <core> [core/socket_info.c:709]: grep_sock_info(): checking if port 5060 (advertise 0) matches port 64767
 4(11) DEBUG: <core> [core/socket_info.c:702]: grep_sock_info(): checking if host==us: 10==7 && [10.100.0.2] == [0.0.0.0]
 4(11) DEBUG: <core> [core/socket_info.c:709]: grep_sock_info(): checking if port 5060 (advertise 0) matches port 64767
 4(11) DEBUG: <core> [core/name_alias.h:62]: grep_aliases(): matching (0:10.100.0.2:64767) vs. (1:e7fab9f716f5:5060)
 4(11) DEBUG: <core> [core/name_alias.h:62]: grep_aliases(): matching (0:10.100.0.2:64767) vs. (0:kamailio:0)
 4(11) DEBUG: <core> [core/forward.c:431]: check_self(): host (0:10.100.0.2:64767) != me
 4(11) DEBUG: <core> [core/socket_info.c:702]: grep_sock_info(): checking if host==us: 11==11 && [10.100.0.10] == [10.100.0.10]
 4(11) DEBUG: <core> [core/socket_info.c:709]: grep_sock_info(): checking if port 5060 (advertise 0) matches port 5060
 4(11) DEBUG: <core> [core/forward.c:429]: check_self(): host (0:10.100.0.10:5060) == me
 4(11) DEBUG: rr [loose.c:855]: after_loose(): Topmost route URI: 'sip:10.100.0.10;lr=on;ftag=9E~MiIyno' is me
 4(11) DEBUG: <core> [core/parser/msg_parser.c:91]: get_hdr_field(): found end of header
 4(11) DEBUG: rr [loose.c:181]: find_next_route(): No next Route HF found
 4(11) DEBUG: rr [loose.c:886]: after_loose(): No next URI found
 4(11) DEBUG: tm [t_lookup.c:1346]: t_newtran(): msg (0x72ec244160a0) id=17/11 global id=16/11 T start=0xffffffffffffffff
 4(11) DEBUG: tm [t_lookup.c:497]: t_lookup_request(): start searching: hash=157, isACK=1
 4(11) DEBUG: tm [t_lookup.c:455]: matching_3261(): RFC3261 transaction matching failed - via branch [z9hG4bK.5KQ~Y-rlS]
 4(11) DEBUG: tm [t_lookup.c:675]: t_lookup_request(): no transaction found
 4(11) DEBUG: tm [t_funcs.c:283]: t_relay_to(): forwarding ACK statelessly
 4(11) DEBUG: <core> [core/crypto/md5utils.c:67]: MD5StringArray(): MD5 calculated: af350a3c4b2049ce296e630a63c9c380
 4(11) DEBUG: <core> [core/forward.c:175]: get_out_socket(): socket determined: 0x72ec243cb078
 4(11) DEBUG: <core> [core/msg_translator.c:1799]: check_boundaries(): no multi-part body
 4(11) DEBUG: <core> [core/forward.c:577]: forward_request(): Sending:
ACK sip:ue1@10.100.0.2:64767;transport=udp SIP/2.0
Record-Route: <sip:10.100.0.10;lr=on;ftag=9E~MiIyno>
Via: SIP/2.0/UDP 10.100.0.10;branch=z9hG4bKd9.af350a3c4b2049ce296e630a63c9c380.0
Via: SIP/2.0/UDP 10.45.0.3:5080;received=10.100.0.2;rport=5080;branch=z9hG4bK.5KQ~Y-rlS
From: <sip:ue2@10.100.0.10>;tag=9E~MiIyno
To: <sip:ue1@10.100.0.10>;tag=mgzaxOi
CSeq: 20 ACK
Call-ID: UjIM8DO~-c
Max-Forwards: 69
User-Agent: Linphonec/4.4.21

.
 4(11) DEBUG: <core> [core/forward.c:578]: forward_request(): orig. len=330, new_len=444, proto=1
 4(11) DEBUG: <core> [core/receive.c:528]: receive_msg(): request-route executed in: 2250 usec
 4(11) DEBUG: <core> [core/usr_avp.c:637]: destroy_avp_list(): destroying list (nil)
 4(11) DEBUG: <core> [core/usr_avp.c:637]: destroy_avp_list(): destroying list (nil)
 4(11) DEBUG: <core> [core/usr_avp.c:637]: destroy_avp_list(): destroying list (nil)
 4(11) DEBUG: <core> [core/usr_avp.c:637]: destroy_avp_list(): destroying list (nil)
 4(11) DEBUG: <core> [core/usr_avp.c:637]: destroy_avp_list(): destroying list (nil)
 4(11) DEBUG: <core> [core/usr_avp.c:637]: destroy_avp_list(): destroying list (nil)
 4(11) DEBUG: <core> [core/xavp.c:541]: xavp_destroy_list(): destroying xavp list (nil)
 4(11) DEBUG: <core> [core/xavp.c:541]: xavp_destroy_list(): destroying xavp list (nil)
 4(11) DEBUG: <core> [core/xavp.c:541]: xavp_destroy_list(): destroying xavp list (nil)
 4(11) DEBUG: <core> [core/receive.c:628]: receive_msg(): cleaning up
 1(8) DEBUG: <core> [core/udp_server.c:517]: udp_rcv_loop(): probing packet received from 10.100.0.2 65532
 3(10) DEBUG: <core> [core/udp_server.c:517]: udp_rcv_loop(): probing packet received from 10.100.0.2 55315
10(17) DEBUG: tm [timer.c:646]: wait_handler(): finished transaction: 0x72ec200ee2f0 (p:0x72ec1fecaa30/n:0x72ec1fecaa30)
10(17) DEBUG: tm [h_table.c:132]: free_cell_helper(): freeing transaction 0x72ec200ee2f0 from timer.c:655
 2(9) DEBUG: <core> [core/udp_server.c:517]: udp_rcv_loop(): probing packet received from 10.100.0.2 55315
 4(11) DEBUG: <core> [core/udp_server.c:517]: udp_rcv_loop(): probing packet received from 10.100.0.2 65532
 1(8) DEBUG: <core> [core/udp_server.c:494]: udp_rcv_loop(): received on udp socket: (112/100/511) [[REGISTER sip:10.100.0.10 SIP/2.0 0D  0A Via: SIP/2.0/UDP 10.45.0.3:5080;branch=z9hG4bK.GThj761Hw;rport 0D  0A Fr]]
 1(8) DEBUG: <core> [core/parser/parse_fline.c:249]: parse_first_line(): first line type 1 (request) flags 1
 1(8) DEBUG: <core> [core/parser/msg_parser.c:679]: parse_msg(): SIP Request:
 1(8) DEBUG: <core> [core/parser/msg_parser.c:680]: parse_msg():  method:  <REGISTER>
 1(8) DEBUG: <core> [core/parser/msg_parser.c:682]: parse_msg():  uri:     <sip:10.100.0.10>
 1(8) DEBUG: <core> [core/parser/msg_parser.c:684]: parse_msg():  version: <SIP/2.0>
 1(8) DEBUG: <core> [core/parser/parse_hname2.c:301]: parse_sip_header_name(): parsed header name [Via] type 1
 1(8) DEBUG: <core> [core/parser/parse_via.c:1300]: parse_via_param(): Found param type 232, <branch> = <z9hG4bK.GThj761Hw>; state=6
 1(8) DEBUG: <core> [core/parser/parse_via.c:1300]: parse_via_param(): Found param type 235, <rport> = <n/a>; state=17
 1(8) DEBUG: <core> [core/parser/parse_via.c:2639]: parse_via(): end of header reached, state=5
 1(8) DEBUG: <core> [core/parser/msg_parser.c:555]: parse_headers(): Via found, flags=2
 1(8) DEBUG: <core> [core/parser/msg_parser.c:557]: parse_headers(): this is the first via
 1(8) DEBUG: <core> [core/parser/parse_hname2.c:301]: parse_sip_header_name(): parsed header name [From] type 4
 1(8) DEBUG: <core> [core/parser/parse_hname2.c:301]: parse_sip_header_name(): parsed header name [To] type 3
 1(8) DEBUG: <core> [core/parser/parse_addr_spec.c:884]: parse_addr_spec(): end of header reached, state=9
 1(8) DEBUG: <core> [core/parser/msg_parser.c:172]: get_hdr_field(): <To> [21]; uri=[sip:ue2@10.100.0.10]
 1(8) DEBUG: <core> [core/parser/msg_parser.c:174]: get_hdr_field(): to body (21)[sip:ue2@10.100.0.10
], to tag (0)[]
 1(8) DEBUG: <core> [core/parser/parse_hname2.c:301]: parse_sip_header_name(): parsed header name [CSeq] type 5
 1(8) DEBUG: <core> [core/parser/msg_parser.c:152]: get_hdr_field(): cseq <CSeq>: <40> <REGISTER>
 1(8) DEBUG: <core> [core/parser/parse_hname2.c:301]: parse_sip_header_name(): parsed header name [Call-ID] type 6
 1(8) DEBUG: <core> [core/receive.c:389]: receive_msg(): --- received sip message - request - call-id: [dsvYoZjw3U] - cseq: [40 REGISTER]
 1(8) DEBUG: <core> [core/receive.c:261]: ksr_evrt_pre_routing(): event route core:pre-routing not defined
 1(8) DEBUG: <core> [core/receive.c:471]: receive_msg(): preparing to run routing scripts...
 1(8) DEBUG: sanity [sanity.c:247]: check_ruri_sip_version(): check_ruri_sip_version entered
 1(8) DEBUG: sanity [sanity.c:270]: check_ruri_sip_version(): check_ruri_sip_version passed
 1(8) DEBUG: sanity [sanity.c:277]: check_ruri_scheme(): check_ruri_scheme entered
 1(8) DEBUG: sanity [sanity.c:297]: check_ruri_scheme(): check_ruri_scheme passed
 1(8) DEBUG: sanity [sanity.c:318]: check_required_headers(): check_required_headers entered
 1(8) DEBUG: <core> [core/parser/parse_hname2.c:301]: parse_sip_header_name(): parsed header name [Max-Forwards] type 8
 1(8) DEBUG: <core> [core/parser/parse_hname2.c:301]: parse_sip_header_name(): parsed header name [Supported] type 17
 1(8) DEBUG: <core> [core/parser/parse_hname2.c:301]: parse_sip_header_name(): parsed header name [Accept] type 23
 1(8) DEBUG: <core> [core/parser/parse_hname2.c:301]: parse_sip_header_name(): parsed header name [Accept] type 23
 1(8) DEBUG: <core> [core/parser/parse_hname2.c:301]: parse_sip_header_name(): parsed header name [Accept] type 23
 1(8) DEBUG: <core> [core/parser/parse_hname2.c:301]: parse_sip_header_name(): parsed header name [Contact] type 7
 1(8) DEBUG: <core> [core/parser/parse_hname2.c:301]: parse_sip_header_name(): parsed header name [Expires] type 14
 1(8) DEBUG: <core> [core/parser/parse_hname2.c:301]: parse_sip_header_name(): parsed header name [User-Agent] type 28
 1(8) DEBUG: <core> [core/parser/msg_parser.c:91]: get_hdr_field(): found end of header
 1(8) DEBUG: sanity [sanity.c:340]: check_required_headers(): check_required_headers passed
 1(8) DEBUG: sanity [sanity.c:506]: check_cseq_method(): check_cseq_method entered
 1(8) DEBUG: sanity [sanity.c:539]: check_cseq_method(): check_cseq_method passed
 1(8) DEBUG: sanity [sanity.c:548]: check_cseq_value(): check_cseq_value entered
 1(8) DEBUG: sanity [sanity.c:576]: check_cseq_value(): check_cseq_value passed
 1(8) DEBUG: sanity [sanity.c:585]: check_cl(): check_cl entered
 1(8) WARNING: sanity [sanity.c:612]: check_cl(): content length header missing in request
 1(8) DEBUG: sanity [sanity.c:622]: check_expires_value(): check_expires_value entered
 1(8) DEBUG: sanity [sanity.c:657]: check_expires_value(): check_expires_value passed
 1(8) DEBUG: sanity [sanity.c:758]: check_parse_uris(): check_parse_uris entered
 1(8) DEBUG: sanity [sanity.c:762]: check_parse_uris(): parsing ruri
 1(8) DEBUG: sanity [sanity.c:776]: check_parse_uris(): looking up From header
 1(8) DEBUG: <core> [core/parser/parse_addr_spec.c:185]: parse_to_param(): add param: tag=AXZuULbt5
 1(8) DEBUG: <core> [core/parser/parse_addr_spec.c:884]: parse_addr_spec(): end of header reached, state=29
 1(8) DEBUG: sanity [sanity.c:791]: check_parse_uris(): looking up To header
 1(8) DEBUG: sanity [sanity.c:838]: check_parse_uris(): check_parse_uris passed
 1(8) DEBUG: sanity [sanity_mod.c:254]: w_sanity_check(): sanity checks result: 1
 1(8) DEBUG: maxfwd [mf_funcs.c:74]: is_maxfwd_present(): value = 70 
 1(8) DEBUG: tm [t_lookup.c:1053]: t_check_msg(): msg (0x72ec244160a0) id=15/8 global id=14/8 T start=0xffffffffffffffff
 1(8) DEBUG: tm [t_lookup.c:497]: t_lookup_request(): start searching: hash=31904, isACK=0
 1(8) DEBUG: tm [t_lookup.c:455]: matching_3261(): RFC3261 transaction matching failed - via branch [z9hG4bK.GThj761Hw]
 1(8) DEBUG: tm [t_lookup.c:675]: t_lookup_request(): no transaction found
 1(8) DEBUG: tm [t_lookup.c:1122]: t_check_msg(): msg (0x72ec244160a0) id=15/8 global id=15/8 T end=(nil)
 1(8) DEBUG: siputils [checks.c:120]: has_totag(): no totag
 1(8) DEBUG: <core> [core/msg_translator.c:162]: check_via_address(): (10.100.0.2, 10.45.0.3, 0)
 1(8) DEBUG: registrar [save.c:324]: pack_ci(): set instance[<urn:uuid:b1ec2359-ddd8-000f-aa02-ab2f9af9fbe2>]
 1(8) DEBUG: <core> [core/utils/sruid.c:214]: sruid_nextx(): new sruid is [uloc-6a67c949-8-31] (19 / 18)
 1(8) DEBUG: registrar [save.c:421]: pack_ci(): generated ruid is: uloc-6a67c949-8-31
 1(8) DEBUG: <core> [core/utils/sruid.c:214]: sruid_nextx(): new sruid is [uloc-6a67c949-8-41] (20 / 18)
 1(8) DEBUG: registrar [save.c:421]: pack_ci(): generated ruid is: uloc-6a67c949-8-41
 1(8) DEBUG: registrar [reply.c:334]: build_contact(): created Contact HF: Contact: <sip:ue2@10.100.0.2:5080;transport=udp>;expires=60;received="sip:10.100.0.2:5080";+sip.instance="<urn:uuid:b1ec2359-ddd8-000f-aa02-ab2f9af9fbe2>"

 1(8) DEBUG: sl [sl.c:310]: send_reply(): reply in stateless mode (sl)
 1(8) DEBUG: <core> [core/receive.c:126]: sip_check_fline(): first line indicates a SIP reply
 1(8) INFO: <script>: REGISTER sip:ue2@10.100.0.10 from 10.100.0.2:5080 saved (contact <sip:ue2@10.100.0.2:5080;transport=udp>;+sip.instance="<urn:uuid:b1ec2359-ddd8-000f-aa02-ab2f9af9fbe2>")
 1(8) DEBUG: <core> [core/receive.c:528]: receive_msg(): request-route executed in: 1784 usec
 1(8) DEBUG: <core> [core/usr_avp.c:637]: destroy_avp_list(): destroying list 0x72ec200ee2f0
 1(8) DEBUG: <core> [core/usr_avp.c:637]: destroy_avp_list(): destroying list (nil)
 1(8) DEBUG: <core> [core/usr_avp.c:637]: destroy_avp_list(): destroying list (nil)
 1(8) DEBUG: <core> [core/usr_avp.c:637]: destroy_avp_list(): destroying list (nil)
 1(8) DEBUG: <core> [core/usr_avp.c:637]: destroy_avp_list(): destroying list (nil)
 1(8) DEBUG: <core> [core/usr_avp.c:637]: destroy_avp_list(): destroying list (nil)
 1(8) DEBUG: <core> [core/xavp.c:541]: xavp_destroy_list(): destroying xavp list (nil)
 1(8) DEBUG: <core> [core/xavp.c:541]: xavp_destroy_list(): destroying xavp list (nil)
 1(8) DEBUG: <core> [core/xavp.c:541]: xavp_destroy_list(): destroying xavp list (nil)
 1(8) DEBUG: <core> [core/receive.c:628]: receive_msg(): cleaning up
 3(10) DEBUG: <core> [core/udp_server.c:494]: udp_rcv_loop(): received on udp socket: (112/100/512) [[REGISTER sip:10.100.0.10 SIP/2.0 0D  0A Via: SIP/2.0/UDP 10.45.0.2:5080;branch=z9hG4bK.Nyq9nwVNs;rport 0D  0A Fr]]
 3(10) DEBUG: <core> [core/parser/parse_fline.c:249]: parse_first_line(): first line type 1 (request) flags 1
 3(10) DEBUG: <core> [core/parser/msg_parser.c:679]: parse_msg(): SIP Request:
 3(10) DEBUG: <core> [core/parser/msg_parser.c:680]: parse_msg():  method:  <REGISTER>
 3(10) DEBUG: <core> [core/parser/msg_parser.c:682]: parse_msg():  uri:     <sip:10.100.0.10>
 3(10) DEBUG: <core> [core/parser/msg_parser.c:684]: parse_msg():  version: <SIP/2.0>
 3(10) DEBUG: <core> [core/parser/parse_hname2.c:301]: parse_sip_header_name(): parsed header name [Via] type 1
 3(10) DEBUG: <core> [core/parser/parse_via.c:1300]: parse_via_param(): Found param type 232, <branch> = <z9hG4bK.Nyq9nwVNs>; state=6
 3(10) DEBUG: <core> [core/parser/parse_via.c:1300]: parse_via_param(): Found param type 235, <rport> = <n/a>; state=17
 3(10) DEBUG: <core> [core/parser/parse_via.c:2639]: parse_via(): end of header reached, state=5
 3(10) DEBUG: <core> [core/parser/msg_parser.c:555]: parse_headers(): Via found, flags=2
 3(10) DEBUG: <core> [core/parser/msg_parser.c:557]: parse_headers(): this is the first via
 3(10) DEBUG: <core> [core/parser/parse_hname2.c:301]: parse_sip_header_name(): parsed header name [From] type 4
 3(10) DEBUG: <core> [core/parser/parse_hname2.c:301]: parse_sip_header_name(): parsed header name [To] type 3
 3(10) DEBUG: <core> [core/parser/parse_addr_spec.c:884]: parse_addr_spec(): end of header reached, state=9
 3(10) DEBUG: <core> [core/parser/msg_parser.c:172]: get_hdr_field(): <To> [21]; uri=[sip:ue1@10.100.0.10]
 3(10) DEBUG: <core> [core/parser/msg_parser.c:174]: get_hdr_field(): to body (21)[sip:ue1@10.100.0.10
], to tag (0)[]
 3(10) DEBUG: <core> [core/parser/parse_hname2.c:301]: parse_sip_header_name(): parsed header name [CSeq] type 5
 3(10) DEBUG: <core> [core/parser/msg_parser.c:152]: get_hdr_field(): cseq <CSeq>: <40> <REGISTER>
 3(10) DEBUG: <core> [core/parser/parse_hname2.c:301]: parse_sip_header_name(): parsed header name [Call-ID] type 6
 3(10) DEBUG: <core> [core/receive.c:389]: receive_msg(): --- received sip message - request - call-id: [0vxMX1n5jC] - cseq: [40 REGISTER]
 3(10) DEBUG: <core> [core/receive.c:261]: ksr_evrt_pre_routing(): event route core:pre-routing not defined
 3(10) DEBUG: <core> [core/receive.c:471]: receive_msg(): preparing to run routing scripts...
 3(10) DEBUG: sanity [sanity.c:247]: check_ruri_sip_version(): check_ruri_sip_version entered
 3(10) DEBUG: sanity [sanity.c:270]: check_ruri_sip_version(): check_ruri_sip_version passed
 3(10) DEBUG: sanity [sanity.c:277]: check_ruri_scheme(): check_ruri_scheme entered
 3(10) DEBUG: sanity [sanity.c:297]: check_ruri_scheme(): check_ruri_scheme passed
 3(10) DEBUG: sanity [sanity.c:318]: check_required_headers(): check_required_headers entered
 3(10) DEBUG: <core> [core/parser/parse_hname2.c:301]: parse_sip_header_name(): parsed header name [Max-Forwards] type 8
 3(10) DEBUG: <core> [core/parser/parse_hname2.c:301]: parse_sip_header_name(): parsed header name [Supported] type 17
 3(10) DEBUG: <core> [core/parser/parse_hname2.c:301]: parse_sip_header_name(): parsed header name [Accept] type 23
 3(10) DEBUG: <core> [core/parser/parse_hname2.c:301]: parse_sip_header_name(): parsed header name [Accept] type 23
 3(10) DEBUG: <core> [core/parser/parse_hname2.c:301]: parse_sip_header_name(): parsed header name [Accept] type 23
 3(10) DEBUG: <core> [core/parser/parse_hname2.c:301]: parse_sip_header_name(): parsed header name [Contact] type 7
 3(10) DEBUG: <core> [core/parser/parse_hname2.c:301]: parse_sip_header_name(): parsed header name [Expires] type 14
 3(10) DEBUG: <core> [core/parser/parse_hname2.c:301]: parse_sip_header_name(): parsed header name [User-Agent] type 28
 3(10) DEBUG: <core> [core/parser/msg_parser.c:91]: get_hdr_field(): found end of header
 3(10) DEBUG: sanity [sanity.c:340]: check_required_headers(): check_required_headers passed
 3(10) DEBUG: sanity [sanity.c:506]: check_cseq_method(): check_cseq_method entered
 3(10) DEBUG: sanity [sanity.c:539]: check_cseq_method(): check_cseq_method passed
 3(10) DEBUG: sanity [sanity.c:548]: check_cseq_value(): check_cseq_value entered
 3(10) DEBUG: sanity [sanity.c:576]: check_cseq_value(): check_cseq_value passed
 3(10) DEBUG: sanity [sanity.c:585]: check_cl(): check_cl entered
 3(10) WARNING: sanity [sanity.c:612]: check_cl(): content length header missing in request
 3(10) DEBUG: sanity [sanity.c:622]: check_expires_value(): check_expires_value entered
 3(10) DEBUG: sanity [sanity.c:657]: check_expires_value(): check_expires_value passed
 3(10) DEBUG: sanity [sanity.c:758]: check_parse_uris(): check_parse_uris entered
 3(10) DEBUG: sanity [sanity.c:762]: check_parse_uris(): parsing ruri
 3(10) DEBUG: sanity [sanity.c:776]: check_parse_uris(): looking up From header
 3(10) DEBUG: <core> [core/parser/parse_addr_spec.c:185]: parse_to_param(): add param: tag=hAwde4SMe
 3(10) DEBUG: <core> [core/parser/parse_addr_spec.c:884]: parse_addr_spec(): end of header reached, state=29
 3(10) DEBUG: sanity [sanity.c:791]: check_parse_uris(): looking up To header
 3(10) DEBUG: sanity [sanity.c:838]: check_parse_uris(): check_parse_uris passed
 3(10) DEBUG: sanity [sanity_mod.c:254]: w_sanity_check(): sanity checks result: 1
 3(10) DEBUG: maxfwd [mf_funcs.c:74]: is_maxfwd_present(): value = 70 
 3(10) DEBUG: tm [t_lookup.c:1053]: t_check_msg(): msg (0x72ec244160a0) id=16/10 global id=15/10 T start=0xffffffffffffffff
 3(10) DEBUG: tm [t_lookup.c:497]: t_lookup_request(): start searching: hash=6561, isACK=0
 3(10) DEBUG: tm [t_lookup.c:455]: matching_3261(): RFC3261 transaction matching failed - via branch [z9hG4bK.Nyq9nwVNs]
 3(10) DEBUG: tm [t_lookup.c:675]: t_lookup_request(): no transaction found
 3(10) DEBUG: tm [t_lookup.c:1122]: t_check_msg(): msg (0x72ec244160a0) id=16/10 global id=16/10 T end=(nil)
 3(10) DEBUG: siputils [checks.c:120]: has_totag(): no totag
 3(10) DEBUG: registrar [save.c:324]: pack_ci(): set instance[<urn:uuid:0eb0eedb-d3c7-0093-a588-a2ecb233c438>]
 3(10) DEBUG: <core> [core/utils/sruid.c:214]: sruid_nextx(): new sruid is [uloc-6a67c949-a-61] (22 / 18)
 3(10) DEBUG: registrar [save.c:421]: pack_ci(): generated ruid is: uloc-6a67c949-a-61
 3(10) DEBUG: <core> [core/utils/sruid.c:214]: sruid_nextx(): new sruid is [uloc-6a67c949-a-71] (23 / 18)
 3(10) DEBUG: registrar [save.c:421]: pack_ci(): generated ruid is: uloc-6a67c949-a-71
 3(10) DEBUG: registrar [reply.c:334]: build_contact(): created Contact HF: Contact: <sip:ue1@10.100.0.2:64767;transport=udp>;expires=60;received="sip:10.100.0.2:64767";+sip.instance="<urn:uuid:0eb0eedb-d3c7-0093-a588-a2ecb233c438>"

 3(10) DEBUG: sl [sl.c:310]: send_reply(): reply in stateless mode (sl)
 3(10) DEBUG: <core> [core/receive.c:126]: sip_check_fline(): first line indicates a SIP reply
 3(10) INFO: <script>: REGISTER sip:ue1@10.100.0.10 from 10.100.0.2:64767 saved (contact <sip:ue1@10.100.0.2:64767;transport=udp>;+sip.instance="<urn:uuid:0eb0eedb-d3c7-0093-a588-a2ecb233c438>")
 3(10) DEBUG: <core> [core/receive.c:528]: receive_msg(): request-route executed in: 1723 usec
 3(10) DEBUG: <core> [core/usr_avp.c:637]: destroy_avp_list(): destroying list 0x72ec200ee2f0
 3(10) DEBUG: <core> [core/usr_avp.c:637]: destroy_avp_list(): destroying list (nil)
 3(10) DEBUG: <core> [core/usr_avp.c:637]: destroy_avp_list(): destroying list (nil)
 3(10) DEBUG: <core> [core/usr_avp.c:637]: destroy_avp_list(): destroying list (nil)
 3(10) DEBUG: <core> [core/usr_avp.c:637]: destroy_avp_list(): destroying list (nil)
 3(10) DEBUG: <core> [core/usr_avp.c:637]: destroy_avp_list(): destroying list (nil)
 3(10) DEBUG: <core> [core/xavp.c:541]: xavp_destroy_list(): destroying xavp list (nil)
 3(10) DEBUG: <core> [core/xavp.c:541]: xavp_destroy_list(): destroying xavp list (nil)
 3(10) DEBUG: <core> [core/xavp.c:541]: xavp_destroy_list(): destroying xavp list (nil)
 3(10) DEBUG: <core> [core/receive.c:628]: receive_msg(): cleaning up
 2(9) DEBUG: <core> [core/udp_server.c:517]: udp_rcv_loop(): probing packet received from 10.100.0.2 65532
 4(11) DEBUG: <core> [core/udp_server.c:517]: udp_rcv_loop(): probing packet received from 10.100.0.2 55315
 1(8) DEBUG: <core> [core/udp_server.c:494]: udp_rcv_loop(): received on udp socket: (106/100/330) [[BYE sip:ue1@10.100.0.2:64767;transport=udp SIP/2.0 0D  0A Via: SIP/2.0/UDP 10.45.0.3:5080;branch=z9hG4bK.F]]
 1(8) DEBUG: <core> [core/parser/parse_fline.c:249]: parse_first_line(): first line type 1 (request) flags 1
 1(8) DEBUG: <core> [core/parser/msg_parser.c:679]: parse_msg(): SIP Request:
 1(8) DEBUG: <core> [core/parser/msg_parser.c:680]: parse_msg():  method:  <BYE>
 1(8) DEBUG: <core> [core/parser/msg_parser.c:682]: parse_msg():  uri:     <sip:ue1@10.100.0.2:64767;transport=udp>
 1(8) DEBUG: <core> [core/parser/msg_parser.c:684]: parse_msg():  version: <SIP/2.0>
 1(8) DEBUG: <core> [core/parser/parse_hname2.c:301]: parse_sip_header_name(): parsed header name [Via] type 1
 1(8) DEBUG: <core> [core/parser/parse_via.c:1300]: parse_via_param(): Found param type 232, <branch> = <z9hG4bK.FRyS33kkL>; state=6
 1(8) DEBUG: <core> [core/parser/parse_via.c:1300]: parse_via_param(): Found param type 235, <rport> = <n/a>; state=17
 1(8) DEBUG: <core> [core/parser/parse_via.c:2639]: parse_via(): end of header reached, state=5
 1(8) DEBUG: <core> [core/parser/msg_parser.c:555]: parse_headers(): Via found, flags=2
 1(8) DEBUG: <core> [core/parser/msg_parser.c:557]: parse_headers(): this is the first via
 1(8) DEBUG: <core> [core/parser/parse_hname2.c:301]: parse_sip_header_name(): parsed header name [From] type 4
 1(8) DEBUG: <core> [core/parser/parse_hname2.c:301]: parse_sip_header_name(): parsed header name [To] type 3
 1(8) DEBUG: <core> [core/parser/parse_addr_spec.c:185]: parse_to_param(): add param: tag=mgzaxOi
 1(8) DEBUG: <core> [core/parser/parse_addr_spec.c:884]: parse_addr_spec(): end of header reached, state=29
 1(8) DEBUG: <core> [core/parser/msg_parser.c:172]: get_hdr_field(): <To> [35]; uri=[sip:ue1@10.100.0.10]
 1(8) DEBUG: <core> [core/parser/msg_parser.c:174]: get_hdr_field(): to body (21)[<sip:ue1@10.100.0.10>], to tag (7)[mgzaxOi]
 1(8) DEBUG: <core> [core/parser/parse_hname2.c:301]: parse_sip_header_name(): parsed header name [CSeq] type 5
 1(8) DEBUG: <core> [core/parser/msg_parser.c:152]: get_hdr_field(): cseq <CSeq>: <21> <BYE>
 1(8) DEBUG: <core> [core/parser/parse_hname2.c:301]: parse_sip_header_name(): parsed header name [Call-ID] type 6
 1(8) DEBUG: <core> [core/receive.c:389]: receive_msg(): --- received sip message - request - call-id: [UjIM8DO~-c] - cseq: [21 BYE]
 1(8) DEBUG: <core> [core/receive.c:261]: ksr_evrt_pre_routing(): event route core:pre-routing not defined
 1(8) DEBUG: <core> [core/receive.c:471]: receive_msg(): preparing to run routing scripts...
 1(8) DEBUG: sanity [sanity.c:247]: check_ruri_sip_version(): check_ruri_sip_version entered
 1(8) DEBUG: sanity [sanity.c:270]: check_ruri_sip_version(): check_ruri_sip_version passed
 1(8) DEBUG: sanity [sanity.c:277]: check_ruri_scheme(): check_ruri_scheme entered
 1(8) DEBUG: sanity [sanity.c:297]: check_ruri_scheme(): check_ruri_scheme passed
 1(8) DEBUG: sanity [sanity.c:318]: check_required_headers(): check_required_headers entered
 1(8) DEBUG: <core> [core/parser/parse_hname2.c:301]: parse_sip_header_name(): parsed header name [Max-Forwards] type 8
 1(8) DEBUG: <core> [core/parser/parse_hname2.c:301]: parse_sip_header_name(): parsed header name [Route] type 9
 1(8) DEBUG: <core> [core/parser/parse_hname2.c:301]: parse_sip_header_name(): parsed header name [User-Agent] type 28
 1(8) DEBUG: <core> [core/parser/msg_parser.c:91]: get_hdr_field(): found end of header
 1(8) DEBUG: sanity [sanity.c:340]: check_required_headers(): check_required_headers passed
 1(8) DEBUG: sanity [sanity.c:506]: check_cseq_method(): check_cseq_method entered
 1(8) DEBUG: sanity [sanity.c:539]: check_cseq_method(): check_cseq_method passed
 1(8) DEBUG: sanity [sanity.c:548]: check_cseq_value(): check_cseq_value entered
 1(8) DEBUG: sanity [sanity.c:576]: check_cseq_value(): check_cseq_value passed
 1(8) DEBUG: sanity [sanity.c:585]: check_cl(): check_cl entered
 1(8) WARNING: sanity [sanity.c:612]: check_cl(): content length header missing in request
 1(8) DEBUG: sanity [sanity.c:622]: check_expires_value(): check_expires_value entered
 1(8) DEBUG: sanity [sanity.c:659]: check_expires_value(): no expires header found
 1(8) DEBUG: sanity [sanity.c:758]: check_parse_uris(): check_parse_uris entered
 1(8) DEBUG: sanity [sanity.c:762]: check_parse_uris(): parsing ruri
 1(8) DEBUG: sanity [sanity.c:776]: check_parse_uris(): looking up From header
 1(8) DEBUG: <core> [core/parser/parse_addr_spec.c:185]: parse_to_param(): add param: tag=9E~MiIyno
 1(8) DEBUG: <core> [core/parser/parse_addr_spec.c:884]: parse_addr_spec(): end of header reached, state=29
 1(8) DEBUG: sanity [sanity.c:791]: check_parse_uris(): looking up To header
 1(8) DEBUG: sanity [sanity.c:838]: check_parse_uris(): check_parse_uris passed
 1(8) DEBUG: sanity [sanity_mod.c:254]: w_sanity_check(): sanity checks result: 1
 1(8) DEBUG: maxfwd [mf_funcs.c:74]: is_maxfwd_present(): value = 70 
 1(8) DEBUG: tm [t_lookup.c:1053]: t_check_msg(): msg (0x72ec244160a0) id=16/8 global id=15/8 T start=(nil)
 1(8) DEBUG: tm [t_lookup.c:497]: t_lookup_request(): start searching: hash=158, isACK=0
 1(8) DEBUG: tm [t_lookup.c:455]: matching_3261(): RFC3261 transaction matching failed - via branch [z9hG4bK.FRyS33kkL]
 1(8) DEBUG: tm [t_lookup.c:675]: t_lookup_request(): no transaction found
 1(8) DEBUG: tm [t_lookup.c:1122]: t_check_msg(): msg (0x72ec244160a0) id=16/8 global id=16/8 T end=(nil)
 1(8) DEBUG: <core> [core/socket_info.c:702]: grep_sock_info(): checking if host==us: 11==11 && [10.100.0.10] == [10.100.0.10]
 1(8) DEBUG: <core> [core/socket_info.c:709]: grep_sock_info(): checking if port 5060 (advertise 0) matches port 5060
 1(8) DEBUG: <core> [core/forward.c:429]: check_self(): host (0:10.100.0.10:5060) == me
 1(8) DEBUG: rr [loose.c:1102]: redo_route_params(): Topmost route URI: 'sip:10.100.0.10;lr=on;ftag=9E~MiIyno' is me
 1(8) DEBUG: rr [record.c:479]: record_route(): inserted record route (r2: 1 - plen: 0)
 1(8) DEBUG: siputils [checks.c:123]: has_totag(): totag found
 1(8) DEBUG: rr [loose.c:85]: is_preloaded(): is_preloaded: No
 1(8) DEBUG: <core> [core/socket_info.c:702]: grep_sock_info(): checking if host==us: 10==11 && [10.100.0.2] == [10.100.0.10]
 1(8) DEBUG: <core> [core/socket_info.c:709]: grep_sock_info(): checking if port 5060 (advertise 0) matches port 64767
 1(8) DEBUG: <core> [core/socket_info.c:702]: grep_sock_info(): checking if host==us: 10==7 && [10.100.0.2] == [0.0.0.0]
 1(8) DEBUG: <core> [core/socket_info.c:709]: grep_sock_info(): checking if port 5060 (advertise 0) matches port 64767
 1(8) DEBUG: <core> [core/name_alias.h:62]: grep_aliases(): matching (0:10.100.0.2:64767) vs. (1:e7fab9f716f5:5060)
 1(8) DEBUG: <core> [core/name_alias.h:62]: grep_aliases(): matching (0:10.100.0.2:64767) vs. (0:kamailio:0)
 1(8) DEBUG: <core> [core/forward.c:431]: check_self(): host (0:10.100.0.2:64767) != me
 1(8) DEBUG: <core> [core/socket_info.c:702]: grep_sock_info(): checking if host==us: 11==11 && [10.100.0.10] == [10.100.0.10]
 1(8) DEBUG: <core> [core/socket_info.c:709]: grep_sock_info(): checking if port 5060 (advertise 0) matches port 5060
 1(8) DEBUG: <core> [core/forward.c:429]: check_self(): host (0:10.100.0.10:5060) == me
 1(8) DEBUG: rr [loose.c:855]: after_loose(): Topmost route URI: 'sip:10.100.0.10;lr=on;ftag=9E~MiIyno' is me
 1(8) DEBUG: <core> [core/parser/msg_parser.c:91]: get_hdr_field(): found end of header
 1(8) DEBUG: rr [loose.c:181]: find_next_route(): No next Route HF found
 1(8) DEBUG: rr [loose.c:886]: after_loose(): No next URI found
 1(8) DEBUG: rtpengine [rtpengine.c:1861]: build_rtpp_socks(): same rtpengines list version: 1 (1785186633)
 1(8) DEBUG: rtpengine [rtpengine.c:3309]: select_rtpp_node_old(): rtpengine hash table lookup find node=udp:10.100.0.11:22222 for calllen=10 callid=UjIM8DO~-c viabranch=
 1(8) DEBUG: rtpengine [rtpengine.c:2720]: rtpp_function_call(): proxy reply: d7:createdi1785187654e10:created_usi994161e11:last signali1785187656e4:SSRCd10:3299108655d11:average MOSd3:MOSi43e15:round-trip timei61898e19:round-trip time legi61793e6:jitteri19e11:packet lossi0e7:samplesi11ee10:lowest MOSd3:MOSi43e15:round-trip timei57684e19:round-trip time legi57684e6:jitteri22e11:packet lossi0e11:reported ati1785187659ee11:highest MOSd3:MOSi43e15:round-trip timei57684e19:round-trip time legi57684e6:jitteri22e11:packet lossi0e11:reported ati1785187659ee15:MOS progressiond8:intervali1e7:entriesld3:MOSi43e15:round-trip timei57684e19:round-trip time legi57684e6:jitteri22e11:packet lossi0e11:reported ati1785187659eed3:MOSi43e15:round-trip timei31405e19:round-trip time legi31305e6:jitteri26e11:packet lossi0e11:reported ati1785187661eed3:MOSi43e15:round-trip timei45238e19:round-trip time legi45149e6:jitteri26e11:packet lossi0e11:reported ati1785187662eed3:MOSi43e15:round-trip timei80131e19:round-trip time legi80023e6:jitteri17e11:packet lossi0e11:reported ati1785187664eed3:MOSi43e15:round-trip timei95601e19:round-trip time legi95493e6:jitteri22e11:packet lossi0e11:reported ati1785187665eed3:MOSi43e15:round-trip timei47096e19:round-trip time legi46919e6:jitteri14e11:packet lossi0e11:reported ati1785187668eed3:MOSi43e15:round-trip timei64735e19:round-trip time legi64648e6:jitteri16e11:packet lossi0e11:reported ati1785187669eed3:MOSi43e15:round-trip timei47851e19:round-trip time legi47741e6:jitteri15e11:packet lossi0e11:reported ati1785187671eed3:MOSi43e15:round-trip timei65852e19:round-trip time legi65742e6:jitteri14e11:packet lossi0e11:reported ati1785187672eed3:MOSi43e15:round-trip timei67036e19:round-trip time legi66913e6:jitteri16e11:packet lossi0e11:reported ati1785187674eed3:MOSi43e15:round-trip timei78249e19:round-trip time legi78114e6:jitteri24e11:packet lossi0e11:reported ati1785187677eeeee9:816324636d11:average MOSd3:MOSi43e15:round-trip timei70180e19:round-trip time legi70063e6:jitteri15e11:packet lossi0e7:samplesi10ee10:lowest MOSd3:MOSi43e15:round-trip timei60488e19:round-trip time legi60488e6:jitteri19e11:packet lossi0e11:reported ati1785187660ee11:highest MOSd3:MOSi43e15:round-trip timei60488e19:round-trip time legi60488e6:jitteri19e11:packet lossi0e11:reported ati1785187660ee15:MOS progressiond8:intervali1e7:entriesld3:MOSi43e15:round-trip timei60488e19:round-trip time legi60488e6:jitteri19e11:packet lossi0e11:reported ati1785187660eed3:MOSi43e15:round-trip timei93760e19:round-trip time legi93671e6:jitteri17e11:packet lossi0e11:reported ati1785187663eed3:MOSi43e15:round-trip timei64394e19:round-trip time legi64258e6:jitteri17e11:packet lossi0e11:reported ati1785187665eed3:MOSi43e15:round-trip timei49340e19:round-trip time legi49204e6:jitteri15e11:packet lossi0e11:reported ati1785187666eed3:MOSi43e15:round-trip timei39650e19:round-trip time legi39514e6:jitteri12e11:packet lossi0e11:reported ati1785187668eed3:MOSi43e15:round-trip timei82471e19:round-trip time legi82341e6:jitteri16e11:packet lossi0e11:reported ati1785187669eed3:MOSi43e15:round-trip timei53133e19:round-trip time legi53003e6:jitteri16e11:packet lossi0e11:reported ati1785187670eed3:MOSi43e15:round-trip timei71335e19:round-trip time legi71217e6:jitteri15e11:packet lossi0e11:reported ati1785187673eed3:MOSi43e15:round-trip timei81885e19:round-trip time legi81740e6:jitteri15e11:packet lossi0e11:reported ati1785187675eed3:MOSi43e15:round-trip timei105347e19:round-trip time legi105202e6:jitteri13e11:packet lossi0e11:reported ati1785187677eeeeee4:tagsd9:9E~MiIynod3:tag9:9E~MiIyno7:createdi1785187654e16:in dialogue with7:mgzaxOi6:mediasld5:indexi1e4:type5:audio8:protocol7:RTP/AVP7:streamsld10:local porti30092e13:local address11:10.100.0.116:family4:IPv48:endpointd6:family4:IPv47:address10:10.100.0.24:porti7078ee19:advertised endpointd6:family4:IPv47:address9:10.45.0.34:porti7078ee11:last packeti1785187677e5:flagsl3:RTP6:filled9:confirmed10:kernelized17:no kernel supporte4:SSRCi816324636e5:statsd7:packetsi1061e5:bytesi50127e6:errorsi0eeed10:local porti30093e13:local address11:10.100.0.116:family4:IPv48:endpointd6:family4:IPv47:address10:10.100.0.24:porti7079ee19:advertised endpointd6:family4:IPv47:address9:10.45.0.34:porti7079ee11:last packeti1785187677e5:flagsl4:RTCP6:filled9:confirmed10:kernelized17:no kernel supporte4:SSRCi816324636e5:statsd7:packetsi22e5:bytesi2936e6:errorsi0eeee5:flagsl11:initialized4:send4:recveeee7:mgzaxOid3:tag7:mgzaxOi7:createdi1785187654e16:in dialogue with9:9E~MiIyno6:mediasld5:indexi1e4:type5:audio8:protocol7:RTP/AVP7:streamsld10:local porti30072e13:local address11:10.100.0.116:family4:IPv48:endpointd6:family4:IPv47:address10:10.100.0.24:porti7078ee19:advertised endpointd6:family4:IPv47:address9:10.45.0.24:porti7078ee11:last packeti1785187677e5:flagsl3:RTP6:filled9:confirmed10:kernelized17:no kernel supporte4:SSRCi3299108655e5:statsd7:packetsi1068e5:bytesi50473e6:errorsi0eeed10:local porti30073e13:local address11:10.100.0.116:family4:IPv48:endpointd6:family4:IPv47:address10:10.100.0.24:porti7079ee19:advertised endpointd6:family4:IPv47:address9:10.45.0.24:porti7079ee11:last packeti1785187677e5:flagsl4:RTCP6:filled9:confirmed10:kernelized17:no kernel supporte4:SSRCi3299108655e5:statsd7:packetsi18e5:bytesi2856e6:errorsi0eeee5:flagsl11:initialized4:send4:recv15:ICE controllingeeeee6:totalsd3:RTPd7:packetsi2129e5:bytesi100600e6:errorsi0ee4:RTCPd7:packetsi40e5:bytesi5792e6:errorsi0eee6:result2:oke
 1(8) DEBUG: rtpengine [rtpengine.c:2830]: rtpp_function_call(): rtpengine hash table remove entry for callen=10 callid=UjIM8DO~-c viabranch=
 1(8) DEBUG: tm [t_lookup.c:1346]: t_newtran(): msg (0x72ec244160a0) id=16/8 global id=16/8 T start=(nil)
 1(8) DEBUG: tm [t_lookup.c:497]: t_lookup_request(): start searching: hash=158, isACK=0
 1(8) DEBUG: tm [t_lookup.c:455]: matching_3261(): RFC3261 transaction matching failed - via branch [z9hG4bK.FRyS33kkL]
 1(8) DEBUG: tm [t_lookup.c:675]: t_lookup_request(): no transaction found
 1(8) DEBUG: <core> [core/crypto/md5utils.c:67]: MD5StringArray(): MD5 calculated: e22fcdbdefebe805af2ed5277430bdba
 1(8) DEBUG: <core> [core/forward.c:175]: get_out_socket(): socket determined: 0x72ec243cb078
 1(8) DEBUG: <core> [core/msg_translator.c:1799]: check_boundaries(): no multi-part body
 1(8) DEBUG: tm [t_funcs.c:373]: t_relay_to(): new transaction forwarded
 1(8) DEBUG: <core> [core/receive.c:528]: receive_msg(): request-route executed in: 6621 usec
 1(8) DEBUG: <core> [core/usr_avp.c:637]: destroy_avp_list(): destroying list (nil)
 1(8) DEBUG: <core> [core/usr_avp.c:637]: destroy_avp_list(): destroying list (nil)
 1(8) DEBUG: <core> [core/usr_avp.c:637]: destroy_avp_list(): destroying list (nil)
 1(8) DEBUG: <core> [core/usr_avp.c:637]: destroy_avp_list(): destroying list (nil)
 1(8) DEBUG: <core> [core/usr_avp.c:637]: destroy_avp_list(): destroying list (nil)
 1(8) DEBUG: <core> [core/usr_avp.c:637]: destroy_avp_list(): destroying list (nil)
 1(8) DEBUG: <core> [core/xavp.c:541]: xavp_destroy_list(): destroying xavp list (nil)
 1(8) DEBUG: <core> [core/xavp.c:541]: xavp_destroy_list(): destroying xavp list (nil)
 1(8) DEBUG: <core> [core/xavp.c:541]: xavp_destroy_list(): destroying xavp list (nil)
 1(8) DEBUG: <core> [core/receive.c:628]: receive_msg(): cleaning up
 3(10) DEBUG: <core> [core/udp_server.c:494]: udp_rcv_loop(): received on udp socket: (112/100/427) [[SIP/2.0 200 Ok 0D  0A Via: SIP/2.0/UDP 10.100.0.10;branch=z9hG4bKe9.e22fcdbdefebe805af2ed5277430bdba.0 0D  0A Vi]]
 3(10) DEBUG: <core> [core/parser/parse_fline.c:249]: parse_first_line(): first line type 2 (reply(status)) flags 1
 3(10) DEBUG: <core> [core/parser/msg_parser.c:689]: parse_msg(): SIP Reply  (status):
 3(10) DEBUG: <core> [core/parser/msg_parser.c:690]: parse_msg():  version: <SIP/2.0>
 3(10) DEBUG: <core> [core/parser/msg_parser.c:692]: parse_msg():  status:  <200>
 3(10) DEBUG: <core> [core/parser/msg_parser.c:694]: parse_msg():  reason:  <Ok>
 3(10) DEBUG: <core> [core/parser/parse_hname2.c:301]: parse_sip_header_name(): parsed header name [Via] type 1
 3(10) DEBUG: <core> [core/parser/parse_via.c:1300]: parse_via_param(): Found param type 232, <branch> = <z9hG4bKe9.e22fcdbdefebe805af2ed5277430bdba.0>; state=16
 3(10) DEBUG: <core> [core/parser/parse_via.c:2639]: parse_via(): end of header reached, state=5
 3(10) DEBUG: <core> [core/parser/msg_parser.c:555]: parse_headers(): Via found, flags=2
 3(10) DEBUG: <core> [core/parser/msg_parser.c:557]: parse_headers(): this is the first via
 3(10) DEBUG: <core> [core/parser/parse_hname2.c:301]: parse_sip_header_name(): parsed header name [Via] type 1
 3(10) DEBUG: <core> [core/parser/parse_via.c:1300]: parse_via_param(): Found param type 234, <received> = <10.100.0.2>; state=6
 3(10) DEBUG: <core> [core/parser/parse_via.c:1300]: parse_via_param(): Found param type 232, <branch> = <z9hG4bK.FRyS33kkL>; state=6
 3(10) DEBUG: <core> [core/parser/parse_via.c:1300]: parse_via_param(): Found param type 235, <rport> = <5080>; state=16
 3(10) DEBUG: <core> [core/parser/parse_via.c:2639]: parse_via(): end of header reached, state=5
 3(10) DEBUG: <core> [core/parser/msg_parser.c:555]: parse_headers(): Via found, flags=78
 3(10) DEBUG: <core> [core/parser/msg_parser.c:568]: parse_headers(): this is the second via
 3(10) DEBUG: <core> [core/parser/parse_hname2.c:301]: parse_sip_header_name(): parsed header name [From] type 4
 3(10) DEBUG: <core> [core/parser/parse_hname2.c:301]: parse_sip_header_name(): parsed header name [To] type 3
 3(10) DEBUG: <core> [core/parser/parse_addr_spec.c:185]: parse_to_param(): add param: tag=mgzaxOi
 3(10) DEBUG: <core> [core/parser/parse_addr_spec.c:884]: parse_addr_spec(): end of header reached, state=29
 3(10) DEBUG: <core> [core/parser/msg_parser.c:172]: get_hdr_field(): <To> [35]; uri=[sip:ue1@10.100.0.10]
 3(10) DEBUG: <core> [core/parser/msg_parser.c:174]: get_hdr_field(): to body (21)[<sip:ue1@10.100.0.10>], to tag (7)[mgzaxOi]
 3(10) DEBUG: <core> [core/parser/parse_hname2.c:301]: parse_sip_header_name(): parsed header name [Call-ID] type 6
 3(10) DEBUG: <core> [core/parser/parse_hname2.c:301]: parse_sip_header_name(): parsed header name [CSeq] type 5
 3(10) DEBUG: <core> [core/parser/msg_parser.c:152]: get_hdr_field(): cseq <CSeq>: <21> <BYE>
 3(10) DEBUG: <core> [core/receive.c:389]: receive_msg(): --- received sip message - reply - call-id: [UjIM8DO~-c] - cseq: [21 BYE]
 3(10) DEBUG: <core> [core/receive.c:261]: ksr_evrt_pre_routing(): event route core:pre-routing not defined
 3(10) DEBUG: <core> [core/parser/parse_hname2.c:301]: parse_sip_header_name(): parsed header name [User-Agent] type 28
 3(10) DEBUG: <core> [core/parser/parse_hname2.c:301]: parse_sip_header_name(): parsed header name [Supported] type 17
 3(10) DEBUG: <core> [core/parser/parse_hname2.c:301]: parse_sip_header_name(): parsed header name [Record-route] type 10
 3(10) DEBUG: <core> [core/parser/msg_parser.c:91]: get_hdr_field(): found end of header
 3(10) DEBUG: tm [t_lookup.c:1053]: t_check_msg(): msg (0x72ec244160a0) id=17/10 global id=16/10 T start=(nil)
 3(10) DEBUG: tm [t_lookup.c:912]: t_reply_matching(): t_reply_matching: hash 158 label 0 branch 0
 3(10) DEBUG: tm [t_lookup.c:986]: t_reply_matching(): reply (0x72ec244160a0) matched an active transaction (T=0x72ec200ee2f0)!
 3(10) DEBUG: tm [t_lookup.c:1122]: t_check_msg(): msg (0x72ec244160a0) id=17/10 global id=17/10 T end=0x72ec200ee2f0
 3(10) DEBUG: tm [t_reply.c:2363]: reply_received(): transaction found - T:0x72ec200ee2f0 branch:0
 3(10) DEBUG: tm [t_reply.c:2376]: reply_received(): original status uas=0, uac[0]=0 local=0 is_invite=0)
 3(10) DEBUG: tm [t_reply.c:1363]: t_should_relay_response(): ->>>>>>>>> T_code=0, new_code=200
 3(10) DEBUG: tm [t_reply.c:1610]: t_should_relay_response(): rps completed - uas status: 0
 3(10) DEBUG: tm [t_reply.c:1924]: relay_reply(): reply status=4 branch=0, save=0, relay=0 icode=0 msg status=200
 3(10) DEBUG: <core> [core/msg_translator.c:2340]: generate_res_buf_from_sip_res(): old size: 427, new size: 345
 3(10) DEBUG: <core> [core/msg_translator.c:2357]: generate_res_buf_from_sip_res(): copied size: orig:98, new: 16, rest: 329 msg=
SIP/2.0 200 Ok
Via: SIP/2.0/UDP 10.45.0.3:5080;received=10.100.0.2;branch=z9hG4bK.FRyS33kkL;rport=5080
From: <sip:ue2@10.100.0.10>;tag=9E~MiIyno
To: <sip:ue1@10.100.0.10>;tag=mgzaxOi
Call-ID: UjIM8DO~-c
CSeq: 21 BYE
User-Agent: Linphonec/4.4.21
Supported: replaces, outbound, gruu
Record-route: <sip:10.100.0.10;lr=on;ftag=9E~MiIyno>


 3(10) DEBUG: tm [t_reply.c:2126]: relay_reply(): reply buffer sent out
 3(10) DEBUG: tm [t_funcs.c:120]: put_on_wait(): put T [0x72ec200ee2f0] on wait
 3(10) DEBUG: tm [t_reply.c:1763]: cleanup_uac_timers(): RETR/FR timers reset
 3(10) DEBUG: <core> [core/receive.c:617]: receive_msg(): reply-route executed in: 691 usec
 3(10) DEBUG: <core> [core/usr_avp.c:637]: destroy_avp_list(): destroying list (nil)
 3(10) DEBUG: <core> [core/usr_avp.c:637]: destroy_avp_list(): destroying list (nil)
 3(10) DEBUG: <core> [core/usr_avp.c:637]: destroy_avp_list(): destroying list (nil)
 3(10) DEBUG: <core> [core/usr_avp.c:637]: destroy_avp_list(): destroying list (nil)
 3(10) DEBUG: <core> [core/usr_avp.c:637]: destroy_avp_list(): destroying list (nil)
 3(10) DEBUG: <core> [core/usr_avp.c:637]: destroy_avp_list(): destroying list (nil)
 3(10) DEBUG: <core> [core/xavp.c:541]: xavp_destroy_list(): destroying xavp list (nil)
 3(10) DEBUG: <core> [core/xavp.c:541]: xavp_destroy_list(): destroying xavp list (nil)
 3(10) DEBUG: <core> [core/xavp.c:541]: xavp_destroy_list(): destroying xavp list (nil)
 3(10) DEBUG: <core> [core/receive.c:628]: receive_msg(): cleaning up
